# EventNumber	SB0_Raw_ADC_Value	Timestamp
1	1717	46970808
22	1733	52378323
27	1711	53588030
28	1742	53637628
36	1687	56687702
41	1756	58704848
50	1717	63845675
60	1704	65816955
74	1663	69646901
88	1714	73646514
95	1720	75753384
101	1712	77477341
102	1311	77535316
107	1666	78430123
114	1736	82293169
115	1663	82385565
120	1691	83446923
130	1714	85034515
133	1698	86006700
135	1514	86558931
141	1760	88206254
150	1765	90190747
154	1728	90917250
162	1709	93630817
171	1707	96092726
172	1741	96337196
174	1729	97117371
188	1751	102559514
211	1633	109857856
223	1244	112290394
230	1709	115264132
231	1679	115333309
232	1711	116017761
234	1686	116459204
245	1676	121848074
251	1689	124257672
281	1711	134302093
289	1675	136525394
305	1744	144989286
307	969	145049212
314	1725	147518354
318	1771	148306167
320	1721	148692532
326	1640	150635969
328	1710	152594148
335	1726	154254118
345	1715	157618418
348	1643	157926521
352	1707	158595194
365	1690	164360616
368	1696	165619690
370	1735	166092720
375	1695	166924420
385	953	169301075
386	1685	169381482
391	1699	172562270
414	1722	178240355
433	1696	184600081
434	1749	184986389
439	1698	187664050
445	1695	189373801
449	1721	190960512
453	1711	191323900
456	1244	192357495
474	1670	196902759
477	1720	198092114
483	1714	199342648
486	1698	200378004
492	1706	201578652
504	1726	207282205
534	1699	215348142
535	1683	215377599
536	1682	215625779
537	1683	215633710
541	1732	216647497
546	1714	217933049
551	1718	219130192
558	1689	220713697
569	1765	226440727
571	1707	226769440
573	1740	227710015
578	1750	228711667
584	1729	232042181
613	1700	242778055
618	1711	246713299
627	1152	247952845
634	1726	249228453
636	1744	249536042
637	1741	250468733
639	1724	251272793
640	1797	251557726
649	1686	254317949
676	1751	261577069
692	1697	267767916
716	1659	274180999
720	1683	276098403
728	1759	277889644
735	1767	280731251
741	1715	282160975
742	1702	282618495
743	660	282649400
746	1665	283968223
760	1735	288763626
765	1760	289932224
781	1717	295065586
785	1719	295926013
800	1724	300370389
813	1669	302781846
816	1705	303987428
821	1700	307744543
825	1676	309311992
837	1689	312275629
838	1757	312406510
841	1746	313059710
855	1718	315716427
865	1750	318187620
872	1753	321649629
873	1699	321752837
881	1673	323993176
889	1695	328490043
896	1724	329955170
897	1765	330049370
912	1738	334183399
920	1662	335974099
930	1731	337773509
934	1704	339124897
948	1700	344105243
958	1646	348390250
960	1734	348726613
966	1650	349613221
968	1713	349812773
984	1729	352778624
988	1722	353077934
989	1088	353090542
991	1714	353486718
993	1714	353710786
998	1750	355493261
1010	1698	358797898
1022	1750	361635664
1025	1664	362624703
1030	1703	364261778
1035	1665	364720089
1046	1585	371210183
1047	1680	371279456
1051	1707	372795167
1069	1648	377652781
1070	1690	377679969
1072	1684	378041570
1079	1691	379765712
1088	1749	382255125
1093	1713	383512151
1102	1730	386024937
1122	1744	394234989
1124	1711	394510953
1128	1704	395563213
1133	1704	396169421
1139	1712	396680303
1140	1719	396853727
1152	1691	400117428
1153	1687	400474576
1165	1685	402559933
1167	1747	403460183
1168	1690	403780946
1173	1660	405346028
1181	1712	406421794
1185	1731	409076612
1194	1689	410691091
1199	1688	411564524
1200	1705	411716268
1207	1670	414213546
1208	1703	414489404
1236	727	420914983
1241	1686	423114769
1242	1743	423220047
1244	1739	423396945
1250	1684	424630431
1252	1708	425017299
1264	1688	427612638
1266	1683	430523265
1267	1675	430873455
1279	1740	433954707
1282	1755	436128142
1283	1700	436801177
1292	910	439649535
1309	1669	444552730
1322	1663	447810317
1326	1727	451090641
1334	1695	453759164
1335	1708	453814116
1338	1728	456100544
1348	1713	459083328
1366	1700	465294271
1371	1724	466314027
1374	1741	467125906
1376	1671	467289898
1382	1717	468221579
1391	1697	472581784
1407	1697	476234241
1412	1684	477185173
1418	1702	478861322
1426	1722	482422171
1428	1726	482731915
1435	1688	484448652
1437	1675	484877094
1443	1664	487353816
1451	1720	489797414
1472	1674	497303539
1483	1677	499694572
1486	1683	500110520
1491	1702	501128268
1492	1712	501706752
1511	1684	504858053
1516	1717	506944442
1521	1722	509393952
1530	1715	513399758
1532	1707	513746728
1533	1745	513974624
1540	1712	516795637
1543	1742	518062008
1546	1677	518742851
1548	1734	519548608
1564	1683	524026259
1572	1677	527638696
1581	1763	529395831
1587	1699	529832160
1588	1709	529863526
1599	1698	534574799
1605	1736	536565391
1616	1688	540147702
1625	1720	541788805
1628	1738	542291468
1629	1742	542464249
1646	1711	548981199
1652	1723	549867551
1659	1713	553166873
1680	1674	559138646
1699	1668	566278464
1701	1757	566603027
1710	1725	569184854
1714	1110	570613736
1729	1705	577529546
1758	1777	587355791
1761	1707	587675841
1763	1730	588856412
1782	1714	595055329
1789	1738	597400839
1798	1699	600542386
1808	1734	602503191
1814	1735	604716300
1823	1745	607723538
1833	1730	609886361
1834	1767	609999032
1839	1650	612271937
1852	1745	618642117
1857	1701	619664851
1863	1737	621518770
1865	1766	621893689
1880	1698	625246494
1884	1754	625864029
1886	1758	626924237
1887	1762	626962122
1896	1689	629711696
1914	1750	636228661
1928	1707	638933239
1929	1748	639296752
1941	1720	643134767
1950	1727	644870169
1951	1700	645012810
1983	1685	656441516
1991	1713	659239945
2001	1737	664032189
2002	1739	664282106
2010	1725	667189018
2011	1680	667825956
2022	1771	670988179
2034	1710	673486205
2043	1744	676960014
2047	1709	677375581
2053	1558	678814538
2064	1730	683222237
2066	1710	683907379
2067	1710	683944603
2075	1745	686444424
2079	1739	688663480
2093	1724	692618572
2095	1756	693866274
2108	1718	699911750
2112	1676	701609546
2115	1685	702692844
2117	1733	702955038
2120	1699	705146690
2143	1702	714381913
2144	1707	716651987
2164	1756	722720556
2174	1686	724434763
2179	1735	725369024
2180	1738	725625396
2181	1720	725911121
2188	1650	727341356
2210	1749	732887789
2228	1091	739336123
2233	1698	740318351
2259	1345	748363697
2270	1737	753616753
2277	1646	757760652
2282	1755	758870148
2296	1678	763505477
2300	1740	764599815
2316	1745	769363157
2317	1716	769584701
2322	1569	771489522
2340	1150	778320649
2341	1740	778418900
2355	1753	781997511
2367	1708	785880735
2374	1680	789681606
2379	1692	790357377
2381	1706	790847818
2392	1695	792947838
2395	1758	793295367
2400	1737	794429408
2408	1668	799843957
2414	1697	801839052
2420	829	803276709
2422	1679	803686545
2446	1709	811036368
2448	1713	811380687
2462	1680	814754891
2463	1675	815522653
2468	1749	818216665
2470	1678	818436121
2471	1052	818518505
2473	1716	819423359
2474	1689	819612690
2478	1730	820489758
2482	1691	822630928
2490	1747	824623808
2518	1672	832304691
2519	1729	832346448
2522	1778	832680908
2529	1714	834748744
2531	1691	835091267
2534	1738	836355883
2537	1718	838716086
2549	1726	840969458
2555	1733	842692562
2559	1711	844728131
2560	1691	845267028
2572	1690	850493270
2576	1714	851067586
2583	1745	853012793
2585	1699	853772318
2588	1721	854959548
2611	1755	865651066
2613	1672	866453952
2615	1763	866488615
2626	1770	870694207
2631	1688	872631343
2636	1729	873461977
2646	1753	876132081
2647	1724	876274689
2648	1688	876331506
2653	1730	879349207
2655	1708	880016983
2659	1729	881397682
2674	1689	886681426
2720	1755	907408303
2730	1728	911285364
2737	1745	913284441
2741	1698	914064866
2742	1731	914240080
2751	1726	916067714
2757	1705	918106790
2772	1670	924005935
2775	1736	924845522
2776	1764	925060610
2782	1685	926686391
2786	1709	927525342
2790	1725	928523842
2795	1708	929893871
2826	1715	942427752
2845	1711	948378568
2865	1405	954321537
2882	1678	957408183
2889	1754	960736104
2893	1671	962141781
2898	1718	963543818
2903	1758	964943713
2907	1684	965869107
2914	1704	968054545
2917	1673	969290541
2924	1684	970693367
2931	1719	972766702
2933	1755	973489214
2937	1670	974881773
2940	1719	977159734
2947	1739	978836548
2949	1739	978971797
2957	1711	982923523
2964	1760	984215115
2970	1733	986797567
2976	1642	988868169
2982	1707	990856161
2992	1725	992895191
2997	1713	994785236
2999	1696	995279343
3034	1685	1006559859
3037	1719	1008007948
3040	1670	1008763148
3042	1692	1009320956
3046	1687	1009772267
3067	1718	1015798829
3070	1735	1017033085
3078	872	1019015048
3085	1723	1021264839
3086	1709	1023225539
3091	1440	1025074088
3094	1725	1025244484
3102	1668	1027118375
3114	1698	1031114093
3117	1706	1032512626
3128	1106	1035042768
3134	1709	1035918909
3144	1717	1039162204
3146	1729	1039255874
3153	1760	1043496808
3169	1772	1046926485
3173	1744	1047220691
3181	1684	1050107320
3189	1706	1057558332
3202	1726	1060254261
3253	1743	1076285143
3255	1718	1076851535
3259	1673	1077837037
3265	1721	1079217992
3279	1739	1085278889
3280	1738	1085432504
3281	1707	1085651653
3286	1746	1087782888
3303	1713	1092867926
3311	1685	1096527493
3328	1749	1104306436
3348	1755	1108192497
3357	1718	1112335284
3358	1702	1112686965
3359	1754	1112901261
3361	1707	1113704364
3362	1793	1114165629
3363	1716	1114172210
3382	1728	1118103653
3402	1718	1123968336
3410	1694	1126918600
3420	1701	1128891383
3421	1722	1130382824
3438	1701	1135225726
3445	1749	1136785776
3449	1704	1138557991
3467	1724	1144869555
3486	1535	1150812884
3491	1699	1152618396
3492	1736	1152886801
3499	1637	1155661748
3507	1701	1156853434
3511	1668	1158758991
3512	1719	1158928344
3516	1714	1159144898
3518	1695	1159883795
3530	1031	1165882912
3540	1743	1168580873
3541	1697	1168585535
3545	1692	1170000128
3547	1716	1170704138
3548	1686	1171794950
3562	1750	1174271146
3563	1745	1174544646
3577	1704	1179585857
3578	1713	1179724511
3585	1676	1180543345
3587	1679	1180930991
3596	1691	1182317824
3607	1737	1186995576
3611	1746	1188011103
3613	1719	1188754435
3632	1689	1194721437
3642	1706	1198994888
3646	1665	1199661851
3649	1733	1200904122
3651	1719	1201933598
3662	1709	1206548431
3671	743	1209850413
3673	1663	1210140710
3687	1645	1213894248
3693	1682	1216487556
3702	1755	1220634474
3706	1733	1221665551
3709	1705	1222889396
3727	1725	1230569537
3728	1712	1230580717
3731	1676	1231059170
3742	1685	1234373895
3743	1713	1234404060
3744	1704	1234715076
3756	1679	1238768607
3767	1716	1241076215
3768	1729	1241098328
3770	1670	1241658131
3777	1732	1243356731
3782	1687	1246311789
3790	1724	1248405320
3792	1742	1248624694
3809	1683	1254279518
3810	1720	1254715501
3821	1681	1258967592
3829	1697	1261194639
3838	1758	1266895658
3840	1705	1267374849
3848	1767	1269249072
3853	1662	1271002022
3857	1770	1272052634
3861	1723	1274246230
3863	1702	1274597180
3864	1755	1274615994
3886	1727	1281450166
3887	1716	1282128075
3890	1707	1282339668
3892	1742	1282546071
3894	1702	1283443786
3898	1730	1284970882
3904	1714	1289004548
3916	1715	1292771536
3926	1669	1294038867
3929	1761	1295448285
3931	1701	1295709612
3935	1694	1296428177
3937	1755	1297566782
3939	850	1298336455
3943	1754	1299078685
3951	1678	1300936055
3956	1702	1303322419
3960	1720	1304405271
3966	1677	1307663277
3970	1777	1308293719
3974	1683	1309131517
3985	1737	1313916304
3988	1741	1314294626
3990	1763	1314765256
3994	1739	1315467934
3996	1766	1316125027
4003	1695	1317455195
4005	1700	1317926540
4012	1740	1321601897
4034	1699	1330479747
4039	1725	1332170373
4040	1678	1332964939
4048	1668	1335344564
4053	1695	1336920279
4058	1658	1337789350
4078	1743	1342490057
4082	1716	1343242111
4087	1683	1345146349
4090	1703	1345376157
4115	1679	1353092670
4116	1680	1353146994
4128	1716	1355990035
4134	1675	1356652806
4137	1676	1356953460
4138	1733	1357099897
4145	1719	1358045169
4151	1669	1360088581
4152	1679	1360670031
4168	1748	1363695865
4172	1717	1364489667
4175	1708	1365139245
4181	1690	1366273370
4199	1691	1370782818
4208	1701	1373173434
4233	1754	1378343760
4236	1673	1378726402
4241	1733	1381320707
4244	1723	1382609421
4258	1747	1386848029
4261	1711	1390050607
4293	1740	1399176575
4295	1701	1399627846
4308	1696	1402216343
4313	1745	1403730880
4319	1719	1405224241
4322	1671	1405976608
4351	1661	1418222238
4372	1738	1424933090
4375	1360	1425596152
4382	1756	1427577331
4383	1690	1427870954
4386	877	1430030988
4387	982	1430073574
4389	1282	1431794616
4391	1707	1432717456
4399	1778	1433741285
4410	1673	1437141385
4421	1698	1440640934
4423	1694	1441095933
4426	1683	1441907031
4434	1712	1442968793
4436	1718	1443565988
4452	1551	1447638506
4460	1770	1451946545
4463	1529	1453192838
4464	1706	1453298822
4465	1710	1453607163
4470	1699	1454164291
4473	1685	1455553222
4482	1691	1458088530
4489	1741	1459775250
4494	1708	1461487012
4504	1653	1465959870
4508	1668	1466505023
4509	1668	1466646616
4516	1753	1470698346
4556	1749	1483462421
4560	1676	1484726929
4567	1730	1486247034
4568	1715	1486416607
4577	1692	1491767991
4578	1652	1491832385
4585	1730	1495033808
4588	1722	1495692381
4603	1679	1500781079
4611	1704	1503177353
4614	1738	1505039713
4626	1757	1508677930
4628	1693	1511370547
4631	1715	1513138603
4633	1727	1513823337
4639	1773	1515226037
4640	1734	1515609617
4649	1761	1519628937
4650	1753	1520036493
4652	1677	1520855618
4653	1682	1521490838
4656	1727	1522056414
4681	1774	1527773760
4684	1672	1528559881
4687	1635	1529473863
4689	1687	1532004461
4691	1720	1532861730
4693	1696	1534015365
4704	1735	1538006337
4709	1719	1539062713
4717	1538	1541499433
4721	1758	1543523735
4726	1704	1545864742
4727	1387	1546142744
4730	1657	1547491045
4736	1737	1548413661
4740	1748	1549176382
4744	1746	1552195661
4750	1712	1553742612
4755	1757	1554868218
4759	1739	1555926973
4762	1657	1556541097
4764	1702	1557498498
4770	1688	1559863531
4776	1698	1562297505
4782	1752	1564135983
4784	1716	1564796876
4785	1691	1565122508
4788	1744	1566616078
4794	1696	1567804449
4798	1708	1568856388
4802	1698	1572134742
4808	1703	1573383213
4809	1692	1573916456
4811	1726	1574330015
4816	1697	1576558371
4818	1661	1579482463
4823	1738	1582563646
4834	1752	1587007949
4855	1702	1594054356
4858	1674	1594415122
4864	1717	1596330494
4866	1699	1597202967
4876	1740	1598694442
4881	1699	1599491331
4895	1723	1602547701
4898	1759	1603673939
4903	1747	1606183213
4911	1696	1608199945
4931	1751	1611986174
4936	1699	1614865297
4938	1714	1615244122
4939	1725	1615529858
4941	1740	1616140496
4942	1695	1616443994
4943	1747	1617214299
4948	1694	1618520384
4967	1704	1625413562
4973	1701	1627796414
4980	1705	1631517950
4985	1728	1635867840
4989	1686	1636369503
4992	1677	1636881020
5002	1732	1639923390
5029	1721	1646551296
5030	1716	1646969018
5034	1775	1648326628
5043	1788	1651081226
5049	1700	1655568116
5068	1715	1661567360
5069	1694	1661656013
5074	1736	1662733808
5088	1697	1666958192
5090	1672	1667591480
5092	1708	1667827227
5125	1721	1678142231
5126	1696	1678366618
5131	1691	1680405253
5141	1738	1681585102
5148	1674	1682802062
5150	1695	1683538628
5153	1704	1684764650
5158	1722	1685494800
5168	1722	1687773278
5169	1695	1687802350
5170	1668	1687851714
5171	1681	1687960192
5183	1692	1690891274
5184	1729	1691123605
5186	1724	1691309238
5195	1681	1692846293
5216	1702	1699217807
5239	1740	1704027639
5241	1728	1705450029
5242	1745	1705467388
5244	1705	1706479716
5251	1728	1708257515
5257	1646	1710227698
5260	1652	1711430052
5266	1712	1713083913
5272	1703	1716643718
5274	1689	1718278930
5277	1454	1719836210
5283	1682	1720884263
5287	1694	1722274731
5294	1730	1723197945
5312	1683	1727868452
5327	1737	1733818181
5328	1727	1735915885
5341	1703	1739641478
5351	1741	1743963499
5355	1757	1744638066
5358	1676	1745166095
5361	1690	1746455537
5363	1747	1746595523
5370	1708	1747215183
5371	1659	1747373342
5377	1636	1749066604
5378	1677	1749295757
5404	1709	1755460172
5413	1724	1758256883
5415	1724	1758791387
5423	1690	1762888930
5428	1772	1763906963
5435	1699	1765950226
5468	1687	1778603847
5469	1679	1779554991
5474	1681	1781592266
5478	1728	1783131137
5482	1755	1783673334
5484	1732	1784567333
5495	1731	1787478659
5496	1666	1787571125
5506	1662	1789907943
5511	1695	1791014030
5526	1710	1793902850
5529	1700	1794748567
5531	1714	1795052323
5532	1700	1795087089
5536	1719	1797163123
5540	1740	1799190574
5544	1718	1800305433
5555	1739	1804953844
5567	1687	1807627783
5568	1715	1808097007
5575	1718	1809558161
5576	1696	1809590703
5591	1718	1814560832
5599	1680	1815872774
5607	1731	1820008075
5621	1800	1823524252
5623	1730	1824524313
5625	1738	1825125616
5626	1703	1825295113
5633	1665	1825960192
5634	597	1826141600
5641	1697	1828640881
5655	1748	1832850823
5657	1688	1833201484
5664	1714	1835844612
5665	1693	1835921025
5666	1717	1836131222
5671	1312	1839193944
5675	1641	1839936983
5682	1719	1843042652
5684	1690	1843756000
5685	1689	1843871004
5686	1678	1844033908
5692	1668	1845964773
5693	1695	1846087779
5702	1703	1847371003
5710	1746	1848507944
5712	1750	1849195757
5723	1676	1852317035
5725	1669	1853060050
5736	1664	1856820250
5745	1739	1860774812
5746	1727	1861576282
5749	1716	1861951096
5753	1717	1862585904
5763	1673	1864974575
5766	1718	1865550730
5770	1748	1866381173
5782	1719	1869310786
5789	1227	1871497468
5791	1693	1872201010
5797	1730	1874764665
5799	1666	1875149131
5800	1763	1875197619
5820	1696	1882193332
5824	1134	1882608179
5833	1697	1885250552
5837	1688	1886028168
5845	1659	1888673243
5847	1776	1891111941
5852	1719	1892561204
5853	1679	1893181603
5856	1692	1893976267
5863	1677	1895246361
5867	1692	1896966311
5871	1675	1897823100
5876	1753	1900889826
5898	1720	1909563644
5905	1735	1911218376
5912	1690	1913665256
5919	1062	1916300396
5923	1744	1917222152
5933	1683	1921479260
5952	1711	1925752466
5960	1005	1927679347
5963	1134	1928654376
5964	1726	1929275932
5974	1738	1931797409
5989	1728	1936277045
5992	1693	1936961175
6008	1731	1942422812
6012	1697	1943652620
6013	1710	1943658696
6017	1755	1944481575
6020	1749	1945489533
6021	1652	1945501813
6025	1696	1946175738
6026	1686	1946398966
6035	1719	1950706608
6045	1687	1952371694
6046	1740	1953015420
6050	1720	1954903196
6060	1714	1956637117
6063	1708	1956938270
6064	1685	1957277598
6066	1730	1957350874
6068	1677	1957473463
6069	1654	1957749172
6076	1670	1962255578
6078	1044	1962919929
6081	1758	1964076638
6087	1354	1965877826
6088	1691	1966194990
6093	1699	1967296460
6103	1735	1970691609
6113	1696	1973593239
6128	1688	1978871856
6131	1754	1979038179
6140	1687	1983514736
6150	1689	1985986803
6155	1693	1987004563
6166	674	1988852537
6167	1672	1989116753
6175	1741	1991366814
6180	1701	1992184257
6190	1759	1994553073
6197	1686	1996331832
6206	1736	2002408282
6226	1715	2012077802
6227	1678	2012581764
6232	1675	2013901773
6234	1681	2015440143
6238	1664	2016230099
6240	1778	2016748084
6245	1749	2017835962
6252	1714	2019227118
6254	1714	2019659379
6260	1760	2020557228
6262	1760	2024395119
6274	1740	2027399827
6281	1659	2028357745
6287	1691	2029578415
6294	1663	2030931897
6300	1740	2033404964
6303	1721	2034440224
6318	1776	2039127492
6320	1716	2040634196
6327	1707	2043390277
6335	1715	2045801113
6339	1722	2047148470
6347	1710	2048942429
6348	1695	2048993076
6350	1693	2050238823
6353	1720	2050640362
6365	1718	2055024770
6378	1699	2059510450
6382	1769	2060283818
6387	1690	2064107907
6396	1712	2065711490
6419	1690	2071742098
6436	1745	2078275929
6438	1721	2079624966
6458	1707	2088128058
6459	1686	2088396143
6470	1725	2090478585
6491	649	2098452454
6494	1710	2099262688
6496	1770	2099878229
6497	1714	2100036402
6500	1721	2100790776
6511	1771	2106043426
6513	1713	2107567925
6521	1741	2110298022
6525	1710	2111948788
6532	785	2113341383
6534	1768	2113966797
6539	1702	2115082630
6560	1730	2118922427
6564	1647	2119946888
6565	1693	2119962561
6569	1739	2120136437
6570	1718	2120393752
6587	1357	2125418902
6588	1673	2125677816
6590	1753	2126009736
6591	1728	2126040991
6605	1723	2129085319
6608	1636	2130207161
6611	1747	2130687055
6612	1733	2130973154
6616	1693	2131326567
6623	1740	2133040192
6625	1688	2133956294
6634	1691	2136685110
6636	1694	2137146370
6639	1704	2138090914
6644	1739	2138926078
6650	1723	2139577329
6651	1696	2139981257
6655	825	2140207204
6663	1729	2144625795
6666	1703	2147037517
6682	1733	2150651695
6695	1683	2154341806
6698	1759	2155629833
6705	1695	2157795035
6710	1748	2159639336
6729	1724	2164766432
6744	1710	2168271358
6746	1691	2168836284
6747	1687	2169002407
6754	1765	2170666573
6757	1683	2171088039
6764	1756	2173490279
6765	1746	2173690270
6769	1668	2174548573
6774	1654	2176196796
6776	1734	2176717526
6799	1669	2184595619
6801	1720	2185059553
6804	1702	2185936584
6814	1708	2189408267
6818	1711	2190746970
6825	1715	2192667993
6830	1709	2193682653
6835	1724	2195598181
6839	1700	2198067323
6863	1723	2208285737
6873	1712	2210502028
6875	1654	2210766913
6876	1774	2210809408
6899	1670	2218460946
6900	1767	2219029160
6904	1727	2219803840
6910	1722	2222799684
6917	1763	2227269492
6940	1720	2232191760
6948	1725	2233227257
6956	1692	2235694280
6957	1730	2236472584
6962	1690	2238978420
6965	1757	2239310721
6967	1664	2239353524
6974	1717	2241260822
6980	1726	2242817670
6992	1704	2247382061
6994	1704	2247513670
6995	1690	2247598821
6997	1661	2247984392
7007	1765	2249349711
7017	1721	2251965235
7034	1724	2258348897
7050	1764	2262738007
7056	1647	2266749918
7058	1702	2267012407
7065	1725	2268971066
7082	1735	2276356930
7105	1680	2282423336
7108	1787	2283098924
7110	1723	2284434743
7113	1756	2288415257
7114	1746	2288775215
7139	1747	2293396305
7141	1679	2294869317
7143	1739	2294914423
7149	1710	2296495667
7164	1724	2300835768
7167	1706	2302451537
7169	1676	2303038268
7173	1646	2304429859
7174	1678	2304501776
7180	1668	2306891563
7201	1674	2312851681
7204	1770	2314195220
7206	1697	2314439801
7210	1688	2316098177
7253	1728	2333090533
7254	1735	2333277486
7270	1738	2339767103
7278	1676	2341193286
7280	1717	2342213747
7282	1681	2342877334
7292	1743	2347902027
7295	1739	2348435306
7301	1758	2349433995
7306	1750	2350485751
7312	1692	2351346448
7316	1741	2352057970
7318	1698	2352817315
7321	1345	2353521803
7332	1657	2355790948
7343	1708	2360081812
7349	1715	2361393430
7360	1695	2363533267
7361	1686	2364063694
7371	1746	2366232521
7374	1688	2368516839
7380	1765	2370548805
7381	1668	2370673346
7395	1761	2375199201
7397	1722	2375859837
7406	1730	2379779692
7424	1698	2386049286
7433	1748	2390662029
7435	1719	2391147795
7452	1734	2396416683
7456	1705	2397867341
7457	1285	2399031633
7458	1718	2399114121
7468	1718	2401113894
7472	1684	2401855603
7475	1692	2402148519
7476	1259	2402522844
7485	1720	2405414634
7499	1761	2411648062
7509	1744	2417072632
7513	1719	2418195704
7529	1720	2424848735
7532	1696	2425127307
7538	1689	2426086662
7545	1740	2431209848
7557	1732	2433879435
7565	1736	2437622342
7571	1740	2439791745
7578	1722	2441686099
7582	1727	2442638466
7584	1698	2443094114
7594	1727	2444912057
7599	1725	2446361766
7603	1728	2447237902
7611	1763	2451156874
7621	1681	2455106040
7625	1714	2457266516
7635	1723	2459223530
7653	1701	2463689527
7658	1746	2465234907
7662	1671	2466423300
7673	1714	2469047409
7674	1792	2471095415
7679	1696	2471929939
7683	1704	2472847217
7684	1672	2473596679
7693	1734	2475590765
7695	1663	2475816990
7699	1727	2477567796
7701	1744	2478164707
7703	573	2479355582
7706	1676	2479920933
7724	1741	2484525684
7730	1709	2486506147
7735	1724	2487117997
7739	1715	2489487502
7749	1720	2493843706
7751	1718	2494125913
7754	1715	2494716462
7756	1663	2495780749
7765	1766	2498999990
7770	1695	2499965402
7790	1684	2506115826
7815	1711	2513900471
7839	1671	2523315923
7846	1686	2525249022
7851	1706	2526781615
7866	1747	2529718832
7867	559	2529856608
7868	1671	2530224524
7873	1741	2533252305
7877	1751	2534257739
7883	1695	2536459345
7894	1768	2539267113
7899	1682	2540878593
7916	1753	2546470943
7917	1695	2546532599
7920	1724	2546827388
7921	1709	2547191653
7922	888	2547465844
7931	1691	2551034171
7936	1667	2555100102
7939	1728	2555585866
7947	1748	2558205824
7957	1670	2562801003
7964	1719	2564969938
7980	1713	2572107152
7995	1732	2577834215
8005	1706	2579287500
8008	1642	2579509677
8012	1717	2580063559
8015	1685	2581311430
8049	1675	2594926070
8064	1731	2598564351
8070	1713	2602007687
8085	1756	2607932568
8092	1744	2609437628
8094	1704	2609490141
8098	1703	2612042543
8104	1670	2615392434
8109	1736	2616800501
8121	1733	2619113104
8122	1745	2619777278
8125	1725	2620438492
8126	1727	2620647224
8127	1707	2620693315
8144	1730	2625512455
8148	1745	2627106037
8156	1629	2628988579
8160	1740	2629802962
8161	1753	2630311191
8165	1666	2631240540
8172	1677	2635162722
8183	1723	2638943845
8191	1452	2640935368
8207	1741	2643974402
8210	1698	2645764362
8216	1708	2648566972
8221	1684	2649778504
8229	1653	2652721972
8230	1702	2652838857
8233	1743	2653701486
8234	1710	2655501826
8242	1683	2657169377
8256	1739	2660307654
8272	1737	2665639687
8280	1727	2668030883
8300	1719	2678930725
8312	1728	2681874341
8326	1684	2686228310
8327	1678	2686352063
8337	1726	2690981594
8343	1716	2693322867
8350	1720	2697243147
8351	1731	2697891688
8365	1709	2700632453
8369	1728	2701024802
8372	1696	2702069672
8375	1740	2702636182
8384	1692	2705141356
8392	1689	2707050586
8395	1774	2707625890
8397	1755	2707702902
8405	1705	2710051253
8409	1773	2710694920
8412	1689	2711327334
8420	1732	2714075041
8423	1760	2714737370
8434	1664	2720858472
8438	1726	2722313728
8440	1678	2722363369
8443	1252	2723165547
8444	1732	2724051263
8449	1732	2725968749
8455	1784	2727737641
8460	1194	2728709670
8462	1695	2729324300
8464	1792	2729639926
8468	1754	2730673426
8474	1784	2732312603
8491	1716	2739045786
8494	1673	2739571006
8501	1720	2742550640
8506	1686	2744327038
8529	1697	2750316710
8533	1699	2751069954
8536	1707	2752134417
8545	1250	2754486568
8550	1736	2755280181
8551	1320	2755808348
8557	1704	2761260151
8558	1733	2761622611
8570	1702	2765074298
8575	1689	2767379900
8590	1732	2770035693
8592	1665	2770601103
8595	1714	2771427797
8605	1725	2773658947
8607	1663	2773971279
8610	1742	2774900134
8614	750	2775339455
8624	1713	2779659798
8634	1717	2784801444
8645	1776	2786836292
8646	1683	2787037779
8652	1751	2788545446
8667	1676	2794440490
8680	1723	2800989362
8688	1687	2802765776
8695	1744	2803581524
8702	1691	2806622673
8708	1725	2810057753
8720	1724	2817770720
8721	1714	2818874825
8731	1698	2821341436
8733	1764	2821743953
8736	1758	2822919070
8738	1709	2823255767
8742	1716	2824737493
8748	1701	2826254862
8761	1721	2829098623
8767	1708	2831943996
8771	1726	2833181077
8782	1693	2835294164
8783	1701	2835328129
8790	1730	2840010952
8821	1669	2849578695
8822	1731	2849707861
8823	1731	2850233723
8826	1707	2851684362
8835	1675	2853333703
8838	1736	2853834102
8841	1761	2854391396
8843	1733	2854943589
8852	1683	2856621769
8853	1662	2858779780
8871	1701	2861949587
8879	1621	2863598204
8881	1754	2863868965
8888	1765	2865657790
8895	1701	2867457965
8903	1664	2872554462
8905	1743	2873003841
8912	1714	2876047488
8913	1667	2876787578
8921	1734	2881070727
8922	1711	2881187279
8923	1745	2881436380
8927	1687	2883712698
8930	1701	2884478419
8933	1132	2885423540
8934	1704	2885694125
8935	1734	2885749397
8938	1681	2886062333
8955	1705	2890382762
8975	1708	2896364684
8987	1712	2902889956
8993	1757	2903669564
8999	1696	2905699806
9000	1700	2906093478
9004	1679	2906999417
9026	1717	2912299348
9033	1656	2914324385
9035	1719	2915111118
9049	1741	2917712874
9062	1709	2923805447
9070	1664	2926002519
9073	1669	2926430759
9089	1724	2931241540
9097	1699	2934337714
9105	1738	2936763135
9108	1770	2937281992
9116	1325	2942138048
9142	1728	2952898109
9144	1742	2953452038
9148	1693	2954367239
9155	1728	2957443263
9162	1717	2958683407
9164	1717	2959326582
9169	1723	2962247011
9173	1701	2963708483
9175	1683	2964060457
9176	1748	2964483603
9193	1725	2968788086
9197	1705	2969522338
9198	1688	2969600139
9223	1707	2974746630
9231	1656	2976798003
9238	1684	2979380589
9243	1695	2983001591
9245	1754	2983513172
9247	1718	2984079600
9254	1705	2985122203
9262	1679	2988282499
9268	1751	2990209015
9272	1769	2991507458
9288	1710	2995362056
9290	1652	2996104296
9304	1102	3000165210
9307	1744	3002746411
9317	1684	3005469889
9331	1718	3010426525
9332	1663	3010908064
9333	1722	3011003258
9351	1668	3016212130
9355	1693	3017149992
9356	1728	3017422952
9363	1745	3019196079
9368	1704	3021100762
9371	1722	3023842504
9373	1710	3024434816
9374	1753	3025157487
9378	1744	3027686606
9386	1644	3031074348
9387	1661	3031169646
9390	1726	3031626401
9394	1659	3032768768
9397	1704	3033472605
9399	1632	3033780694
9401	1692	3034127020
9402	1642	3034342775
9405	1726	3034830892
9429	1700	3039397757
9430	1738	3039767962
9431	1670	3040181107
9433	1713	3042477899
9434	1748	3042695478
9444	1718	3046038237
9445	1714	3046342945
9446	1727	3047396429
9447	1693	3047647609
9456	1771	3050210294
9459	1435	3050690032
9461	1682	3050998918
9466	1743	3051702361
9467	1758	3052049340
9486	1668	3057018035
9501	1739	3060055068
9502	1732	3060485656
9516	1734	3065263292
9522	1756	3067713319
9534	1731	3072196200
9540	1672	3073391814
9542	1711	3073736063
9560	1719	3079245481
9561	1732	3079346953
9571	1657	3084450676
9583	1683	3087332181
9587	1728	3088505148
9588	1743	3089391121
9607	1684	3094449787
9630	1713	3099718126
9639	1714	3101825450
9642	1725	3104197943
9643	1666	3104444714
9654	1731	3109064009
9667	1677	3111535508
9669	1704	3112130640
9675	1713	3113568510
9677	1733	3114495768
9678	1333	3115201186
9691	1713	3118695753
9696	1722	3119537614
9704	1696	3122811479
9708	1745	3124739332
9717	1685	3126683997
9723	1712	3129486262
9725	1700	3129622505
9726	1743	3129738858
9729	1705	3130814570
9755	1689	3135835667
9777	1698	3142928471
9783	1721	3145771664
9785	1745	3146891414
9789	1675	3147821805
9794	1281	3149704095
9796	1742	3150156250
9812	1681	3152819311
9813	1722	3153411313
9825	1687	3155219563
9835	1729	3157787121
9836	1717	3157974555
9839	1688	3159869403
9841	1702	3160262938
9857	1707	3167456786
9858	1635	3167510623
9861	1744	3167971780
9863	1700	3168482002
9865	1718	3169193694
9869	1711	3169593481
9870	1684	3170116506
9873	1728	3171105093
9875	1690	3171345453
9878	1716	3172616897
9888	1716	3173436093
9900	1699	3176847425
9902	1658	3178155945
9904	1747	3178520031
9908	1714	3180132138
9915	1704	3182857176
9926	1726	3187576025
9932	1693	3188282563
9945	1764	3192924285
9947	1705	3193549733
9955	1743	3196756766
9966	1712	3201194455
9976	1705	3203528455
9978	1679	3204056080
9986	1687	3207568872
9991	1764	3209707398
10004	1677	3213205681
10007	1713	3213356228
10021	1704	3216974623
10022	1725	3218275391
10024	1728	3218642600
10026	1685	3218937626
10036	1705	3220741277
10038	1774	3221089288
10039	1641	3221098207
10041	1739	3222284173
10048	1718	3223540054
10084	1724	3234874080
10086	1717	3235219312
10091	1700	3236089851
10092	1728	3236254061
10111	1690	3241943994
10118	1770	3243978974
10131	1733	3248831961
10134	1701	3250822659
10135	1697	3251250302
10136	1671	3251351209
10140	1722	3252228533
10143	1777	3254357901
10149	1680	3255405292
10151	1680	3257333948
10161	1683	3259551755
10162	1720	3259662642
10163	1732	3259697721
10179	1759	3263638610
10181	1632	3265277908
10188	1683	3269009915
10200	1716	3272271032
10207	1736	3274948601
10208	1744	3275039943
10212	1742	3276845829
10224	1710	3280462839
10234	1707	3283259079
10235	1694	3283314003
10238	1718	3285623398
10243	1750	3286221519
10254	1393	3290312569
10255	1714	3290876215
10263	1731	3293892546
10266	1689	3294574966
10268	1687	3294904323
10273	1733	3296322027
10275	1719	3297160666
10292	1718	3302607899
10295	1716	3302821987
10307	1702	3305273513
10315	1702	3308873718
10318	1709	3311207497
10321	1738	3313066678
10338	1699	3316492009
10344	1739	3318080788
10351	1755	3320127251
10358	1687	3321914362
10359	1711	3321993041
10366	1672	3325032597
10368	1738	3325905185
10371	1649	3326492861
10373	1686	3326705666
10377	1745	3327294173
10388	1696	3332395960
10390	1706	3332774319
10422	1688	3347492328
10431	1740	3352097958
10436	1767	3353311991
10444	1713	3356537547
10445	1706	3356802272
10446	1711	3356880920
10452	1707	3358413777
10461	1747	3361491798
10462	1739	3361879786
10487	1765	3372123296
10488	1672	3372291658
10493	1707	3373604700
10509	1714	3378638428
10522	1670	3382216317
10531	1734	3384533240
10537	764	3386347939
10541	1695	3387208133
10550	1739	3389951555
10557	1733	3395630535
10558	1697	3396046669
10562	1679	3396421118
10572	1676	3399651641
10584	1693	3401929254
10587	1711	3402392835
10590	1720	3402959692
10593	1731	3404594687
10594	1710	3404866493
10599	1720	3406146467
10600	1695	3407648596
10609	702	3409805944
10629	1679	3417054084
10632	1719	3417906963
10635	1655	3418141480
10636	1718	3418291608
10640	1710	3420347715
10642	1669	3420618980
10664	1748	3425303513
10670	1736	3427309723
10676	1710	3429383702
10678	1727	3429984765
10679	1704	3430499774
10684	1754	3433702105
10685	1738	3434363917
10687	1751	3436090090
10689	1741	3437399972
10690	1720	3437419755
10694	1703	3438122522
10702	1693	3439338373
10708	1698	3441699698
10710	1749	3442975166
10712	1716	3443111404
10729	1695	3448089847
10740	1727	3452629978
10751	1677	3456473480
10752	1644	3457118963
10755	1720	3457973446
10759	1686	3459184699
10761	1723	3459323458
10763	1693	3460419208
10777	1749	3466013343
10794	1660	3470433619
10795	1683	3472552454
10798	1660	3473215745
10802	1731	3474081359
10803	1696	3474341127
10813	1754	3477721536
10816	1727	3478407145
10849	1745	3489507537
10852	1725	3490693600
10861	1763	3493868737
10865	1720	3495366382
10870	1754	3496757892
10878	1679	3498422945
10890	1644	3503414804
10894	1684	3505153584
10899	1703	3506720223
10905	1678	3508180820
10907	1739	3508678354
10913	1699	3511093136
10926	1700	3519087294
10935	1731	3522866222
10957	1675	3528840551
10963	1727	3531455254
10975	1142	3536704671
10984	1714	3539578720
10987	1690	3541157298
10989	1721	3541476807
10994	1703	3543953870
10999	1731	3546269685
11000	1669	3546953152
11006	1701	3550324490
11011	1733	3555072482
11019	1072	3556981145
11021	1728	3557464661
11022	1718	3557735429
11034	782	3562026664
11036	1720	3562408828
11045	1736	3566725426
11047	1714	3567487653
11049	1692	3568765176
11060	1713	3570584984
11066	1737	3575200674
11069	1745	3576064071
11073	1712	3577383189
11080	1677	3579830927
11089	1714	3582261180
11093	1697	3583027682
11096	1691	3583763705
11104	1720	3586633250
11106	1672	3587500465
11116	1773	3589666056
11129	1737	3596885049
11130	1698	3597143197
11135	1656	3598206966
11151	1685	3603087282
11178	1716	3610451944
11185	1728	3611857232
11186	1741	3611872707
11201	1721	3618062068
11213	1715	3621266927
11214	1684	3621393008
11216	1747	3621825969
11218	1747	3622054776
11233	1726	3627436251
11238	1708	3628006538
11249	1752	3631331147
11251	1706	3632317753
11253	1707	3633230153
11257	1700	3636519993
11278	1753	3642794988
11294	1727	3651515891
11303	1719	3653403602
11308	1721	3658191302
11326	1735	3663121507
11334	1749	3665265511
11336	1735	3665511286
11338	1717	3666078028
11342	1710	3666623115
11346	1717	3668581397
11364	1177	3677840917
11374	760	3681777717
11382	1669	3683112425
11383	1745	3683779943
11384	1733	3683782354
11388	1665	3684417651
11403	1640	3689360580
11406	1755	3689955056
11411	1656	3691071713
11425	1707	3697802190
11454	1711	3703141338
11461	876	3704535563
11474	1718	3707748925
11478	1745	3708413040
11479	1704	3708500162
11480	1668	3708513438
11482	1702	3709136228
11488	1685	3711404113
11500	1742	3716589170
11501	1691	3716698123
11512	1756	3720521645
11514	1733	3720947997
11522	1669	3724872285
11530	1745	3727298567
11533	1741	3728131427
11538	1683	3731577182
11541	1734	3731828171
11542	1753	3731858015
11543	1723	3731860782
11544	1647	3732287538
11545	1738	3732310799
11548	1701	3732946999
11551	1765	3733513145
11554	1735	3733801468
11555	1704	3733933230
11574	1714	3743482425
11575	1756	3743547173
11579	1695	3744080966
11584	1726	3745586858
11587	1752	3746254150
11598	1685	3749694249
11602	1654	3751354790
11605	1684	3751987706
11609	1756	3752795893
11614	1724	3753811393
11637	1776	3763189104
11639	1721	3763664595
11643	1673	3764340443
11644	1654	3764503033
11656	1757	3767213376
11661	1724	3768126192
11665	1748	3768873461
11672	1717	3770413608
11675	1717	3771085632
11677	1727	3771293941
11680	1715	3771995757
11682	1701	3772317919
11683	1670	3772967914
11686	1681	3773589972
11691	1720	3774555162
11709	1735	3781196418
11713	1704	3783500808
11723	1707	3785819045
11725	1666	3786442540
11727	1732	3787156678
11751	1696	3798556986
11759	1741	3800127317
11761	1747	3800479081
11774	568	3803616035
11780	1704	3805186893
11787	1671	3808005291
11818	1747	3818582086
11820	1745	3818947426
11828	1719	3821920081
11835	1712	3823251137
11838	1676	3824211437
11868	1703	3833638824
11880	1755	3835741565
11882	1699	3836342927
11894	1702	3841277326
11904	1717	3845536706
11910	1724	3848980640
11918	1731	3852257090
11928	1718	3855755058
11936	1731	3859629231
11940	1719	3861553259
11941	1687	3861830802
11969	1760	3869334500
12001	1704	3879593040
12003	1719	3880573785
12010	1711	3883261512
12018	1683	3886042346
12036	1718	3891330859
12044	1672	3892359834
12050	1706	3893577855
12057	1691	3894932683
12070	1487	3898440008
12073	1722	3901529201
12079	1737	3903323865
12082	1710	3904257096
12084	1664	3904642192
12087	1770	3905262156
12104	1719	3911295232
12106	1776	3911750601
12113	1718	3913817113
12126	1738	3916288386
12128	1699	3916362741
12132	1764	3917893516
12134	1713	3918061809
12139	1704	3919335419
12143	1751	3921662913
12167	1715	3928887354
12172	1702	3931396770
12181	1728	3934626659
12185	1710	3936675408
12191	1717	3938070233
12199	1199	3944237556
12204	1674	3946353417
12212	1711	3947715947
12228	1689	3952490165
12232	1692	3954352151
12238	1709	3955676787
12246	1742	3956688496
12247	1653	3957027310
12254	1709	3960045698
12259	1724	3963711355
12261	1739	3964517131
12269	1741	3969015494
12278	1698	3971570810
12283	1682	3973093401
12297	1714	3976590189
12301	1630	3978409239
12304	1711	3979458469
12306	1717	3980549679
12312	1737	3984357786
12325	1687	3987387239
12331	1696	3990222267
12333	1665	3990458683
12344	1683	3994887950
12345	1698	3994965919
12355	1701	3997285714
12356	1719	3997371651
12359	1726	3998228165
12367	1700	4003708989
12371	1710	4005337746
12372	1681	4005477135
12374	1703	4005644972
12382	1728	4008834564
12389	1769	4010874294
12392	1771	4011563124
12395	1686	4013330026
12405	1752	4015416536
12407	1696	4016046374
12414	1743	4018052909
12418	1735	4019465210
12423	1696	4023367858
12432	1722	4027668141
12433	1557	4027865007
12444	1730	4031355287
12446	1697	4031690322
12447	1622	4031727376
12457	1685	4035349510
12471	1681	4040384794
12481	1763	4044414602
12483	1297	4044963612
12488	1711	4046970544
12502	1704	4050656967
12510	1750	4053020290
12515	614	4054428073
12516	1715	4054585843
12521	1707	4056384191
12525	1718	4058703536
12527	1706	4059392798
12537	1734	4063945871
12554	1700	4069458480
12555	1697	4069607682
12558	1723	4070983790
12562	1653	4072035006
12565	1720	4072937551
12566	1690	4072959821
12569	1696	4073624123
12577	1707	4076040112
12585	1760	4077535065
12588	1719	4078779213
12598	1675	4081434526
12601	1755	4081697739
12612	1729	4086322847
12613	1683	4086614233
12630	1753	4091962111
12632	1723	4092684917
12636	1738	4092781843
12643	1664	4093699543
12648	1772	4094564468
12654	1751	4095400319
12657	1719	4095752957
12662	1776	4096681508
12665	1734	4097224097
12669	1746	4099541355
12675	1689	4101150605
12681	1684	4102959782
12686	1726	4106789494
12711	1737	4112258654
12729	1684	4116020795
12735	1689	4116654662
12741	1696	4117925697
12750	1748	4120998751
12757	1648	4123089685
12769	1658	4128282529
12773	1658	4129011994
12777	1696	4129759813
12783	1750	4131080714
12785	1721	4132335614
12809	1677	4139372483
12810	1708	4139374570
12817	1669	4141117019
12833	1719	4145834497
12842	1668	4148720431
12860	1729	4153819908
12865	1696	4155300715
12867	1731	4155797201
12873	1709	4157019833
12877	1724	4157804780
12878	1683	4157988378
12885	1704	4158926267
12904	1755	4164793258
12921	1760	4171713032
12926	1733	4174000300
12945	1710	4181148828
12951	1730	4184210025
12954	1712	4184816690
12965	1744	4192936433
12968	1679	4193865898
12970	1768	4194419744
12972	1714	4194888947
12974	1731	4195319505
12975	1742	4195369880
12980	1728	4196731355
12987	1704	4199103764
12990	1672	4200486873
13001	1692	4203801591
13009	1663	4208205961
13012	1691	4208539133
13017	1717	4209851282
13018	1751	4210761071
13022	1710	4211459597
13037	1703	4215158066
13046	1673	4217681157
13051	1741	4218291969
13070	893	4224381176
13084	1744	4229820061
13087	1709	4229986706
13096	1707	4231505719
13097	679	4231619998
13099	1683	4233343774
13112	1707	4236369319
13130	1645	4240290302
13132	1711	4241166529
13136	1729	4243010082
13143	1698	4247910381
13147	1693	4250237714
13165	1718	4259536829
13169	1683	4261804015
13171	1667	4263349105
13178	1736	4265025624
13187	1689	4269129488
13191	1692	4271461560
13192	1750	4272037590
13194	1726	4272857829
13195	1665	4273060471
13197	1685	4273151736
13201	1706	4273854743
13222	1737	4282791319
13227	1717	4284847013
13228	1679	4285494230
13232	1682	4286225432
13245	1756	4290886595
13249	1740	4292435774
13250	1721	4292471799
13261	1653	549944
13262	1707	1179427
13268	1709	2104858
13274	1736	3477480
13275	1711	3927920
13297	1756	10631749
13304	1702	14669996
13305	1691	15405894
13309	1710	16173269
13310	1664	16268571
13322	1684	19366247
13326	1713	20087491
13327	1678	20292470
13334	1762	22284501
13339	1754	24928551
13341	1744	26282642
13365	1712	34990287
13367	1728	35224549
13370	1720	36953395
13373	1718	38535177
13378	1715	40205821
13393	1730	42914751
13395	1709	43191158
13398	1581	43318636
13401	1697	43904370
13404	1726	44977462
13416	1708	49045828
13422	1704	51487551
13424	1709	52118018
13428	1702	55050476
13436	600	56289292
13437	1688	56666617
13440	1706	57849576
13447	1695	59819642
13448	1758	59873885
13450	1746	61614501
13469	1582	66026437
13472	1677	67128444
13473	1709	67546989
13477	1683	68286941
13480	1737	69534702
13498	1186	76971808
13507	1707	79654005
13510	1764	79936461
13529	1724	87622827
13545	1684	91440230
13555	1761	93911161
13559	1624	96433344
13567	1701	98460524
13578	1644	103165974
13582	1694	105123526
13586	1727	105520693
13590	1718	106314934
13594	1618	107091719
13613	1687	112261221
13622	1713	117229979
13636	1726	122674529
13638	1695	124110789
13639	1710	124121591
13645	1702	125217622
13658	1688	128882760
13664	1697	131726355
13668	1725	133205663
13677	1707	134815689
13683	1649	138394620
13685	1712	140382243
13687	1696	140714190
13694	1730	142402097
13699	1710	144338641
13701	1737	144704522
13721	1726	152229944
13723	1697	152703281
13727	1725	154393644
13742	1708	160102230
13751	1682	163481964
13759	1733	167608320
13761	1686	168531450
13764	1708	169007024
13765	1680	169654398
13767	1748	170343204
13775	1709	172342363
13787	1727	174194766
13792	1446	176853204
13796	1754	179926834
13800	1719	181325369
13802	1695	181442398
13813	1705	188297826
13821	1642	190984610
13824	1707	191255890
13825	1710	191358523
13828	1727	192874349
13860	1772	205224973
13865	1718	207015976
13870	1704	209953634
13880	1727	212723404
13889	1745	216607337
13892	1740	217049884
13903	1784	221528252
13907	1697	222437385
13910	1696	223631426
13913	1764	224231000
13920	1679	226266898
13937	1684	230219052
13939	1692	230663050
13941	1692	231436039
13953	1745	234909129
13955	1708	235738409
13957	1480	236334059
13962	1700	237439184
13976	1752	243358874
13979	1747	244421564
13990	1754	247967762
13991	1665	247996847
13993	1732	248824564
14003	1718	252141286
14010	1672	253028226
14025	1687	260262675
14028	1722	260823854
14031	1679	261708856
14035	1666	263153909
14042	1711	266260856
14044	1701	266826246
14053	1751	270469508
14066	1696	274289975
14068	1717	274649729
14070	1721	274754522
14075	1671	275380109
14083	1725	278648039
14092	1727	283210352
14100	1744	285281665
14124	1744	292440375
14127	1724	293948522
14134	1668	294923303
14161	1695	302697745
14165	1694	303335619
14171	1724	305420181
14183	1717	309309597
14184	1651	309560168
14191	1769	313064191
14192	1671	313718297
14196	1720	314676262
14197	1728	314705071
14198	1735	315144291
14209	1744	318640336
14222	1716	324462453
14224	1664	324565393
14233	1651	328078800
14241	1713	329577100
14244	1727	331671914
14253	1734	334657185
14262	1691	337602528
14263	1746	337698728
14269	1758	339094234
14286	1698	345191928
14297	1743	348317509
14299	1728	348388757
14311	1717	352990082
14316	1706	353715664
14349	1673	367010008
14351	1687	367918877
14358	1717	370185759
14367	1733	373206944
14371	1730	374340615
14374	1735	375059649
14382	1695	377842908
14383	1705	377855941
14388	1706	379710242
14400	1726	385536772
14406	1738	386693338
14413	1692	389114409
14432	1729	393943957
14438	1668	396165040
14442	1745	397232347
14450	1693	399894824
14456	1743	404778800
14459	1686	405467287
14476	1740	411121488
14481	1699	412568803
14486	1736	413547821
14498	1760	416791944
14503	1655	418095342
14508	1719	419366831
14532	1741	428106423
14542	1685	431312376
14560	1719	434895090
14574	1673	437670682
14578	1699	438020050
14588	1710	444052513
14589	1703	444195209
14597	1674	445250766
14601	1768	446827867
14623	1715	453578405
14626	1700	454616198
14630	1717	455662223
14639	1699	457810333
14657	1701	467920488
14671	1722	471472567
14673	1711	472592781
14676	1733	474306339
14690	1652	479764171
14691	1753	479950114
14696	1689	481339147
14749	1707	498421823
14750	1676	498449480
14756	1717	500428091
14757	1734	500481759
14763	1700	505785745
14766	1720	507114837
14770	1726	508049174
14774	1749	511134631
14784	1704	512916728
14788	1743	514886304
14792	1723	515782774
14800	1716	519570132
14806	1664	520672424
14812	1691	521850053
14817	1751	524822840
14834	1686	529229636
14838	1674	531480586
14843	1686	532568381
14844	1730	532578408
14849	1719	533526202
14850	1740	533553658
14865	1690	538230936
14875	1690	540910919
14876	1703	541172070
14878	1710	541508860
14883	1720	542327829
14891	1681	547783117
14899	1729	549837361
14911	1372	553975270
14913	1707	554602749
14915	1709	555493481
14924	1712	558108708
14927	1696	558619451
14940	1690	562309189
14943	1699	562766076
14957	1746	569611705
14964	1737	572507484
14968	1746	573351331
14969	1663	574298262
14970	1717	574483384
14975	1736	576885011
14976	1723	576947230
14995	1712	585965688
15009	1655	589242880
15016	1731	590985056
15018	1701	591519960
15019	1669	591695922
15031	1704	595596445
15037	1719	598635020
15038	1748	598936552
15042	1736	599671906
15047	1685	602575067
15062	1733	608559895
15063	1647	608578372
15075	1754	611479268
15083	1736	612366160
15088	1661	614230638
15094	1698	616967156
15096	1702	617326570
15097	1644	617555349
15103	1754	619597551
15110	1725	620716512
15115	1736	622525140
15125	1714	624839055
15133	1017	630113971
15140	1694	631684720
15146	1736	633654815
15156	1757	636223963
15164	1724	638579097
15168	1672	639329840
15170	1732	639959099
15173	1677	641668781
15182	1733	644287534
15184	1704	645297093
15186	1674	645480613
15188	1755	645986764
15200	1719	651533780
15209	1664	654284177
15224	1689	659258378
15230	1737	659966570
15238	1706	661494890
15246	1723	664213036
15250	1731	665304596
15252	1659	666166008
15254	1758	668518622
15260	1736	670766917
15290	1706	681494372
15293	1668	682281899
15300	1688	684593584
15304	1743	686280725
15308	1719	689669421
15326	1690	695085298
15327	1704	695233344
15333	1724	697022045
15334	1672	697507626
15343	1679	699962064
15350	1720	701308490
15364	1695	705283009
15387	1640	714762259
15398	1741	718757731
15402	1762	719970549
15410	1690	721654514
15411	1731	722336770
15415	1766	723571395
15418	1730	724985490
15424	1694	729646760
15427	1717	730316448
15434	1687	732287300
15443	1684	735437686
15445	1747	736696950
15446	1706	737258304
15451	1720	738267830
15455	1715	739891647
15463	1748	741395731
15473	1692	744115469
15475	1728	746241048
15483	1760	751150204
15496	1727	755597261
15506	1714	762390838
15511	1712	764947927
15512	1729	765266703
15513	1706	765278535
15522	1700	767367293
15541	1730	773792469
15545	1731	774307739
15551	1700	776390629
15558	1724	778656712
15571	1684	784580800
15578	1697	785756745
15580	1671	786255776
15581	1743	787029560
15586	1714	789941181
15612	1723	797413976
15622	1700	801103658
15625	1748	801699990
15631	1718	804092952
15634	1757	805045523
15638	1725	805764058
15642	1735	807100726
15656	1728	811339434
15661	1692	814305431
15674	1688	817770970
15676	1692	818308286
15677	1687	818624985
15679	1650	819085844
15693	1724	822701175
15705	1605	825348947
15709	1733	826362747
15727	886	833762469
15730	1737	834638487
15731	1600	834858949
15742	1686	837068406
15783	1681	852241812
15794	1696	857421364
15797	1756	858375020
15808	929	864299391
15817	1685	866901510
15820	1732	867513811
15835	1717	874988064
15836	1727	875349086
15849	1709	879588071
15850	1765	879693379
15855	1728	881170119
15856	1718	881388354
15865	1727	882501737
15868	1753	883410349
15871	1687	884463781
15881	1762	888564081
15898	1673	893532821
15903	1737	894452720
15905	1771	894658014
15912	1718	895874898
15919	1684	898612675
15926	1677	899605422
15944	1657	904154959
15948	1717	906630357
15976	1698	917565787
15988	1224	923878108
15990	1665	924416682
16004	1700	928892389
16016	1724	934435266
16028	1740	937874722
16035	1661	940072452
16036	1706	940216975
16046	1680	942542335
16047	1727	942638043
16052	1710	943512967
16059	1732	945410930
16061	1759	945505963
16063	1707	946092127
16064	1736	946288363
16074	1739	948880272
16088	1746	954918833
16099	1659	959629005
16104	1757	960303654
16107	1737	960414737
16110	1696	961043067
16115	1689	962798861
16116	1693	963390195
16117	1765	963510254
16141	1728	973788283
16150	1684	976870175
16152	752	977031339
16169	1664	980733630
16171	1721	980979642
16179	806	982448548
16182	1746	982611519
16183	1711	983020219
16193	1724	985936398
16223	1758	997268079
16235	1671	1000123310
16237	1678	1000545426
16240	1720	1001582082
16261	1713	1007175769
16263	1772	1007809354
16267	1647	1008738755
16268	902	1008811631
16270	1690	1010164783
16271	1729	1010379450
16275	778	1011021275
16276	1693	1012265364
16277	1703	1014393347
16284	1709	1016718454
16306	1684	1024443938
16308	909	1024807306
16310	1024	1025738941
16314	1676	1026702834
16324	1678	1028722200
16325	1711	1028998805
16327	1695	1029210201
16344	1729	1038137044
16351	1732	1039868714
16356	1738	1040265283
16380	1695	1049182496
16383	1697	1049877880
16385	1762	1050976916
16392	1720	1052757224
16397	1733	1055221456
16398	1689	1055247832
16399	1718	1055578012
16402	1752	1056942106
16414	1681	1060879838
16415	1732	1061066626
16422	1699	1064236865
16423	1731	1064525819
16426	1727	1065438659
16434	1703	1067721091
16450	1695	1074999951
16457	1658	1076170362
16468	1687	1078243707
16483	1667	1083152143
16499	1699	1089433912
16506	1700	1093233136
16507	1749	1093671778
16516	1723	1097515974
16520	1753	1098440471
16522	1755	1098867287
16526	1689	1099769843
16546	1738	1103586355
16559	1729	1107318981
16570	1714	1110843779
16597	1649	1119256840
16602	1721	1120870968
16606	1696	1122801464
16617	1740	1127968929
16624	1675	1128855612
16628	1258	1129479125
16639	1748	1131546207
16644	1697	1132849791
16646	1667	1133317742
16647	1741	1133392599
16652	1770	1133871200
16654	1734	1134405865
16668	1713	1140623075
16675	1738	1141683549
16686	1643	1143525469
16689	1710	1144874730
16690	1713	1144969367
16692	1763	1146614900
16694	1745	1146712968
16698	1746	1147951687
16703	1757	1150540075
16708	1730	1152167308
16724	1676	1158574087
16738	1710	1163225594
16741	1703	1163647325
16753	1708	1167172168
16758	1719	1168477202
16760	1675	1169636617
16763	1720	1170674303
16764	1369	1170809403
16774	1672	1172879152
16800	1704	1179960886
16803	1737	1181291266
16810	1718	1183245275
16820	1763	1186528453
16824	1722	1187544998
16827	1715	1188216663
16828	1700	1188702427
16833	1711	1190223004
16834	1673	1190254022
16837	1680	1191598698
16844	1736	1197618392
16848	1737	1198518446
16850	1736	1199286971
16856	1717	1199916723
16862	1742	1200925304
16869	1661	1202527518
16870	1704	1202547762
16874	1692	1203319706
16883	1687	1205592943
16885	1714	1206021775
16889	1733	1206708362
16915	1716	1217649090
16921	1711	1218670804
16928	1713	1220300442
16933	1655	1221111667
16936	1754	1221824469
16937	1050	1221950433
16939	1692	1222083724
16940	1758	1222355080
16954	1715	1228241521
16975	1701	1234487242
16976	1412	1234529981
16992	1717	1241278780
16995	1759	1242431789
17000	1760	1244069262
17003	1701	1245015402
17020	1681	1249277888
17030	1751	1253709395
17037	1753	1256055176
17041	1663	1259969982
17045	1712	1260658172
17060	1713	1267362189
17062	1742	1268424419
17089	1675	1280997551
17092	1719	1283228618
17093	1729	1283372902
17095	1716	1284089744
17102	1706	1286322002
17108	1670	1287945064
17112	1725	1289097739
17124	1656	1291815225
17125	1752	1291992735
17127	1680	1292445803
17137	1707	1294447067
17139	1708	1294896789
17140	1677	1295639643
17142	1755	1296275355
17150	1225	1300125039
17157	1670	1302286641
17158	1692	1302526369
17176	1728	1308628932
17180	1731	1310476995
17189	1700	1312352428
17206	1729	1316608549
17212	1701	1319684558
17220	1714	1323663356
17225	1705	1325012119
17228	1676	1325772257
17231	1698	1327439569
17237	1666	1328724854
17255	1686	1334397470
17266	1672	1337011350
17276	1719	1342090113
17295	1717	1349644404
17298	1727	1350308770
17299	1674	1350926479
17300	1738	1351058502
17302	1677	1353683549
17316	1716	1356835048
17319	1322	1357176829
17322	1730	1360078986
17327	1714	1361363005
17340	1683	1365271993
17348	1655	1367723585
17350	1715	1368095802
17353	1714	1368740746
17371	1678	1376474412
17374	1675	1378044881
17376	1741	1380796070
17379	1725	1380942202
17383	1765	1381851377
17385	1747	1382822387
17399	1685	1386978248
17401	1684	1389560265
17402	1709	1389626494
17414	1741	1392813757
17415	1756	1392850225
17418	1741	1393642218
17421	1722	1395070665
17424	1712	1395674894
17443	1722	1403146081
17449	1728	1405419049
17451	1718	1406191250
17458	1709	1409751802
17465	1713	1412070541
17468	1683	1412760142
17478	1745	1416305942
17481	1708	1416934090
17485	1719	1417612972
17487	1744	1418771816
17512	1410	1430088679
17516	1654	1431071653
17518	1664	1431546037
17520	1699	1432761664
17528	1660	1436103802
17529	1720	1436220444
17530	1746	1436421826
17533	1691	1437164853
17534	1670	1437521856
17535	1734	1437825952
17538	1764	1438164355
17539	1726	1438433187
17540	1695	1438625412
17552	1662	1443171629
17563	1700	1448256462
17578	1708	1452115822
17586	1685	1453761457
17587	1715	1453793481
17592	1431	1455087791
17601	1694	1456643508
17604	1749	1457047139
17605	1691	1457480867
17607	1757	1457796646
17636	1699	1466300719
17643	1767	1468217980
17646	1689	1469737064
17655	1743	1471430132
17658	1736	1472394281
17677	1718	1478198531
17679	1717	1478932091
17683	1741	1479795399
17694	1733	1486500805
17698	1727	1487517054
17702	1740	1489147381
17707	1691	1490033223
17709	1777	1490948113
17728	1247	1499819928
17731	770	1503450336
17734	1686	1504611562
17735	1656	1504989147
17738	1672	1505411555
17741	1727	1506463572
17742	1723	1506476507
17746	1760	1507139799
17748	1728	1508492917
17758	1718	1511823646
17761	1732	1512112621
17763	1740	1512976894
17789	1737	1518943084
17795	1711	1519805944
17802	1742	1523697037
17804	1726	1524288722
17808	1689	1524499150
17809	1713	1524575024
17810	1679	1525103399
17815	1660	1526205357
17823	1702	1528877241
17831	1712	1529621464
17844	1715	1532949013
17851	1654	1534271685
17863	1724	1537241791
17873	1697	1539772185
17874	1732	1539819313
17887	1368	1546335435
17890	1720	1547548687
17897	1749	1549535925
17898	1692	1549630520
17903	1647	1551083198
17909	1660	1552720449
17918	1681	1553862408
17931	1692	1557832952
17946	1715	1564175526
17950	1700	1565157483
17960	1687	1567863629
17994	1712	1579195482
17997	1738	1579936237
18000	1726	1580235085
18012	1682	1585313565
18013	1719	1586246750
18018	1723	1587538143
18026	1705	1590733042
18030	1734	1591861613
18039	1738	1593633001
18064	1709	1602886228
18066	1753	1603032063
18072	1705	1606177845
18082	1738	1608311390
18083	1735	1608331467
18116	1731	1619268705
18119	1684	1620149075
18123	1712	1621796574
18127	1733	1623161639
18128	1736	1623181434
18132	1780	1627257257
18135	1525	1627849581
18137	1701	1628371020
18147	1735	1630634613
18151	1680	1631830698
18155	1730	1633828251
18161	1704	1636203832
18167	1735	1638687745
18168	1369	1638711478
18182	1737	1643270422
18186	1718	1644594026
18197	1685	1650425393
18202	1673	1653052404
18214	1674	1656985904
18220	1711	1657921117
18227	1718	1659649679
18245	1722	1667408701
18246	1763	1667847296
18248	1680	1668274899
18255	1749	1670747973
18258	1774	1671055005
18288	1684	1681947532
18297	1745	1684015627
18314	1678	1691455777
18316	1735	1692270129
18318	1686	1693738845
18319	1725	1694140136
18320	1692	1695223880
18325	1651	1696195646
18334	1689	1698551613
18345	1719	1701886607
18356	1775	1705133603
18361	1729	1708557758
18368	1741	1710797209
18378	1738	1714085463
18383	1657	1714796470
18389	1697	1717233211
18393	1716	1718012892
18408	1722	1722276839
18409	881	1723217716
18412	1704	1723664785
18425	1746	1727285433
18426	1712	1728757661
18450	1671	1737009781
18452	1687	1737432065
18455	1712	1738428196
18464	1640	1741128266
18471	1711	1743698230
18475	1690	1746091391
18486	1769	1749741044
18503	1733	1753384647
18506	1734	1753776242
18521	1709	1758611900
18528	1736	1759500002
18532	1742	1760345146
18551	1665	1763789938
18552	1706	1764445838
18560	1677	1767053614
18561	1716	1767801470
18565	1708	1770661311
18583	1695	1777511484
18594	1700	1779926886
18602	1697	1782554792
18614	1645	1786495010
18615	1664	1786684550
18616	1675	1787285017
18637	1764	1795123014
18646	1741	1800530047
18649	1712	1800992515
18650	1788	1801141310
18652	1699	1801981103
18658	1726	1803234817
18666	1718	1805360747
18675	1725	1809775788
18681	1652	1811479202
18683	1724	1812754563
18684	1678	1813025468
18685	1703	1813196983
18686	1661	1813264458
18695	1716	1816307792
18727	1706	1824543470
18732	1747	1825969787
18733	1772	1826004925
18741	1744	1830632595
18743	1689	1831231700
18746	1695	1831996937
18748	1703	1832391391
18759	1710	1835691936
18763	1738	1836163794
18764	1729	1837089463
18767	1709	1838019814
18778	1635	1842669897
18785	1660	1843824701
18802	1720	1847362291
18810	1696	1849126970
18811	1723	1850437747
18826	1783	1855490357
18828	1702	1855803246
18833	1761	1857148606
18837	1679	1859072039
18850	1754	1862449630
18856	1732	1866175038
18870	1724	1871241799
18879	1730	1875332276
18887	1711	1878464548
18895	1725	1880579547
18897	1678	1881424487
18902	1732	1883223283
18907	1653	1884668029
18909	1169	1885313831
18914	1738	1886408082
18920	1733	1888744825
18925	1750	1890191618
18934	1695	1894017032
18935	1716	1894215949
18937	1758	1894491104
18956	1711	1899447813
18966	1712	1901323989
18977	1737	1906060936
18978	1678	1906147585
18982	1691	1907895224
18985	1728	1908847056
18991	1728	1912313282
19009	1688	1915690014
19012	1743	1916440525
19017	1696	1919252752
19019	1250	1920397117
19027	1767	1922076080
19033	1703	1922808167
19038	1700	1923789243
19039	1714	1924506767
19044	1744	1925450053
19046	1719	1925971442
19055	1748	1929418005
19060	1684	1932795318
19072	1690	1935073141
19075	1670	1935974616
19076	1706	1936089095
19079	1338	1937188462
19081	1747	1937591946
19089	1473	1939545525
19093	1662	1939980005
19096	1706	1940749923
19110	676	1943009204
19111	1750	1943127922
19116	1702	1943744106
19120	1721	1945749101
19122	1735	1945815575
19128	1661	1947450688
19133	1750	1948501659
19137	1746	1952359230
19140	1661	1953032380
19143	998	1953549706
19146	863	1955173358
19147	1717	1955431434
19150	1760	1956486275
19154	1741	1957881248
19156	1571	1958683798
19158	1727	1959113256
19164	1788	1960901509
19169	1717	1962220757
19170	1727	1962571828
19171	1709	1962841484
19174	666	1963473747
19176	1762	1963858595
19186	1696	1966497684
19188	1403	1966858102
19192	1717	1968299765
19197	1684	1969783758
19201	1726	1972544905
19203	1709	1973558372
19206	1707	1973784781
19216	1722	1978435215
19219	1729	1979215510
19228	1717	1981599771
19230	1727	1981944415
19233	1692	1983263023
19254	1682	1989143825
19256	1660	1989458547
19257	1736	1990170498
19260	1825	1990541195
19268	1720	1995330232
19274	1761	1996769005
19281	1762	1998345528
19282	1737	1998846840
19284	1729	2000036324
19287	1726	2000924631
19295	1726	2002806091
19306	1738	2007382410
19307	1739	2007771333
19319	1750	2010796805
19329	1700	2017189907
19336	1728	2021353979
19347	1756	2024464470
19349	1773	2025445738
19352	1765	2027071558
19359	1723	2028581638
19366	1683	2030704061
19368	1724	2030964281
19380	1671	2036239986
19389	1750	2039954187
19390	1742	2040306144
19392	1749	2040698298
19393	1159	2040997330
19405	1699	2044137767
19407	1703	2044609381
19460	1712	2063816725
19461	1709	2064228280
19469	1699	2066964954
19470	1691	2066973092
19475	1746	2068206110
19479	1632	2069712714
19482	1769	2070817444
19492	1731	2077006488
19499	1705	2079273352
19503	1649	2080748367
19504	1679	2080896039
19508	1707	2081485082
19509	1754	2081594140
19510	1768	2081946600
19513	1655	2082810273
19534	1718	2088808770
19537	1784	2089629894
19539	1707	2090484404
19545	1739	2096449596
19550	1709	2097440366
19554	1701	2098248208
19561	1737	2101178933
19563	1714	2101470305
19566	1746	2101969144
19583	1739	2106721768
19589	1693	2108685658
19595	1738	2110244120
19608	1694	2113293533
19614	1696	2116875520
19617	1729	2118178160
19618	1687	2118204474
19629	1719	2120706504
19643	1737	2124097824
19646	1718	2124573338
19671	1667	2133865332
19674	1721	2136781454
19684	1740	2139109130
19685	1693	2139394404
19689	1673	2140210545
19692	1684	2141239623
19693	1679	2141392984
19694	1755	2141598322
19698	1658	2142282862
19715	1774	2148221248
19719	1727	2149223278
19729	1697	2152192823
19731	1671	2152839346
19753	1727	2162320644
19762	1723	2165223576
19764	1739	2165673676
19783	1738	2171011619
19791	1771	2173340685
19796	1698	2174541575
19801	1687	2178714363
19802	1739	2178719560
19805	1734	2179260132
19807	1733	2180228144
19808	1713	2180592665
19829	1762	2189671664
19837	1694	2191401750
19860	1770	2200228115
19876	1716	2205071796
19878	1723	2205709913
19882	1712	2207009774
19887	1692	2208310659
19891	1718	2210278327
19900	1675	2211705629
19905	1745	2214342263
19907	1678	2214564977
19912	1686	2215956855
19914	1737	2216327162
19922	1711	2219558888
19925	1698	2220114680
19926	1749	2220553101
19978	1688	2236666332
19990	1699	2240924222
19994	1699	2241623924
20006	1763	2245969079
20010	1743	2246853034
20011	1747	2246888303
20019	1699	2249265714
20021	1765	2250102784
20027	1696	2251725013
20032	1717	2252577697
20036	1706	2254237548
20051	1680	2257612830
20056	1725	2258295773
20064	1703	2262818961
20072	1699	2264220387
20081	1708	2265892099
20089	1707	2269297894
20093	1692	2269565776
20097	1674	2270343884
20108	1698	2274071951
20111	1723	2274350419
20115	1671	2275299168
20160	1758	2287939340
20173	1393	2294134036
20177	1768	2295258801
20182	1685	2296364289
20188	1695	2301041920
20195	1710	2302381690
20205	1749	2303952907
20212	1729	2306530497
20219	1727	2308247969
20234	1712	2313730589
20263	1691	2323939847
20267	1677	2324611945
20270	1720	2325393131
20283	1698	2332033965
20285	1729	2332417998
20298	1516	2337698052
20300	1723	2337822322
20320	1675	2344937798
20329	1761	2347500114
20331	1737	2347692168
20363	1754	2357663550
20369	1724	2358970152
20384	1690	2364799207
20394	1707	2367399814
20396	1643	2367736078
20397	1712	2368303831
20402	1709	2369594856
20405	1718	2370784746
20407	1755	2371092085
20411	1759	2371953362
20414	1745	2372617522
20417	1285	2374602079
20421	1680	2375438330
20422	1736	2375625162
20426	1708	2376568214
20427	1721	2376827664
20433	1706	2378271470
20435	1749	2378660705
20438	1742	2380243852
20457	1760	2389110923
20459	1406	2389521315
20464	1299	2391583129
20468	1720	2394334189
20481	1712	2397637199
20499	1711	2404441341
20503	1358	2406096106
20520	1760	2410932981
20525	1756	2412762420
20532	1679	2414703291
20535	1750	2416297054
20536	1765	2416343586
20537	1740	2416380989
20545	1737	2418109930
20548	1671	2418738210
20568	1678	2428777520
20571	1712	2429648202
20573	1701	2429984264
20575	1693	2430036723
20576	1733	2430267108
20579	1714	2431069075
20587	1717	2432717412
20591	1703	2433302333
20592	1704	2433318818
20602	1736	2435265729
20609	1737	2437103669
20610	1690	2437144028
20611	1679	2437233278
20615	897	2439354773
20616	1673	2439993005
20619	1719	2440766846
20620	1706	2440785799
20624	1766	2443978012
20627	1788	2445064220
20637	1699	2447712959
20641	1731	2448583394
20653	1723	2452034070
20654	1729	2452260743
20656	1662	2452984741
20657	1719	2453260450
20659	1669	2453466233
20668	1701	2455724588
20673	1661	2457153384
20687	1712	2461045677
20703	1696	2469141660
20705	1700	2469779239
20707	1676	2469919327
20710	1689	2470421752
20711	1702	2470697460
20716	1646	2472625608
20720	1713	2473688349
20739	1763	2480437404
20744	1720	2481986461
20746	1743	2482652717
20756	1704	2487596672
20760	1742	2488255378
20767	1659	2489777997
20769	1697	2490396556
20774	1642	2491759374
20780	1754	2492495763
20783	1669	2493565940
20790	1692	2495709343
20808	1719	2500549286
20811	1726	2500782410
20815	1724	2501999800
20817	1732	2502788547
20822	1710	2503714495
20825	1773	2506607036
20829	1707	2507812922
20833	1717	2508425442
20834	1714	2508462743
20836	1664	2508755545
20839	1690	2509716420
20848	1691	2511793716
20859	1721	2516190656
20863	1712	2517542325
20871	1778	2521668921
20875	1701	2522803956
20882	1678	2528069270
20884	1699	2528885728
20903	1717	2535451764
20913	1707	2538246774
20917	1691	2539758826
20931	1754	2543888767
20932	1698	2543937266
20934	1720	2544030227
20937	1702	2544517282
20942	1698	2548174622
20960	1717	2554049844
20972	1710	2556541096
20991	1722	2563334358
20999	1692	2567597869
21004	1725	2569422527
21012	1654	2571719623
21019	1734	2574266979
21022	1697	2575156333
21026	1726	2575737067
21027	1745	2576154725
21036	1658	2579331008
21043	1717	2581404969
21046	1743	2581793315
21056	1726	2584765819
21061	1726	2587914902
21063	1712	2588024983
21065	1691	2588713798
21079	1681	2591662591
21082	1701	2592728783
21085	1667	2593325397
21091	1692	2595315561
21095	1718	2596793585
21097	1668	2598496327
21101	1639	2599081406
21107	1668	2601087162
21111	1696	2602986031
21114	1676	2603379946
21115	1712	2603647081
21117	972	2604003457
21121	1744	2604950951
21128	1670	2605762602
21129	1753	2606201125
21134	1720	2609347970
21136	1709	2610770336
21138	1753	2611189418
21152	1666	2614638415
21153	1755	2614717053
21155	1743	2616013041
21156	1695	2616126832
21163	1744	2618700472
21190	1670	2629190557
21201	1678	2632235746
21205	1763	2633361934
21207	1737	2633731093
21209	1740	2633817563
21211	1662	2634395065
21224	1669	2637458432
21244	1689	2643107075
21258	1699	2648598262
21267	1694	2652056486
21269	1659	2652682756
21270	1670	2653026129
21271	1689	2654059807
21273	1720	2656125598
21274	1676	2657070931
21278	1727	2658874109
21288	1710	2663674499
21295	1773	2665524700
21297	1723	2666696817
21304	1688	2671692881
21317	1719	2674189094
21321	1722	2675400535
21327	1732	2677175830
21337	1702	2680543670
21340	1739	2681828458
21344	1702	2684236187
21347	1759	2684490888
21349	1738	2684800419
21357	1703	2687113910
21359	1689	2689171924
21360	1678	2689838560
21366	1672	2693740070
21373	1724	2695724904
21377	1706	2697359115
21384	1754	2698725429
21393	1709	2702200694
21428	1665	2714334122
21453	1738	2720417624
21454	1709	2720460503
21476	1684	2730022967
21477	1689	2730099104
21496	1686	2737051051
21499	1747	2739114629
21503	1727	2740188176
21515	1709	2745407541
21527	1678	2747225117
21531	1695	2747550815
21539	1715	2750912535
21546	1745	2754330792
21554	1667	2756835375
21556	1725	2757205792
21563	1707	2759503107
21567	1714	2760586348
21573	1750	2763214679
21582	1458	2765363086
21587	1716	2767605878
21592	1751	2771183675
21594	1706	2771386577
21601	1716	2772341322
21622	1677	2778945939
21627	1726	2779923341
21629	1718	2780449790
21631	1683	2780783780
21635	1701	2782195502
21639	1671	2783344437
21641	1701	2783793691
21645	1751	2785177045
21653	1693	2791238179
21664	1709	2794264050
21666	1740	2794592684
21671	1782	2796244407
21677	1763	2797487400
21687	1731	2800888202
21698	1734	2802768220
21700	1710	2803794479
21719	1728	2812030182
21720	1681	2812444281
21732	1659	2818643187
21748	1690	2823155473
21753	1746	2826089840
21771	1694	2834919345
21792	1708	2843325784
21795	1697	2843821802
21796	1759	2843829731
21809	1676	2847616643
21839	1708	2859051585
21840	1732	2859204890
21850	1678	2864959419
21851	1705	2865076875
21854	1689	2866635039
21858	1734	2868523623
21863	1715	2870557244
21875	1714	2876258471
21877	1697	2877575928
21878	1681	2877664673
21880	1633	2878344120
21881	1751	2878652196
21885	1754	2879974173
21886	1753	2880242126
21889	1458	2881753620
21891	1694	2882209526
21902	1709	2885421198
21907	1734	2888636036
21909	1696	2890101936
21915	1752	2894898559
21921	1670	2897423821
21923	1784	2898239242
21927	1721	2900173761
21934	1721	2902738951
21936	1740	2903264348
21945	1687	2906894388
21957	1754	2910737138
21966	1729	2916860786
21982	1711	2921518442
21995	1696	2927425405
21997	1744	2927705898
21999	1707	2927991119
22003	1682	2929573678
22007	1774	2930223362
22023	1692	2935570944
22044	1732	2942901296
22045	1683	2943012124
22049	1688	2943947439
22056	1686	2946834925
22071	1688	2951326083
22072	1717	2951642485
22073	1730	2952574337
22081	1681	2956600904
22084	1707	2957266932
22088	1024	2959102857
22090	1726	2959859985
22092	1736	2960211114
22102	722	2964391119
22106	1722	2965911128
22107	1215	2965970730
22112	1693	2967697148
22124	1683	2974601620
22126	1707	2975186265
22150	1698	2983336753
22151	1707	2983478199
22154	1718	2984624337
22156	1704	2985524297
22165	1714	2988613376
22176	1703	2990378741
22179	1726	2990839402
22183	1741	2992066106
22192	1721	2996032317
22194	1662	2997006867
22199	1655	2999247783
22206	1694	3001190420
22209	1711	3002918081
22214	1711	3004247935
22225	1696	3007035000
22233	1763	3008500182
22237	1695	3009489328
22242	1752	3011320508
22243	1774	3011585970
22252	1696	3013660464
22253	1701	3013706238
22257	1731	3014623399
22263	1692	3017911133
22264	1726	3018360829
22270	1663	3019552412
22282	1720	3024038192
22284	1753	3024268581
22296	1687	3027566006
22303	1705	3029855841
22309	1716	3033251934
22313	1732	3033961608
22322	1752	3039425837
22327	1695	3041294099
22331	1692	3042901204
22335	1694	3044646381
22341	1756	3046278801
22343	1739	3047172540
22352	1719	3050084357
22358	1708	3051929982
22359	1642	3052073859
22364	1770	3053329556
22377	1750	3058408709
22378	1742	3058608163
22380	1249	3058821427
22384	1695	3060120329
22386	1674	3061010805
22397	842	3064272257
22403	1709	3064667925
22406	1665	3065279129
22413	1758	3068513601
22421	1642	3070218474
22431	1709	3074757240
22439	1742	3078249777
22452	1751	3081649710
22461	1716	3084628786
22466	1674	3085709206
22475	1717	3089538372
22477	1745	3090286796
22479	1650	3090864337
22480	1726	3091179856
22490	1745	3094138516
22493	1667	3095208043
22494	1748	3097465999
22497	1727	3098638818
22511	1731	3104542955
22515	1711	3106532380
22517	1708	3106707445
22525	1700	3110081393
22530	1754	3110960809
22547	1731	3119535932
22552	1722	3120266892
22558	1694	3123635147
22563	1746	3124232530
22570	1737	3125903490
22579	1775	3131779189
22587	1719	3134812192
22589	1685	3135255485
22590	1702	3135339941
22592	1638	3137916421
22597	1685	3138972527
22604	1686	3142264495
22605	1739	3142598588
22607	1722	3143135645
22625	1690	3154587306
22640	1681	3159420861
22641	1705	3159584381
22645	1744	3160933222
22646	1733	3160979886
22647	1690	3161215038
22655	1686	3163442501
22658	1726	3164752690
22675	1741	3169703081
22678	1744	3170791644
22680	1684	3172152844
22694	1695	3180123901
22704	1689	3184455692
22711	1679	3185699941
22723	1776	3191439041
22735	1721	3196225902
22738	1759	3199170130
22739	1676	3200142468
22745	1683	3202290494
22747	1723	3202773816
22748	1705	3203338749
22754	1703	3204510116
22758	1722	3205029825
22760	1559	3205357807
22768	1692	3206887813
22770	1701	3208651986
22778	1739	3211795036
22780	1446	3213018178
22802	1725	3223578778
22817	1750	3230842901
22821	1719	3232580402
22830	1668	3234530911
22831	1738	3234977312
22833	1740	3235124683
22834	1053	3235263666
22852	1723	3242649911
22860	1696	3245151695
22862	1669	3245370620
22863	1696	3246010449
22864	1754	3246077098
22871	1737	3248364186
22873	1731	3248534037
22875	1686	3248702328
22878	1725	3249808333
22885	1745	3252077082
22893	1686	3255801796
22895	1675	3256003654
22900	1710	3257238582
22901	1717	3257680880
22905	1727	3261990758
22906	1742	3262120950
22908	1725	3263729593
22918	1687	3268080421
22934	1052	3274481535
22938	1773	3274996200
22963	1639	3286418659
22965	1734	3286848948
22971	1716	3290037200
22974	1720	3290853444
22975	1741	3290858264
22981	1653	3291842156
22999	1703	3296867716
23010	1712	3304327420
23014	1720	3305547711
23018	1804	3306401462
23019	1727	3306830933
23035	1743	3309834867
23040	1705	3311348095
23041	1733	3312834630
23043	1667	3313612946
23045	1768	3313817140
23046	1684	3314512870
23047	1690	3314863589
23049	1689	3315371761
23051	1661	3315720177
23072	1700	3322471714
23073	1728	3322853067
23077	1677	3323832850
23080	1745	3325849340
23092	1754	3330127547
23100	1699	3331730758
23101	1730	3331818928
23104	1726	3332428175
23109	1776	3333102672
23111	854	3333228361
23125	1779	3337219278
23128	1698	3338040183
23130	1718	3339578202
23140	1720	3344208556
23148	1742	3347176197
23150	1709	3347285277
23154	1748	3348042781
23156	1704	3349581642
23159	1740	3351189174
23168	1702	3354055841
23183	1748	3358350415
23186	1691	3359514126
23190	1749	3360593439
23198	1728	3364336863
23203	1671	3365368411
23207	1735	3366239149
23208	1701	3366569473
23209	1729	3366627622
23229	1711	3371311218
23236	1714	3373427096
23243	1714	3375122540
23245	1696	3375470727
23252	1666	3378181519
23256	1699	3378873553
23260	1744	3379966593
23286	1656	3392829197
23287	1680	3393074626
23289	1685	3393377998
23290	1727	3393522424
23300	1489	3398454961
23321	1750	3409519121
23330	1722	3411544404
23332	1753	3412101120
23349	1685	3419490574
23350	783	3419752697
23370	1693	3429923730
23375	1706	3433038428
23377	1682	3433638122
23380	1696	3434278486
23386	1734	3436113315
23393	1682	3438119815
23398	1718	3439904463
23407	1704	3446436151
23409	1723	3447225545
23414	1738	3449174956
23415	1678	3449790931
23419	1722	3450186078
23421	1702	3451096975
23422	1653	3451140850
23425	1687	3452025869
23428	1715	3452688225
23431	1675	3454334131
23436	1017	3457248139
23437	1748	3457449640
23438	1742	3458126157
23439	984	3458157100
23442	1756	3458931435
23444	1750	3459099838
23448	1666	3461453891
23449	1645	3461509189
23461	1720	3466296963
23463	1741	3467586348
23464	1675	3467913116
23466	1698	3468117161
23475	1713	3471044120
23478	1684	3471689506
23487	1701	3474931846
23490	1725	3475115307
23495	1669	3476344049
23507	1701	3482889645
23513	1634	3486859921
23517	1756	3487571795
23529	1686	3492120484
23538	1738	3494955454
23542	1702	3495973945
23547	1665	3498558556
23556	1703	3501059336
23563	1674	3502621999
23568	1738	3504166415
23590	1723	3515421344
23591	1724	3515598272
23598	1717	3518515534
23599	1754	3518853885
23610	1740	3522265229
23624	1771	3527667242
23632	1651	3531936549
23642	1673	3533812869
23662	1713	3540650808
23675	1713	3549974785
23682	1716	3552243862
23684	1701	3553123689
23691	1692	3557519067
23695	1702	3558558295
23701	1728	3559211746
23703	1681	3560266280
23704	1713	3560866602
23707	1694	3563813962
23725	1667	3572202519
23726	1725	3572299418
23732	1752	3573614231
23740	1718	3577093940
23741	1742	3577819588
23742	1729	3578274192
23746	1732	3579498544
23758	1708	3583185130
23766	1632	3588353721
23776	1678	3591235343
23784	1704	3593596129
23788	1757	3594986385
23791	1734	3596974032
23801	1702	3600749276
23819	1662	3610924956
23820	1717	3611418674
23825	1758	3612506392
23828	1689	3613626985
23833	1744	3615660233
23836	1735	3616564346
23852	1742	3619641977
23857	1704	3622503410
23866	1679	3628662324
23878	1746	3631924545
23883	1784	3633980267
23885	1777	3634383715
23900	1739	3641501921
23902	1706	3641765933
23906	1743	3643030118
23917	1747	3648905409
23924	1708	3650909201
23926	1772	3651694184
23929	798	3652881866
23934	1685	3653612816
23937	1696	3655838655
23939	1663	3655950702
23944	1744	3657883504
23950	1676	3658415965
23958	1745	3661415404
23971	1690	3669353976
23981	1744	3674264079
23993	1691	3679021005
24017	1722	3684385760
24034	1733	3691386261
24039	1737	3693012760
24053	1731	3701690328
24056	1704	3702778729
24064	1675	3704717955
24067	1749	3706014643
24073	1705	3710048683
24074	1674	3711293713
24083	1704	3714458613
24084	1717	3714581893
24087	1685	3715368465
24089	1700	3715756934
24098	1717	3718676277
24100	1720	3720702457
24114	1734	3723630773
24134	1683	3731995689
24137	1678	3733917647
24147	1756	3739366041
24149	1748	3740036939
24158	1670	3742312021
24170	1651	3745211129
24179	1699	3746393474
24183	1697	3750369150
24194	1724	3754384664
24195	1682	3754386948
24208	1705	3757682443
24212	1663	3759028848
24216	1728	3759536642
24218	1739	3760259076
24244	1721	3767227981
24253	1733	3771758167
24261	1751	3774726941
24263	1738	3774835453
24284	1748	3782544823
24285	1721	3782623408
24304	1700	3788331026
24317	1681	3793796842
24320	1714	3794940569
24325	1724	3796202978
24344	1724	3803649422
24359	1715	3807217645
24361	1694	3808264361
24373	1670	3812408612
24376	1672	3813666430
24379	1718	3815399827
24390	1702	3820150203
24391	1655	3820232455
24392	1782	3820368693
24393	1299	3820517721
24398	1699	3821667364
24399	1673	3821732181
24401	1722	3821940617
24409	1742	3823754141
24410	1396	3823758402
24417	1700	3824699705
24431	1737	3828819247
24443	1745	3833210214
24449	1741	3836411835
24454	1731	3837695047
24459	1719	3839473944
24466	1746	3842457699
24469	1707	3842761194
24478	1728	3847739548
24483	1716	3848977555
24511	1718	3860403146
24525	1682	3865091184
24526	1656	3865167236
24531	1662	3865928653
24536	1748	3866712914
24537	1707	3867092246
24539	1663	3868244223
24540	1710	3868365699
24550	1726	3873390386
24552	1706	3873766465
24554	1732	3874746377
24561	1704	3877627404
24562	1724	3877632075
24563	1703	3877686772
24566	1682	3879262632
24577	1687	3883400007
24585	1705	3885561111
24588	1771	3886163479
24594	1714	3888125390
24602	1715	3890667476
24604	1712	3893075091
24606	1738	3893546332
24624	1738	3898782835
24625	1754	3898846334
24626	1714	3899067094
24630	1707	3902641700
24635	1350	3903368087
24638	1757	3904506261
24647	1719	3908905260
24656	1717	3914076303
24660	1709	3915389200
24661	1725	3915802486
24662	1758	3915819227
24679	1708	3920557740
24687	1705	3922790462
24690	1727	3923236668
24692	1670	3923490898
24694	1749	3923775100
24697	1722	3923964024
24702	1706	3924688968
24705	1667	3926314075
24708	1725	3927717246
24712	1655	3929439505
24725	1653	3935037660
24727	1710	3935861338
24736	1758	3940052762
24745	1716	3946881232
24747	1755	3947542896
24753	1714	3950427453
24762	1706	3955694177
24763	1684	3955814623
24764	1635	3955895439
24769	1700	3957100180
24778	1712	3958581569
24783	1678	3960605931
24786	1721	3961528626
24790	1704	3962361449
24793	1730	3962788648
24802	1745	3965066731
24803	1752	3965143494
24808	1725	3966930715
24816	1705	3970439593
24827	1712	3975588874
24828	1683	3975875577
24834	1665	3977259356
24843	1659	3978879384
24845	1686	3980214413
24849	1676	3980839105
24851	1683	3981559586
24853	1733	3981982764
24854	1719	3982050693
24856	1707	3982266689
24864	1729	3985730061
24869	1687	3986576369
24871	1146	3987406095
24887	1703	3992391332
24892	1719	3993329551
24900	1727	3998725814
24913	1716	4002777155
24919	1752	4004542043
24920	1672	4005067915
24922	1765	4005561516
24928	960	4007189771
24929	1666	4007319744
24933	1644	4008211445
24939	1697	4009275729
24951	1755	4011599471
24958	1763	4018846417
24962	1732	4020185160
24972	990	4022311620
24983	1705	4026762014
24995	1728	4030775833
24997	1732	4031011945
25011	1755	4034216753
25021	1677	4039108464
25022	1694	4039437345
25030	1735	4041289590
25042	1646	4044788143
25045	1676	4045104318
25047	1706	4045528451
25050	1673	4046550372
25051	1738	4047241200
25053	1726	4047353661
25058	1709	4049884161
25069	1688	4052255564
25080	1701	4055532862
25082	1507	4058612467
25089	1734	4060059448
25097	1697	4061272642
25098	1732	4061354721
25100	1750	4061810358
25102	1763	4062153756
25104	1693	4062574919
25118	1735	4067204867
25124	1780	4069957924
25125	1681	4071507417
25131	1732	4072866667
25144	1716	4078434738
25147	1655	4079506983
25148	962	4079642715
25150	1666	4079978318
25164	1685	4084362467
25169	1705	4085875996
25175	1708	4086595447
25182	1667	4088209994
25185	1758	4089620226
25189	1780	4090548935
25220	1683	4102256822
25229	657	4105571539
25236	1680	4108968524
25239	1690	4109322971
25242	1683	4109888498
25246	1726	4111140739
25248	1693	4111405084
25249	1657	4111566223
25251	1740	4113400995
25256	1675	4115210423
25264	1749	4119449697
25268	963	4120800120
25279	1754	4124695368
25289	1712	4130136850
25292	1704	4131022466
25297	1699	4132569800
25302	1676	4134301787
25314	1793	4137525583
25321	1661	4141015379
25333	1661	4144176058
25334	1724	4144546200
25345	1675	4148078081
25379	1682	4161230302
25384	1699	4162859289
25415	1703	4169332342
25421	756	4171684370
25439	1304	4175074620
25442	1724	4175845762
25446	1709	4179531403
25449	1737	4181045393
25453	1702	4182084402
25461	1687	4185954146
25477	1712	4191141968
25490	1686	4194622164
25494	1715	4196147216
25518	1746	4207644338
25536	1699	4212073178
25543	1685	4214019417
25554	1710	4216738258
25558	1667	4218256293
25560	1719	4220693925
25562	1712	4221365121
25567	1752	4223166106
25570	1685	4223649500
25582	1741	4229219261
25583	1746	4229242231
25588	1699	4230402551
25594	1684	4232422935
25596	1732	4232903629
25597	1735	4233871628
25598	1731	4233882602
25610	1692	4236874363
25615	1708	4238306359
25624	1737	4242574614
25625	1728	4242689394
25626	1735	4243045717
25636	1749	4246991278
25644	1702	4249973960
25651	1723	4251424743
25655	1706	4253200896
25658	1754	4254355036
25660	1747	4255577169
25678	1696	4258373424
25681	1670	4260962205
25687	1703	4263435617
25689	1704	4263763938
25695	1673	4265984164
25701	1731	4267787411
25707	1684	4271553314
25708	1710	4271638242
25716	1679	4273485969
25720	1694	4274028561
25726	1755	4276980834
25733	1673	4277631650
25736	1742	4277972471
25739	1711	4281463646
25745	1752	4282892447
25748	1695	4283394372
25757	1727	4285983970
25771	1730	4290994953
25774	1689	4291759229
25775	1678	4291934017
25779	1772	4292868281
25783	1686	4294266873
25804	1701	3392712
25811	1692	7397602
25830	1751	11506464
25850	1704	16154375
25855	1679	18237347
25862	1694	19617315
25871	1697	21966192
25893	1727	32913745
25896	1767	34105998
25901	1701	35510970
25903	1716	36203761
25904	1724	36232322
25913	1664	41642734
25917	1716	44712607
25928	844	50279757
25941	1757	55661251
25961	1773	61315473
25964	1740	62002160
25965	1743	62231130
25969	1685	64037688
25974	1714	66028166
25984	1694	72680748
25986	1651	72972693
26000	1682	76926413
26017	1680	81281494
26043	1491	92409211
26049	1707	94640924
26050	1725	94770136
26061	1757	97619257
26066	1712	99903845
26074	1690	101415715
26088	1669	105590965
26094	1565	109592818
26104	1749	113420838
26105	1688	113772870
26114	1759	116967660
26127	1732	121995453
26132	1660	123286502
26161	1742	133477316
26163	1685	134979164
26173	1710	138157715
26174	1706	138263442
26181	1730	141091499
26185	1719	143006678
26209	1685	154916074
26215	1662	156071560
26230	1669	161239060
26236	1703	163774622
26241	1766	164815583
26245	1720	166726241
26246	1698	167254308
26254	1762	171072871
26256	1736	171605931
26264	1739	173352478
26279	1731	179022593
26280	1702	179025322
26282	1740	180503515
26296	1687	184663499
26303	1700	187036034
26307	1648	187608022
26312	1672	189020944
26320	1733	192636228
26345	1659	201032175
26354	1757	204541798
26362	1736	207647911
26376	1707	214807977
26380	1678	217023342
26385	1712	219006669
26386	1718	219192171
26392	1650	221908807
26398	1741	224052669
26406	1722	227220888
26426	1736	233700118
26432	1724	234714147
26434	1746	235570215
26437	1724	235872794
26438	1692	235950563
26446	1694	239283684
26455	1722	241526030
26464	1729	243545443
26469	1704	245515728
26480	1699	247845169
26496	1693	254790920
26509	1658	258766391
26512	1739	259126374
26513	1751	259156263
26518	1673	260286606
26524	1717	260896384
26526	1689	261421464
26532	1694	263559133
26541	1316	266532397
26544	1685	266898058
26546	1692	267114037
26555	1726	270272097
26560	1690	273927988
26568	1742	276719065
26571	1707	277573071
26577	1700	281682517
26578	1713	281969446
26610	1681	295126276
26617	1676	297371023
26618	1751	297633462
26619	1704	297887438
26640	1703	305082446
26647	998	307950593
26668	1699	314906416
26670	1711	315274729
26690	1710	320944874
26701	1707	324638737
26713	1740	330534134
26725	1725	335758397
26728	1703	336652511
26729	1707	336828877
26735	1391	338250741
26737	1716	338761815
26742	1679	339833701
26746	1728	341291037
26754	1767	344705652
26756	1694	345308881
26757	1684	345310927
26776	1665	349583328
26777	1694	349887009
26781	1659	350884082
26797	1726	358754691
26809	1710	364577494
26817	1732	366611393
26828	1660	370569718
26843	1656	376869267
26847	1712	379262108
26848	1753	379329262
26856	1742	381516778
26863	1742	386401042
26864	1658	386409842
26870	1719	387819297
26877	1716	391774284
26892	1722	397601479
26896	1688	398269641
26902	1711	400083063
26903	1702	400092229
26906	1725	401276914
26910	1731	401628841
26911	1760	402152208
26935	1761	410749524
26945	960	415517386
26956	1684	417899019
26959	1683	418359178
26962	1725	419233215
26971	1696	421396934
26972	1710	421958637
26987	1658	428225767
26991	1717	431211946
27004	1558	435952082
27005	1703	436129469
27012	1707	437214722
27023	1754	439349703
27029	1691	440408743
27035	1715	442651105
27044	1719	446048085
27052	1688	448694947
27059	1751	449834601
27060	1721	449844425
27084	1682	458505791
27091	1725	460519425
27121	1779	468761983
27127	1720	470443745
27129	1765	471203574
27147	1728	479525922
27151	1731	482477285
27152	1667	482621233
27153	1774	482730326
27161	1743	485312650
27162	1701	485446890
27167	1675	486201043
27171	1729	487490082
27175	1708	488557702
27176	1742	488592005
27181	1777	489507536
27182	1737	489825796
27190	893	492997719
27192	1709	493332263
27204	1719	498112727
27218	1752	500246603
27227	1744	503066813
27258	1730	511837776
27264	1747	514192107
27280	1655	522334935
27285	1746	523695110
27287	1652	524179997
27304	1679	531275043
27309	1702	531954099
27314	1704	535332085
27322	1687	538375284
27323	1752	539086402
27327	1778	540865775
27336	1671	542826776
27340	1772	543761284
27343	1663	545218422
27348	1715	545985055
27351	1725	548916190
27352	1660	548962492
27354	1673	549486870
27361	1707	551874797
27362	1773	552597832
27377	1767	561401880
27379	1676	562821517
27385	1653	564641937
27386	1717	564828843
27389	1724	566398500
27392	1698	567813592
27395	1688	568864280
27396	1771	569395238
27397	1706	569500940
27399	1708	570058486
27408	1725	573418461
27419	1711	579130065
27425	1747	580772567
27426	1729	580915072
27427	1661	580931379
27443	1728	585911891
27467	1759	595867623
27483	1058	604010868
27486	1707	605257766
27490	1718	606765198
27509	1748	614728565
27513	1749	616535224
27516	1723	619274077
27519	1707	619932600
27520	1671	620774784
27521	1758	621371252
27524	1677	622373052
27529	1714	626067688
27537	1685	628215344
27544	1676	629797813
27562	1689	634540755
27579	1744	640275685
27587	1729	642568006
27591	1738	644069301
27600	1719	646983149
27619	1754	651724855
27621	1681	652237854
27629	1179	654118511
27632	1734	654983943
27640	1723	656448919
27644	1747	659856979
27675	1751	668223583
27677	1719	669634382
27683	1735	670745219
27689	1678	673167289
27700	1698	676743477
27712	1703	682421862
27723	1717	685366175
27727	1790	686927975
27729	1690	687036826
27734	1694	688046991
27737	1673	690138557
27744	1706	692211789
27758	1740	695535232
27760	1678	696367699
27762	1674	696904375
27763	1702	697349973
27780	1667	703631776
27787	1717	704807947
27797	1727	707673383
27800	1721	708182129
27809	1693	710340974
27811	1662	710616035
27813	1780	711955384
27825	1728	714279853
27831	1685	716981392
27836	1730	718195972
27853	1675	725379092
27855	1757	725814000
27865	1687	727878911
27869	1650	728937301
27890	1735	734822465
27899	1690	740591185
27912	1698	746054431
27914	1717	747022936
27915	1702	747259339
27917	1681	747924903
27924	1727	751617645
27930	1664	753225011
27936	1740	754805793
27946	1716	758229051
27957	1730	764534181
27959	1701	764834114
27978	1703	770312878
27979	1719	770535249
27982	1723	771345495
27987	1698	773387283
27994	1679	775184524
28009	1290	782237222
28021	1725	786616304
28036	1744	792292127
28046	1653	793888993
28061	1693	796348823
28064	1710	797019623
28080	1714	802435399
28084	1694	803323645
28086	1718	803397260
28090	1709	803996966
28091	1733	804236127
28102	1718	806255254
28125	1749	812675516
28129	1726	814298043
28134	1663	815405762
28135	1712	815492604
28136	1733	815608813
28148	1721	818892353
28150	1730	819290385
28151	1693	819523900
28152	1667	819670090
28156	1712	822603542
28157	1714	822646823
28167	1394	826861413
28173	1671	828092942
28176	1727	829951307
28181	1725	831593830
28183	1679	832291023
28187	1713	833267288
28194	1698	836219783
28212	1738	838657193
28216	1677	840476827
28229	1678	846657059
28235	1697	847821912
28239	1715	849870874
28250	1709	852855707
28252	1665	853066387
28256	1707	854498437
28266	1712	858257150
28276	1735	860561296
28289	1681	864975434
28309	1692	871403077
28313	1707	873575173
28316	1654	874489489
28323	1682	875817279
28325	1733	876051358
28331	1721	878152092
28334	1638	878587269
28341	1725	884557191
28344	1706	885203872
28349	1700	886338867
28362	1651	891386212
28377	1392	898390522
28382	1713	899378770
28389	1692	901784462
28392	1663	901941413
28417	1696	907361595
28421	1691	907838778
28422	1737	908211633
28426	1704	908332963
28427	1690	908630336
28428	1696	909000235
28433	1716	910155514
28454	1712	917856435
28455	1731	918820440
28460	1704	919426356
28467	1702	921678539
28468	1709	921709329
28469	1808	921817088
28473	1664	922959190
28477	1704	926052815
28483	1674	928663747
28485	1698	929318184
28486	1691	929360423
28498	1754	933297919
28507	1678	937522946
28516	1734	940393314
28518	1753	941543246
28523	1671	942346755
28531	1686	945655214
28534	1771	946428479
28535	1773	946671252
28537	1347	947461729
28545	1692	949720311
28557	1701	953550942
28565	1656	955731858
28570	1708	957846598
28575	1708	960664234
28577	1680	960908560
28592	1726	966392821
28593	1704	966619842
28609	1723	972272517
28610	1746	972302518
28611	1695	972379673
28616	1707	973613697
28623	1655	974898439
28627	1692	976318779
28638	1712	978909292
28644	1678	980503259
28654	1715	981949613
28659	1696	982890980
28660	1716	983053595
28668	1722	986714622
28683	1749	989757324
28692	1712	991650736
28693	1679	991880179
28706	1671	994713739
28707	1639	995356177
28710	1720	997559846
28714	1726	999350987
28722	1704	1001116017
28732	1713	1006681201
28737	1663	1007323003
28760	1709	1014241236
28773	1741	1016791490
28775	1662	1017239500
28799	1739	1024199084
28814	1746	1030667626
28826	1700	1033157389
28828	1698	1034801283
28830	1705	1035336744
28834	1714	1035694533
28836	1750	1036065775
28845	1733	1040093247
28850	1700	1041315571
28853	1689	1042241114
28858	1683	1043268076
28859	1678	1043569050
28861	1738	1043744838
28866	1774	1045628534
28885	1677	1052501249
28918	1678	1061659174
28920	1766	1061836277
28930	1699	1064544534
28931	1746	1064592590
28936	1674	1065336241
28938	1747	1065652178
28941	1706	1068340700
28954	1722	1071283017
28964	1729	1073725886
28966	1725	1074076221
28974	1662	1076346848
28988	1709	1082305694
28990	1745	1083438262
28994	1703	1084710763
28996	1748	1085576450
29002	1678	1090383789
29018	1687	1095396414
29025	1740	1097080794
29031	1660	1099346979
29034	1710	1100435518
29042	1674	1103450497
29061	1701	1111775891
29072	1668	1115185089
29078	1708	1117466015
29084	1716	1118809444
29095	1660	1122108029
29097	1658	1122376865
29101	1708	1122868728
29104	1667	1124077795
29105	1693	1124270396
29118	1674	1126028098
29119	1722	1126064605
29140	1767	1134025076
29142	1717	1134222020
29144	1739	1134921465
29154	1499	1137413503
29156	1744	1137610151
29159	1681	1138276974
29176	1755	1143947155
29186	1678	1146436260
29211	1718	1152425509
29214	1721	1153650489
29240	1717	1161532553
29246	635	1163767351
29261	1744	1167423531
29262	1747	1167731802
29263	1659	1168078331
29265	1763	1168538953
29278	1702	1172583767
29302	1660	1178805232
29303	1731	1178946358
29308	1726	1180378566
29309	1666	1180450648
29310	1480	1180613399
29315	1667	1182799349
29322	1767	1184498675
29324	1756	1185284339
29325	1736	1185316036
29328	1690	1185788506
29338	1684	1188597025
29344	1684	1189452274
29345	1710	1189722151
29363	1703	1198194260
29365	1664	1198420167
29372	1450	1202814362
29386	1681	1207388768
29387	1705	1207540724
29389	1736	1207826295
29398	1672	1209732839
29400	1695	1210829342
29402	1714	1213227593
29413	1701	1219176601
29428	1680	1222700170
29446	1748	1229351111
29470	1763	1239344094
29472	1742	1240147517
29474	1681	1241160857
29480	1661	1242527554
29481	1733	1242705644
29488	1683	1243550108
29489	1747	1243837414
29496	1693	1246477441
29501	1705	1249676090
29504	1724	1250740621
29509	1717	1254381783
29512	1712	1255111458
29528	1745	1259874281
29532	1698	1261336749
29537	652	1262441553
29545	1726	1264918541
29546	1704	1266246518
29556	1745	1268623196
29572	1001	1274463420
29577	1687	1275979377
29583	1706	1278182754
29585	1703	1278448493
29588	1709	1279876953
29594	1711	1284155370
29610	1702	1290609112
29629	1709	1297458956
29632	1765	1298170778
29635	1100	1299702411
29652	1743	1303976570
29656	1768	1305668024
29657	1582	1306549833
29659	1704	1306741550
29663	1726	1307394112
29664	1726	1307512423
29667	1677	1307913107
29668	1757	1308192759
29680	1712	1309701377
29685	1675	1311527712
29697	1717	1315808177
29700	1732	1316108225
29706	1744	1318309871
29714	1727	1319853622
29719	1705	1322150741
29729	1716	1324362641
29739	1718	1326539484
29751	1693	1328866675
29755	1732	1330530590
29772	1703	1337085863
29780	1684	1338629590
29784	1725	1339713573
29787	1751	1340282054
29788	1674	1340878652
29790	1704	1341502777
29799	1676	1344033740
29802	1747	1345471598
29805	1658	1347085008
29840	1759	1357114525
29844	1729	1358209743
29854	1664	1362063394
29860	1725	1363531444
29861	1694	1364460124
29875	1717	1368021232
29888	1718	1371864212
29900	1710	1377850206
29905	1705	1378432047
29916	1693	1380817785
29917	1718	1380884934
29921	1680	1381865418
29922	1710	1382181183
29930	1338	1384282640
29941	1696	1387721242
29954	1756	1390582429
29955	1693	1390836391
29968	1714	1393749800
29975	1699	1395079842
29976	1687	1395959012
29986	1689	1399742988
29987	1715	1400608881
29991	1762	1401841965
29992	1724	1402469475
30008	1755	1407957229
30020	1695	1409944842
30028	1680	1413749896
30034	1713	1415163462
30037	1742	1415622571
30058	1762	1421584309
30072	1669	1425600387
30080	1690	1427412021
30088	1697	1429911450
30092	1731	1431392563
30095	1717	1431949379
30099	1690	1433381040
30101	1735	1434294096
30109	1553	1436720180
30112	1713	1439473010
30115	1723	1439952919
30126	1740	1443726516
30136	1682	1447796720
30142	1722	1449964687
30147	1689	1453906458
30153	1687	1455492922
30154	1764	1455800083
30170	1751	1463000498
30182	1744	1465916289
30183	1722	1466072751
30186	1757	1466911718
30188	1718	1467293548
30189	1710	1467961716
30192	1754	1469407833
30193	1727	1469591133
30202	1719	1471715697
30209	1760	1473644220
30211	1708	1474001970
30212	1733	1474051675
30215	1678	1474622323
30231	1732	1479972558
30233	1739	1481256855
30234	1662	1482083413
30237	1734	1483256083
30265	1653	1491155061
30275	1710	1493631106
30299	1717	1502238081
30300	1689	1502363923
30318	1678	1508959835
30323	1655	1511932093
30324	1706	1511935064
30334	1709	1514734161
30342	1716	1515846103
30344	1724	1516525127
30347	1754	1517254235
30349	1731	1517503277
30362	1714	1522668545
30370	1740	1525757402
30372	1731	1526239974
30381	1730	1529551830
30384	1761	1529842255
30388	1747	1531286389
30389	1744	1531685151
30390	1714	1531897481
30411	1745	1541911936
30414	1746	1542320539
30416	1693	1542548107
30424	1740	1544094757
30432	1737	1547103198
30437	708	1548040025
30450	1674	1552324686
30454	1679	1553107366
30455	1711	1553284822
30474	1716	1562367811
30501	1733	1566896288
30502	1733	1567170078
30524	1681	1572419926
30526	1702	1573905043
30529	1727	1574579798
30533	1637	1575572438
30534	1737	1575654391
30550	1672	1579123021
30553	1656	1581893550
30559	1770	1583468881
30585	1720	1589944154
30587	1661	1590166481
30588	774	1590379665
30597	1723	1592865531
30603	1694	1594197662
30607	1694	1595568723
30611	1659	1596250983
30622	1711	1602654051
30645	1696	1607728397
30653	1693	1609266020
30658	1747	1610003162
30662	1680	1610772880
30663	1751	1611543795
30670	1749	1613414621
30685	1690	1619021213
30686	1755	1619218223
30706	1678	1627345882
30714	1701	1629567109
30718	1702	1630028590
30721	1705	1630395623
30725	1680	1630719821
30769	1663	1648164045
30789	1714	1654257917
30791	1735	1654989304
30796	1721	1656994735
30805	1750	1659299607
30841	1713	1668273727
30862	1760	1672686853
30864	1696	1672866832
30865	1742	1672903285
30866	1725	1672970071
30873	1672	1674179280
30876	1714	1674610250
30878	1740	1675591873
30886	1683	1677258162
30897	1674	1678907336
30899	1763	1680011045
30904	1715	1683455404
30910	1728	1685507509
30916	1748	1686615367
30945	1703	1694050933
30946	1698	1694312393
30964	1693	1698793099
30965	1731	1699305599
30971	1737	1700074660
30975	1695	1703532792
30980	1712	1704166621
30987	1704	1704976321
30990	1719	1705297217
30991	1680	1705596854
30993	1779	1705937687
30996	1731	1706669262
30997	1713	1706710408
31000	1715	1707844055
31004	1718	1708582906
31022	1696	1714216199
31023	1747	1714729844
31030	1720	1716626648
31046	1706	1721092522
31054	1709	1724849883
31055	1694	1725019352
31057	1700	1725509022
31064	1716	1727718504
31068	1687	1728638455
31070	1668	1730171146
31072	1662	1730196313
31078	1682	1733009843
31083	1751	1733928834
31086	1700	1734649444
31097	1705	1738572072
31104	1733	1740344063
31105	1695	1741043290
31106	2611	1741526581
31125	1737	1748091256
31129	1681	1748807399
31135	1745	1749757106
31140	1720	1751040466
31149	1687	1753416180
31154	1640	1753801967
31157	1720	1754981779
31165	1718	1756950075
31170	1696	1757693390
31173	1758	1758014549
31174	1713	1758316163
31189	1652	1762014406
31191	1698	1762375852
31194	1670	1765123443
31205	1752	1768633022
31212	1739	1770966906
31214	1681	1772154015
31219	1747	1772836616
31223	1682	1774418256
31225	1751	1774906109
31235	1674	1777644114
31243	1717	1781063663
31259	1732	1787164772
31264	1697	1789124705
31276	1666	1792393327
31279	1744	1793373137
31292	1696	1795295749
31301	1716	1797115765
31303	1719	1797916054
31311	1254	1800792123
31316	1703	1801608361
31318	1708	1801842713
31325	1699	1803156014
31326	1700	1803213029
31328	1725	1803680398
31330	1680	1806177325
31362	1669	1817860561
31363	1734	1818084216
31364	1697	1818211322
31367	1721	1819108580
31375	1705	1821370904
31390	1705	1827163505
31392	1734	1827393429
31400	1683	1829395848
31402	1765	1830213976
31406	1677	1831423074
31413	1730	1832843833
31450	1769	1840163577
31468	1684	1843069857
31481	1681	1848758120
31484	1708	1849111993
31485	1716	1849509500
31493	1735	1851776289
31502	1701	1853527904
31503	1732	1853562535
31506	1710	1854053089
31538	1739	1860750928
31555	1675	1867180525
31558	1788	1869157360
31559	1670	1869191702
31564	1774	1869609703
31565	1691	1869765902
31572	1029	1872137425
31579	1728	1873823241
31594	1741	1879162726
31603	1682	1881616649
31616	1723	1886988632
31619	1722	1887946769
31625	1691	1888917825
31633	1674	1890021553
31642	1729	1891990769
31647	1694	1893435854
31650	1738	1893871713
31655	1671	1895068118
31664	1676	1897637618
31672	1765	1898832576
31681	1753	1901093272
31694	1670	1903611734
31705	1708	1907618391
31708	1708	1911952416
31714	1326	1912772805
31726	1712	1916085122
31734	1702	1917636775
31737	1718	1918112522
31757	1694	1925791936
31763	1681	1928496147
31770	1713	1929856865
31774	1670	1931040723
31775	1707	1931289240
31776	1695	1931572481
31780	1673	1932740160
31786	1734	1934138756
31791	1716	1935436172
31792	1747	1935641514
31794	1700	1935708349
31814	1732	1941526080
31815	1721	1941790172
31817	1687	1942109384
31823	1691	1944124360
31831	1722	1949543732
31855	1680	1957054520
31859	1684	1958628702
31861	1685	1958814438
31863	1681	1959500504
31867	1700	1961510444
31873	1673	1962906048
31875	1715	1963345570
31876	1698	1963381193
31879	1763	1964290696
31881	1747	1964519097
31884	1652	1965953637
31889	1668	1967060322
31891	1741	1969666829
31893	1775	1970535421
31907	1705	1973355720
31917	1699	1975120376
31923	1721	1976740547
31924	1667	1976882436
31932	1674	1979653533
31944	1706	1982396707
31946	1753	1983080457
31951	1721	1984083529
31966	1721	1990023826
31969	1753	1990118662
31976	1607	1992543587
31987	1742	1994586706
31994	1738	1996903831
31995	1682	1997402084
32002	1683	1998838848
32007	1693	1999528091
32008	1678	1999546189
32009	1739	1999623892
32017	1733	2001654528
32031	1051	2006931417
32033	1658	2007239843
32046	1721	2012182745
32048	1727	2013234754
32068	1743	2018166303
32071	1731	2018697664
32091	1709	2022443723
32100	1719	2024176388
32101	1698	2024576640
32106	1723	2026061058
32114	1731	2030437034
32130	1714	2034707169
32132	1764	2035228147
32134	1756	2035871960
32135	1748	2036451764
32140	1737	2038504483
32148	1733	2040202728
32152	1673	2041120396
32167	1705	2044237907
32197	1738	2056010790
32233	1703	2062708410
32249	1706	2068245072
32250	1698	2068326950
32273	1704	2077707493
32276	1650	2078187078
32278	1732	2078923773
32279	1688	2079354669
32292	1698	2082288019
32314	1751	2087902335
32320	1643	2089768797
32323	1685	2092316517
32327	1656	2093629915
32342	1707	2096065619
32344	1765	2096527521
32350	1701	2097869862
32361	1738	2099492737
32362	1648	2099556765
32368	1692	2100705461
32386	1693	2105416665
32402	1644	2109539758
32408	1721	2112520590
32419	1709	2116826389
32422	1448	2117388322
32436	1718	2120877007
32437	1455	2121063443
32438	1652	2121270321
32440	1682	2121858604
32446	1703	2123514474
32449	1707	2124592882
32454	1722	2125810860
32460	1714	2128591650
32461	1715	2128787169
32473	1678	2134721638
32481	1742	2137672833
32489	1717	2140030941
32490	1706	2140073374
32492	1728	2140807180
32495	1704	2141966272
32497	1652	2142517601
32506	1712	2144326662
32507	1734	2144372714
32514	1706	2145637401
32540	1735	2153911140
32546	1741	2155039010
32551	1752	2156036366
32554	1701	2156942862
32561	1738	2159232634
32569	1687	2162846749
32573	1696	2164827880
32579	1703	2165335733
32582	1667	2166426077
32588	1715	2167944656
32596	1695	2171084987
32605	1709	2174463171
32609	1709	2174932274
32611	1694	2176567446
32626	1777	2181991331
32637	1720	2185502250
32643	1718	2187218215
32650	1657	2189968740
32672	1677	2199845134
32673	1251	2199960175
32679	1731	2201250075
32697	1689	2207536702
32700	1734	2208408412
32708	1701	2210319422
32710	1749	2210568089
32717	1735	2211346229
32718	1678	2211690337
32725	1695	2214878113
32736	1729	2217353926
32743	1702	2220134550
32744	1751	2220395613
32745	1640	2220540246
32754	1720	2223615265
32761	1728	2225258830
32762	1719	2225748739
32782	1695	2229517536
32816	1785	2239836980
32837	1723	2245258785
32864	1660	2252145835
32886	1675	2261554659
32905	1732	2266894032
32923	1717	2275466046
32927	1678	2277118247
32928	1688	2277237308
32930	1702	2277833222
32949	1722	2282207922
32950	1731	2282835675
32951	1747	2283013796
32952	1713	2283066799
32965	1705	2285428198
32966	1686	2285580173
32968	1703	2286180291
32978	1051	2289869449
32982	1701	2290694370
32986	1735	2291507854
32987	1701	2291551313
33004	1694	2297777070
33020	1702	2303061895
33025	1678	2303826449
33027	1729	2304875513
33031	1707	2305042673
33032	1730	2305286936
33037	1675	2306786181
33052	1748	2310636500
33053	1722	2310647179
33060	1728	2312838908
33074	1720	2317519868
33076	1708	2317917835
33079	1648	2318850696
33080	1778	2318912194
33086	1744	2320332310
33095	1742	2322601714
33097	1683	2322962274
33105	1709	2324771789
33113	1742	2327715092
33114	1699	2327717286
33122	1679	2331235184
33134	1717	2334061884
33159	1733	2343207804
33161	1677	2343379141
33170	1724	2346653091
33171	1755	2346669652
33175	1715	2347703374
33185	1681	2349940153
33192	1742	2352149256
33194	1720	2352382958
33198	1707	2353452761
33201	1708	2355236849
33203	1692	2357243577
33211	1656	2360867893
33223	1659	2363263304
33234	1686	2366880325
33236	1689	2367662403
33246	1744	2371266511
33253	1698	2373658936
33257	1741	2374193367
33277	987	2380355311
33289	1445	2384598572
33290	1725	2384702123
33292	1754	2384996998
33297	1733	2385661663
33304	1729	2387764340
33309	1748	2389377029
33313	1715	2390135567
33324	1724	2392728860
33332	1708	2395408704
33339	1702	2398722625
33340	1701	2399002791
33350	1755	2401387183
33356	1767	2403267623
33378	1756	2409735440
33383	1677	2411144873
33386	1699	2411773458
33393	1768	2413964605
33399	1697	2414708913
33405	1700	2415885969
33416	1746	2420745115
33419	1752	2422022576
33431	1725	2425248462
33435	1762	2425924691
33436	1705	2426297431
33451	1694	2428468938
33465	1688	2432444818
33469	1695	2434008654
33477	1694	2435730016
33486	1689	2439277678
33500	1710	2442359998
33502	1725	2443695335
33514	1737	2447578259
33537	1745	2453427581
33553	698	2455552996
33555	1698	2456647920
33564	1724	2461062456
33572	1679	2463018994
33573	1695	2463604887
33578	1704	2464494912
33585	1702	2466399914
33586	1730	2466798567
33588	1702	2467092816
33601	1709	2470053189
33604	1678	2470630047
33613	1694	2473911143
33624	1734	2477288043
33632	1765	2480800186
33646	1742	2485356571
33658	1728	2489126262
33659	1721	2489348796
33670	871	2491691144
33674	1733	2493623696
33675	1729	2494053451
33676	1702	2494209159
33693	1748	2497895407
33700	1707	2502001362
33715	1700	2504176235
33724	1670	2507061760
33729	1697	2508452966
33730	1705	2508992090
33731	1727	2509007797
33744	1738	2511315549
33747	1708	2512363439
33753	1705	2513160719
33758	1734	2514426213
33762	1665	2515480952
33763	1686	2515777940
33778	1756	2520704700
33790	1711	2523962615
33793	1655	2524604520
33794	1698	2525258246
33799	1679	2526421760
33816	1672	2531716178
33817	1719	2531994051
33823	1728	2533402322
33829	1660	2535768916
33833	1717	2538332970
33845	1743	2544058498
33846	1691	2544191898
33870	1696	2552455386
33871	1669	2552469402
33883	1727	2556237142
33887	1755	2557081549
33892	1752	2558567546
33901	1694	2563024429
33913	1694	2568714395
33921	1540	2570004315
33923	1748	2570391200
33935	1671	2574495542
33937	1726	2575128626
33939	844	2575472774
33946	1693	2578968347
33954	1764	2580638281
33956	1739	2583668351
33968	1758	2587149380
33984	1680	2591061868
33992	1669	2593024552
33995	1687	2593377336
34016	1680	2600776313
34031	1669	2606426561
34036	1648	2608620292
34037	1755	2608669562
34039	1723	2609270130
34044	1759	2611311504
34046	1716	2611818256
34050	1665	2612511023
34056	1754	2613495647
34066	1744	2616917292
34086	1696	2624383617
34089	1709	2625366709
34098	1679	2627668104
34099	1670	2628163922
34105	1679	2629764075
34107	1686	2630312520
34120	1725	2633891274
34128	1731	2635991608
34136	1702	2638432097
34139	1695	2639928354
34144	1708	2643415515
34155	1708	2647108150
34156	1776	2647125037
34157	1730	2647199090
34161	1698	2648216599
34178	1769	2652358083
34187	1698	2654938156
34228	1697	2670678268
34229	1686	2670734530
34230	1667	2671086134
34238	1705	2672482137
34259	1665	2679063820
34268	1705	2684397001
34269	1732	2684460793
34278	1700	2686629734
34292	1746	2689835234
34297	1643	2691777943
34298	1691	2691861018
34308	1689	2694986463
34314	1708	2697841401
34321	1678	2699399498
34340	1694	2706084470
34341	1738	2706638305
34351	1736	2708576787
34355	1715	2710300572
34358	1709	2711591671
34360	1701	2712201793
34368	1711	2715468590
34374	1672	2717815163
34375	1718	2718324371
34387	1722	2721155403
34398	1726	2725967694
34420	1691	2733856734
34423	1702	2734244467
34426	1707	2734715350
34430	1718	2738108711
34434	1684	2740143186
34441	1732	2743349363
34446	1724	2745790485
34453	1688	2747831301
34467	1753	2751540227
34497	1695	2762781139
34504	1709	2767785974
34505	1679	2767801187
34508	1687	2768898486
34509	1652	2769186960
34512	1697	2770072469
34521	1696	2772941289
34522	1688	2773215015
34530	1680	2774743805
34541	1665	2778580191
34544	1648	2779506211
34549	1730	2780581512
34570	1721	2789339441
34589	1681	2795158074
34609	1697	2801112762
34611	1708	2801527862
34621	1747	2806708922
34628	1757	2807892927
34637	1726	2809122233
34639	1706	2809179658
34645	1670	2812390389
34649	1723	2813835666
34650	1686	2813848710
34657	1727	2817528291
34659	1750	2817838115
34662	1708	2818397385
34679	1666	2821644471
34685	1715	2824137309
34701	1753	2829612138
34704	1664	2830404203
34716	1737	2833603371
34735	924	2837891433
34740	1696	2840125853
34742	1737	2840780726
34751	1688	2843575637
34768	1690	2849882924
34779	1714	2853833415
34789	1742	2855798420
34794	1706	2857740563
34795	1685	2857820567
34798	1750	2858502012
34801	1712	2859792123
34802	1725	2860138919
34809	1708	2863669003
34810	1781	2863960754
34815	1713	2865789071
34827	1657	2871702069
34832	1716	2872991846
34838	1707	2874105398
34843	1738	2875496002
34851	1720	2877767782
34855	1695	2880103546
34856	1720	2880281140
34859	1759	2880947121
34863	1696	2882323456
34868	1692	2884302322
34875	1691	2887465074
34876	1706	2887730183
34879	1715	2889105181
34892	1674	2892287830
34897	1652	2893876624
34901	1728	2895765854
34909	1722	2897630861
34910	1716	2897659125
34931	1723	2903987593
34945	1717	2910558241
34947	1730	2910849178
34953	1711	2913810978
34963	1758	2916210143
34970	1731	2918009420
34972	1689	2918050536
34974	1742	2918621701
34998	1698	2926912929
34999	1737	2928245973
35006	1714	2931585791
35016	986	2934902503
35017	1728	2935077477
35021	1708	2936083555
35039	1733	2940602706
35049	1681	2942089572
35054	1736	2942749162
35056	1674	2942910841
35069	1706	2945674966
35084	1703	2950278286
35100	1669	2954546909
35104	1681	2955694234
35109	1684	2957164456
35110	1712	2957211171
35115	1719	2958267272
35122	1665	2959826037
35127	1714	2961368982
35132	1835	2962565547
35142	1665	2964718107
35144	1742	2965206982
35146	1696	2965939451
35147	1687	2966112006
35157	1711	2971355104
35162	1707	2973007576
35166	1737	2973466078
35182	1749	2977201496
35184	1693	2977689152
35185	1694	2978238249
35198	1685	2983526654
35206	1718	2985230218
35207	1713	2985591094
35219	1677	2990408870
35228	1732	2992090781
35234	1695	2994582589
35236	1717	2995227587
35241	1652	2996783137
35243	596	2997480906
35251	1667	2999640428
35265	1706	3004680727
35280	1682	3011252702
35282	1712	3011536953
35303	1662	3017589421
35317	1712	3021621708
35326	1707	3024294416
35331	1766	3026318109
35352	1705	3032032453
35354	1700	3033213580
35360	1683	3034883636
35377	1698	3038361796
35384	1792	3040952759
35390	1694	3042864426
35393	1747	3043331386
35406	1697	3047284401
35422	1722	3054977814
35429	1709	3057548395
35432	1701	3058545281
35442	1649	3061276605
35444	1740	3061372100
35454	1681	3065076040
35455	1773	3065387796
35478	1658	3074298731
35479	1646	3075277711
35489	1676	3077171940
35491	1673	3077655533
35495	1695	3078251063
35499	1695	3079369498
35500	1086	3079527044
35510	1728	3080870468
35512	1720	3081704994
35514	1709	3082516412
35518	1666	3083571911
35534	1656	3086273945
35535	1754	3086455577
35545	1683	3092285194
35560	1739	3097491531
35564	1713	3098219751
35574	1730	3100789202
35597	781	3107367502
35598	1701	3107636260
35600	1691	3107818811
35612	1704	3113364805
35629	1693	3118196186
35637	1753	3120467771
35638	1723	3120614696
35643	1688	3121647763
35646	1738	3122960253
35667	1695	3127509058
35673	1761	3128517867
35675	1738	3131024546
35682	1700	3133509939
35685	1726	3134714276
35694	1694	3136767564
35700	1687	3137985328
35705	1661	3139296926
35719	1701	3142684243
35720	1691	3142767051
35724	1707	3143458211
35730	1654	3144745877
35733	1717	3144850666
35740	1675	3146888724
35744	1703	3148742800
35749	1732	3151582454
35761	1724	3153839116
35764	1684	3154625412
35772	1738	3156060832
35775	1658	3156400393
35780	1699	3157246446
35786	1757	3158481917
35790	1715	3159636505
35792	1718	3160390152
35805	1708	3163985697
35837	1752	3173777315
35846	1705	3175903083
35854	1660	3178239741
35858	1677	3179368288
35861	1700	3179881319
35877	1728	3184675705
35887	1734	3187444493
35889	1717	3188089550
35891	1706	3188471894
35909	1517	3194604575
35914	1745	3195406440
35923	1713	3197080388
35930	1686	3198767370
35937	1741	3201428942
35945	1684	3205689052
35970	1703	3215674147
35988	1733	3219860886
36004	1684	3222952256
36030	1740	3234341574
36032	1735	3234605079
36037	1694	3236317766
36040	1797	3236742484
36041	610	3237134807
36055	1805	3239406858
36065	1730	3243462185
36073	1716	3245257501
36074	1722	3245680441
36079	1729	3247242092
36090	1717	3254400558
36102	1758	3258720163
36117	1616	3262112132
36120	1712	3263290221
36127	1738	3264650938
36139	1739	3267635167
36140	1647	3267869558
36142	1758	3268116331
36145	1679	3268605521
36150	1642	3271198053
36156	1659	3273545205
36162	1741	3274303668
36166	1722	3274663883
36170	1708	3275991436
36171	1670	3276234519
36182	1709	3279069917
36193	1761	3281179444
36209	1672	3285620571
36215	938	3286231843
36217	1752	3286564845
36218	1762	3286719667
36223	1784	3288249902
36246	1719	3295245296
36248	1755	3296011050
36250	1184	3296105257
36257	1757	3297999371
36258	1732	3298487678
36260	1702	3298666758
36264	1729	3300087662
36265	1717	3300126433
36290	1690	3308666581
36291	1715	3309130242
36294	1706	3310440892
36304	1670	3315521868
36310	899	3318398574
36316	1707	3319177619
36335	1651	3323808586
36354	1675	3331069796
36360	1711	3332431250
36365	1718	3335099361
36368	1649	3336062034
36369	1670	3336109277
36381	1764	3339443412
36382	1749	3339836680
36389	1659	3341580290
36402	1698	3345256188
36419	1744	3350427380
36455	1740	3362647287
36459	1747	3363424342
36461	1712	3363638724
36472	1751	3367988037
36502	1685	3377732082
36504	1258	3377986127
36509	1719	3378422193
36511	1683	3378569413
36531	1211	3383440023
36533	1694	3383534100
36552	1711	3387467309
36555	1716	3388051136
36559	1731	3388710421
36575	1715	3391900382
36595	1718	3400461241
36604	1733	3402576593
36612	1726	3404445374
36615	1736	3405062973
36627	1732	3408849571
36629	1691	3409171464
36633	1726	3410188242
36635	1724	3410527770
36653	1722	3418018630
36661	1716	3420847527
36662	1704	3420980231
36669	1724	3422810292
36676	1712	3425524226
36687	1713	3428015420
36693	1689	3430489853
36701	1758	3431119430
36714	1707	3437151973
36728	1687	3443254060
36730	1692	3444159083
36731	1706	3444323885
36735	1687	3444926460
36736	1716	3445021162
36750	1707	3448378326
36751	1419	3448768784
36752	1722	3449119454
36754	1759	3449323468
36759	1744	3450632894
36761	929	3451065220
36783	1722	3462003662
36785	1694	3462443668
36793	960	3464907984
36797	1693	3466582263
36809	1706	3470296643
36823	1721	3474258191
36851	1674	3484150834
36858	1673	3487446920
36871	1678	3491610646
36872	1329	3492023327
36881	1721	3497424269
36890	1727	3499447212
36906	1733	3502908446
36916	1744	3507481588
36919	1755	3508101641
36920	1696	3508788016
36933	1758	3511247460
36951	1666	3519010694
36969	1749	3522690569
36971	1706	3523148889
36973	1680	3523919139
36982	1734	3525142850
36993	1733	3528583491
36995	1138	3528776288
36996	1681	3528831284
37001	1705	3531258059
37007	1667	3532088196
37012	1756	3532783588
37014	1692	3533730009
37022	1655	3537696368
37028	1705	3540380096
37040	1743	3543941210
37044	1685	3545150876
37049	1719	3546394685
37050	1757	3546927024
37054	1706	3549358478
37065	1661	3552369953
37074	1691	3553654040
37078	1733	3554881695
37083	1739	3557948473
37091	1687	3561113539
37110	1412	3566239471
37125	1725	3568933199
37140	1681	3572545690
37152	1740	3578231372
37165	1721	3582002909
37176	1671	3585005722
37177	1749	3585071845
37189	1687	3588612112
37191	1704	3588972581
37192	1674	3589147629
37195	1742	3589679302
37198	1698	3589875690
37203	1701	3590641025
37207	1729	3591422159
37217	1687	3594753263
37222	1703	3595728156
37227	1724	3598936042
37230	1733	3600885476
37233	1708	3601180083
37236	1684	3601677228
37243	1698	3603133264
37247	1723	3603855357
37262	1689	3608432030
37263	1743	3608450085
37265	1720	3608951604
37267	1690	3609842634
37273	1702	3613308514
37274	1705	3613512751
37278	1758	3615613420
37283	1717	3616965548
37288	1683	3619236786
37289	1720	3619674004
37302	1720	3624410060
37305	1667	3624641475
37310	1754	3625522530
37347	1488	3636621127
37350	1682	3639491858
37359	1739	3641831015
37360	1705	3642116364
37383	1707	3649970554
37396	1739	3651617291
37398	1733	3653534391
37405	1679	3654725581
37408	1731	3655378446
37409	1650	3655572567
37410	1693	3656227974
37432	1726	3663607893
37433	1694	3663761587
37439	1742	3665523892
37441	1694	3665596329
37445	1680	3666889106
37451	1687	3667256314
37453	1649	3667852922
37456	1736	3668759395
37462	1721	3670193615
37480	1715	3674181619
37487	1730	3675477551
37489	1691	3676045301
37493	1689	3677443627
37498	1720	3682279185
37501	1700	3683704119
37505	1707	3684264048
37512	1703	3686281410
37517	1775	3687186011
37557	1702	3697479305
37559	1680	3697879965
37568	1740	3701241515
37574	1728	3703098992
37590	1673	3706823516
37592	1656	3707228558
37607	1723	3711331549
37612	1729	3712231298
37615	1689	3712887174
37618	1661	3714263010
37634	1731	3720382003
37635	1702	3720414226
37637	1696	3720591826
37642	1731	3721344498
37653	1707	3724068223
37662	1659	3726365583
37680	1717	3731839623
37710	1737	3738281760
37717	1737	3742787033
37719	1745	3743055910
37720	1752	3744024691
37737	1732	3747069901
37743	1736	3748617345
37745	1694	3749867567
37749	1689	3750420167
37756	1703	3752908086
37783	1709	3763322470
37787	1685	3765684654
37795	1713	3768611715
37804	1691	3771054745
37816	1705	3776755927
37818	1674	3776939568
37823	1692	3778949457
37829	1750	3780095646
37836	1704	3784268967
37847	1741	3787402920
37865	1703	3794729605
37871	1711	3797110400
37880	1636	3799062512
37881	1747	3799715612
37893	1749	3804527043
37900	1711	3806573636
37905	1663	3809889578
37925	1688	3815276787
37928	1697	3816656719
37931	1720	3816957326
37933	1643	3817332194
37942	1778	3818723454
37943	1721	3818726832
37966	1632	3826821214
37967	1708	3826905217
37976	1704	3830473933
37979	1729	3831342180
37980	1726	3831596047
37981	1689	3831678742
37988	1653	3833398985
37992	1731	3834145210
37995	1713	3834850038
38001	1735	3835905106
38002	1755	3835934361
38010	1760	3838802628
38033	1682	3844713574
38034	1709	3845175638
38035	1702	3845391064
38041	1693	3847197578
38042	1715	3847705045
38049	1641	3849670886
38063	1672	3853969697
38065	1773	3854298396
38066	1720	3854518466
38068	1659	3854661897
38077	1735	3857886129
38078	1719	3857907108
38081	1692	3859012360
38091	1741	3861171714
38093	1751	3863962292
38098	1743	3864490896
38101	1740	3864804780
38110	1737	3866923177
38113	1694	3867054093
38126	1743	3870842143
38131	1676	3872500575
38132	1707	3872587063
38139	1726	3873785378
38142	1725	3873918537
38161	1738	3879845505
38176	1730	3884813141
38178	1700	3884992321
38193	1695	3888400714
38214	1709	3895708399
38222	1741	3898819469
38239	1733	3905189706
38241	1606	3905435860
38246	1716	3906176156
38248	1707	3906453206
38256	1694	3909032831
38257	1718	3909122948
38270	1741	3914642383
38271	1730	3915602032
38278	1778	3919196784
38288	1734	3920978194
38298	1718	3922437870
38313	1550	3928176855
38318	1749	3929477222
38323	1700	3931069780
38328	1691	3933976870
38330	1691	3935530630
38342	1725	3939398617
38344	1696	3939798929
38362	1736	3945798532
38381	1759	3950608537
38400	1712	3957321515
38402	1727	3958841147
38405	1685	3960223577
38421	1735	3964027619
38424	1776	3966372897
38434	1706	3968653431
38459	1767	3973600346
38464	1699	3974477602
38475	1691	3976724782
38486	1734	3979326465
38490	1260	3980100659
38495	1723	3981002867
38528	1728	3993338564
38529	1692	3993562080
38542	1711	3996706331
38550	1687	3999251188
38554	1753	4000451619
38569	1657	4003541145
38576	1647	4007537763
38577	1681	4007661114
38588	1733	4011572256
38599	1732	4013164054
38607	1683	4015667370
38609	1751	4016072645
38619	1718	4017921499
38621	1686	4018113220
38627	1772	4019102363
38629	1701	4019645541
38641	1722	4022258887
38650	1697	4025189015
38654	1678	4028708633
38656	1700	4029226642
38663	1724	4030104532
38668	1723	4031541430
38673	1693	4031946840
38675	1725	4032482473
38677	1767	4032646089
38678	1748	4032656802
38683	1660	4034150674
38688	1747	4035399869
38690	1734	4036230647
38699	1718	4038829551
38705	1716	4040939481
38713	1693	4042903663
38719	1690	4043538081
38721	1668	4043888359
38724	1737	4044937175
38725	1684	4045069682
38726	1685	4046232027
38733	1709	4049600044
38740	1753	4052459412
38742	1761	4052933410
38750	1672	4055160453
38752	1742	4056828901
38755	1741	4057847684
38775	1682	4064212538
38776	1751	4064229387
38781	1704	4068277677
38782	1702	4068317251
38784	1764	4069755635
38791	1752	4072269222
38792	1709	4072320541
38795	1790	4072976883
38800	1757	4074267004
38803	1714	4074846462
38811	1738	4076363129
38835	1719	4081189211
38836	1700	4081342441
38870	1705	4092535521
38875	1701	4092943908
38876	1690	4093339782
38878	1712	4093532645
38885	1671	4094216467
38897	1695	4097838997
38899	1574	4099174980
38901	1718	4099726851
38904	1697	4100343282
38922	1725	4105207189
38924	1765	4105896895
38928	1663	4106334052
38951	1754	4115650480
38952	1702	4115867531
38960	1721	4117699939
38988	1328	4126256639
38989	1725	4126267859
38992	1679	4126592855
39003	1710	4131536454
39006	1684	4132509231
39007	1688	4133291933
39017	1731	4134886015
39021	1753	4135433018
39023	1739	4135651434
39032	1697	4138568071
39043	1647	4141943116
39044	1709	4142486537
39056	1708	4145423922
39059	1718	4146036236
39067	1761	4150841193
39070	1711	4151129007
39078	1661	4153206287
39081	1729	4153540876
39085	1693	4154965873
39087	1754	4155658990
39088	1665	4156209175
39089	1734	4156424242
39090	1667	4156491980
39094	1734	4157616651
39117	1687	4165356684
39121	1725	4166094695
39134	1742	4171160487
39136	1760	4172057601
39144	1741	4175942817
39149	1702	4178552645
39153	1699	4178873267
39158	1672	4180947166
39163	1640	4182948798
39174	1721	4188002111
39177	1675	4188945080
39188	735	4192563842
39204	1643	4198693594
39205	1695	4199026942
39213	1724	4201432192
39214	1736	4201453423
39231	1737	4206012780
39240	1699	4208701099
39241	1780	4208891623
39253	1785	4214182374
39256	1720	4215916504
39263	1714	4217817151
39265	1726	4219304899
39271	1761	4220321991
39277	1755	4221073926
39288	1733	4223030945
39292	1768	4224369807
39297	1684	4227577799
39300	1708	4228136620
39307	1711	4229614516
39309	1722	4231013539
39314	1729	4234468633
39316	1711	4234585377
39319	1769	4235746779
39327	1673	4237518780
39329	1671	4237894317
39341	1727	4240391434
39356	1657	4244729581
39358	1674	4244898753
39364	1704	4247604488
39368	1687	4248048548
39383	1740	4253624482
39385	1722	4254013412
39389	1755	4255497989
39392	1702	4256162342
39397	1718	4257724863
39405	1715	4259834962
39410	1739	4261002821
39422	1742	4264665078
39427	1712	4267234224
39429	1681	4268780376
39430	1743	4268931880
39448	1686	4275017628
39467	1732	4279710522
39489	1676	4288030471
39498	1216	4289784239
39500	1703	4290370406
39511	1641	4294532463
39516	1667	1162668
39518	1664	1851586
39523	1734	2826533
39543	1685	8688550
39553	1711	11132677
39557	1754	11809332
39559	1701	12041451
39571	1727	14746730
39585	1762	20002402
39609	1746	26835077
39619	1708	28818783
39623	1672	29553934
39638	1679	32619070
39659	1669	40624140
39661	1718	41136172
39664	1674	41755112
39667	1646	42528485
39699	1732	52925105
39723	1693	60587012
39734	1686	62422534
39742	1252	65653951
39744	1693	65689674
39748	1680	66234593
39751	1730	67734752
39752	1759	68077650
39755	1663	69038774
39764	1600	71480526
39774	1697	74806899
39776	1705	75232066
39782	1777	77055728
39784	1663	78133110
39789	1573	80842366
39792	1719	81832722
39807	1710	87969639
39815	1725	89639296
39826	1734	91931693
39834	1703	94158313
39839	1738	95818871
39848	1702	100948104
39851	1705	101443060
39852	1718	101762440
39856	1685	102601249
39869	1747	104598090
39881	1675	107673526
39884	1689	108612840
39887	1717	109341010
39912	1707	117194660
39913	1705	117443907
39921	1697	121336642
39924	1729	121867574
39927	1684	122905492
39930	1755	123187303
39939	1751	126981766
39948	1752	128633270
39951	1736	129432375
39952	1709	129678894
39960	1761	131885698
39967	1728	134140989
39968	1346	134869214
39974	1684	136339818
39975	1709	136687182
40003	1712	144198791
40006	1692	145167058
40008	1772	145307448
40011	1744	145697769
40015	1721	146550542
40019	1764	148852669
40020	1708	148903833
40024	1685	150993405
40025	1731	151836826
40032	1726	152830249
40053	1170	161544981
40058	1529	163154359
40059	1735	163439075
40064	1717	164774646
40065	1740	165114908
40067	1660	166154588
40068	1721	166217085
40070	1750	167517489
40081	1719	172044961
40082	1714	172333491
40083	1755	172753990
40091	1752	175136826
40093	1714	175292432
40096	1724	175526961
40098	1651	176054686
40114	1689	179711482
40118	1729	182081003
40135	1756	187207018
40138	1663	188002990
40144	1701	190212190
40153	1752	193148163
40169	1680	197736708
40172	1672	198123893
40176	1755	198573312
40183	1734	199750180
40193	1757	204599601
40213	1674	208632064
40233	1088	214983528
40237	1737	216504042
40239	1691	217128548
40245	1703	219606074
40251	1696	220015451
40261	1739	225383802
40293	793	238542866
40300	1704	243257871
40317	1727	250762704
40326	1742	252971767
40327	1678	253463407
40330	1660	253824839
40335	1698	255224796
40338	1758	256184258
40345	1725	257577584
40351	1701	260135570
40370	1759	266921760
40378	1720	269932971
40383	1711	271722786
40387	1705	272897017
40405	1749	276743029
40406	1696	276943624
40407	1717	277261497
40409	1712	277962260
40410	1715	278287896
40412	1682	278894067
40414	1751	279529190
40416	1677	280862579
40420	1708	281463141
40430	1743	286106038
40443	1663	288462844
40445	699	290307384
40448	1701	290675989
40468	1685	295519090
40469	1743	295570301
40471	1729	295991871
40477	1700	297416192
40490	1703	302217074
40511	1702	308682824
40512	1690	308849600
40518	1693	309941688
40526	1710	311366320
40528	1695	312151392
40537	1751	315310248
40540	1754	316329370
40548	1703	319282147
40565	1712	327612526
40578	1702	329946750
40597	1765	335310078
40598	1705	336467224
40604	1649	338280068
40607	1746	339212145
40612	1751	340303854
40617	1718	341305957
40624	1746	342814862
40629	1702	347272199
40633	1721	348042319
40641	1643	351514520
40646	1693	351823310
40661	1736	356945613
40669	1735	358309644
40679	1690	361676110
40680	1705	361793111
40681	1684	361918918
40682	1729	361941117
40687	1717	364238859
40690	1701	367266791
40692	1705	368098573
40694	1748	368408391
40695	1644	369124397
40698	1700	369754902
40701	684	370114818
40703	1702	370365210
40716	1712	377360799
40718	1690	378612078
40726	769	380350754
40740	1681	388673475
40743	1724	389376405
40746	1704	390249519
40758	1704	393146699
40768	1770	396681634
40769	1666	397025853
40770	1620	397224205
40773	1758	397969629
40785	1750	401393394
40791	1711	403239918
40795	1700	404357310
40802	1734	407523610
40804	1686	407686173
40810	1713	409641166
40812	1690	409971620
40820	1701	411395719
40823	1677	412177481
40828	1680	413062893
40831	1749	413774763
40841	1755	416842443
40850	1697	421982179
40851	1690	422081240
40852	1403	422516744
40858	1696	425368265
40868	1685	430754266
40869	1721	430915931
40871	1736	432539275
40880	1725	435346603
40897	1697	439616444
40901	1727	441441713
40903	1735	442271212
40912	1690	443875103
40925	1715	450208296
40931	1683	451396716
40932	1759	451887599
40940	1666	453790325
40952	1683	456293422
40966	1710	461396736
40967	1689	462084210
40976	1708	463585968
40981	1672	464253678
40983	1209	464396970
40988	1723	465102958
41010	1668	471676407
41012	1745	471701549
41013	1709	471797135
41027	1735	475464784
41030	1669	475970257
41031	1758	475977183
41046	1706	478149288
41051	1761	480007013
41057	1660	480559183
41067	1668	482785976
41070	1666	484428522
41072	1698	484876501
41084	1767	489331965
41093	863	493112440
41095	1759	493248700
41107	1673	495613240
41109	1141	495898665
41126	1673	502136962
41127	1713	502199555
41174	1737	521061482
41178	1746	521759423
41185	1696	524227189
41192	1702	526432092
41196	1740	527238831
41226	1728	538032746
41234	1695	540232235
41246	1720	546061992
41262	1703	551525406
41266	1653	554071381
41273	1675	556383088
41281	1748	558459155
41286	1761	560797037
41296	1729	562468282
41305	1079	566727412
41306	1682	567135764
41327	1749	575530767
41328	1742	576225022
41339	1660	578356041
41354	1706	581932647
41355	1704	582224841
41360	1664	583796309
41361	1729	584835920
41362	1755	584934655
41373	1704	586419777
41384	1719	591527733
41399	1694	595474716
41406	1664	598369543
41411	1705	600895784
41425	1724	606797177
41429	1713	607484441
41433	1742	608365776
41437	1695	609662292
41450	1709	614941055
41459	1731	617272517
41461	1078	617694865
41463	1734	618862647
41465	1710	619102742
41478	1677	623965300
41481	1702	624371861
41485	1655	625424596
41489	1709	626744981
41490	1772	626963619
41495	1734	628027112
41498	1672	628634742
41513	1699	633241009
41518	1734	635038719
41522	1774	636920403
41535	1737	640945797
41537	1748	641340983
41539	1717	642276461
41544	1696	644534113
41556	1743	647715602
41572	1687	654150685
41579	1739	657430523
41580	1705	658652801
41582	1736	658836015
41584	1754	659413808
41592	1752	662053990
41598	1699	663908519
41600	1706	664164114
41603	1742	666742138
41608	1694	668250741
41611	1768	669426926
41620	1699	673873836
41625	1695	675722968
41632	1731	677556223
41644	1665	682531152
41656	1704	685073583
41659	1729	686054909
41662	1734	686169736
41664	1752	686657937
41671	1695	689090892
41676	1737	690199602
41681	1688	694979907
41696	1692	698013508
41705	1687	701351164
41713	1517	704304037
41715	1671	705497690
41716	1673	705789590
41719	1733	706188544
41726	1734	707707974
41728	1683	708525480
41729	1700	708578434
41732	1807	709148679
41741	1722	713766021
41769	1686	721107583
41786	1712	727789113
41788	1674	727927871
41794	1724	728978770
41802	1746	730861190
41806	1660	734801060
41820	1695	740530822
41825	1710	741500313
41832	1673	743788937
41845	1717	747807103
41847	1696	748182181
41849	1706	748756447
41850	1749	748883173
41857	1706	751150209
41863	1653	755243367
41870	1729	756590605
41874	1731	757596833
41879	1063	761134347
41885	1643	762599954
41887	1709	762952449
41901	1764	767439169
41908	1778	769127671
41921	1738	772141182
41926	887	774786910
41937	1725	777667709
41942	1653	778592422
41945	1660	779358192
41946	1709	779496534
41953	1699	780784995
41957	1718	781921612
41966	1720	785313124
41974	1717	786644489
41982	1728	789592831
41995	1701	795926138
41998	1712	797724121
42037	1715	809897350
42041	1682	810499655
42059	1727	815633103
42060	1677	815764316
42064	1692	816634867
42076	1690	820184619
42078	1669	820831864
42083	1665	824794157
42085	1740	824857487
42092	1720	826255694
42122	1709	838073393
42130	1695	840138887
42133	1708	840759630
42142	1701	843032159
42145	1744	843679451
42159	1726	848574610
42164	1668	849600959
42172	1698	852042185
42178	1688	855598029
42179	1707	855609796
42187	1740	858200302
42188	1749	858619310
42205	1724	866134432
42206	1695	866465685
42233	1710	877464436
42235	1767	877932654
42254	1794	884280294
42263	1706	886889318
42264	1480	887020734
42266	1722	887538576
42267	1746	887651055
42276	1732	890653758
42278	1668	891961573
42279	1678	892493616
42295	1758	898169850
42305	1785	901233823
42307	1758	901869670
42308	1688	902307605
42316	1721	904718242
42322	1728	906230213
42328	1719	907837332
42333	1770	908544518
42344	1731	912575377
42348	1675	914278971
42358	1702	918577964
42385	1709	927119305
42390	1717	929792215
42400	1703	933679154
42417	1675	939275595
42430	1684	943035964
42431	1707	943262892
42432	1713	943279161
42438	1686	944671429
42440	1740	945278099
42445	1744	946182982
42447	1686	946816282
42460	1747	950207900
42468	1702	952634666
42474	1735	953659971
42481	1700	956556899
42491	1177	960658599
42492	1731	960864345
42500	1705	962638034
42507	857	964207286
42512	1047	966790234
42532	1708	972633664
42534	1761	973122393
42538	1742	974513375
42540	1723	974686138
42553	1729	979675817
42559	1429	982457711
42565	1706	984810314
42566	1697	985268480
42570	1696	986872395
42573	1679	989201194
42582	1692	991047201
42593	1731	995327924
42598	1735	996673595
42599	1737	996877041
42600	1725	998794788
42603	1750	999568703
42609	1755	1000847917
42615	1661	1001831340
42619	1704	1002948576
42627	1758	1005430670
42642	1705	1012205570
42659	1757	1016192582
42669	1735	1021439541
42676	1735	1022552822
42693	1738	1026817935
42702	1766	1029999087
42704	1687	1030546344
42713	1725	1032933685
42726	1751	1037583563
42728	1690	1039748361
42742	1711	1043211100
42753	1695	1046876170
42760	1736	1048241194
42769	1704	1052466118
42773	1739	1054035197
42774	1721	1054074158
42788	1656	1061287618
42795	1685	1062631681
42796	1723	1064036974
42798	891	1064924357
42803	1691	1065733220
42810	1742	1068235077
42820	1713	1071301524
42823	1688	1072616210
42824	1655	1072849113
42840	1749	1077722193
42844	1715	1081658801
42848	1691	1082802225
42875	1749	1090893636
42876	1715	1091262119
42888	1768	1095573213
42891	1754	1096356758
42892	1714	1097081818
42907	1705	1105698512
42922	1695	1110317233
42930	1694	1112612703
42939	1696	1114293995
42970	1749	1125182784
42975	1714	1126668359
42976	1710	1126740277
42987	1698	1129826888
43005	1672	1135165806
43007	1666	1136384073
43009	1679	1136641266
43010	1674	1137098861
43031	1739	1145618270
43032	680	1145757831
43047	1693	1149432342
43050	1693	1150742205
43055	1702	1152717692
43069	1716	1156029774
43075	1652	1157010398
43078	1743	1157662659
43082	1681	1159389112
43084	1723	1159615990
43086	1740	1160174444
43093	1717	1164750203
43097	1696	1166005384
43102	1720	1167409423
43104	1719	1167626943
43127	1734	1173930106
43131	1728	1175087958
43151	1701	1181083942
43156	1688	1183744569
43157	1699	1184076157
43158	1737	1184214376
43174	1759	1190134187
43177	1711	1191019508
43181	1753	1193561300
43205	1671	1199694645
43214	1689	1205093803
43224	1704	1207535760
43230	1741	1209092452
43246	1688	1215625668
43254	1725	1218025494
43263	1510	1219447232
43269	1712	1221344791
43274	1720	1223571008
43277	1631	1224669915
43286	1699	1226313987
43291	1736	1227103488
43293	1641	1227363951
43295	1739	1227615451
43296	1725	1228318509
43306	1759	1232738827
43312	1661	1234349600
43313	1704	1235170620
43316	1732	1236228756
43318	1698	1236380535
43321	1725	1237232564
43332	1731	1241289769
43335	1704	1244434694
43337	1758	1244821542
43338	1739	1245044624
43346	1736	1247666080
43358	1723	1251691775
43367	1747	1254609186
43377	1696	1256961544
43400	1746	1266149088
43405	1692	1267947709
43409	1693	1268689092
43416	1728	1270357151
43419	1757	1271466111
43426	1714	1272706517
43442	1647	1275716400
43444	1632	1276474523
43453	1655	1279442605
43455	1743	1279486955
43459	1719	1279863409
43462	1629	1280313386
43467	1728	1284587739
43483	1726	1289405234
43498	1737	1292077461
43505	1695	1293419374
43511	1738	1294658220
43521	1739	1299509801
43525	1675	1300162516
43527	1757	1300657383
43529	1728	1300999321
43531	1740	1301185787
43534	1703	1302383631
43536	1735	1305314988
43537	1710	1305374020
43544	1715	1308091796
43552	1721	1311762017
43561	1693	1313708243
43562	1712	1313726204
43565	1425	1314479656
43572	1667	1318627523
43584	1681	1320845502
43594	1759	1322988852
43598	1769	1326128232
43601	1726	1327135568
43612	1682	1330484431
43623	1740	1333847224
43639	1710	1337017827
43648	1706	1340492115
43663	1748	1343754548
43676	1720	1349374843
43685	1688	1351557646
43694	884	1353147778
43695	1742	1353153088
43707	1673	1356153496
43715	1731	1358495091
43716	1755	1358521677
43726	1742	1360753088
43728	1717	1361464271
43741	1711	1366496059
43753	1672	1370885224
43756	1659	1371925710
43764	1737	1373786688
43765	1759	1373847877
43769	1737	1375087474
43775	1727	1376962749
43777	1727	1377485425
43783	1770	1378875547
43785	1669	1379423904
43787	1724	1379717739
43792	1680	1380909411
43818	1762	1388761972
43819	1654	1389339399
43823	1663	1389800056
43865	1743	1401113045
43866	1691	1401176247
43869	1672	1401489682
43870	1689	1401930578
43875	1731	1403537406
43879	1723	1404826207
43896	1704	1413547157
43905	1724	1415560392
43914	1674	1416885427
43916	1743	1416993597
43918	1723	1418244949
43920	1747	1419017692
43923	1702	1419537105
43937	1707	1424772728
43939	1668	1424940592
43943	1752	1425104179
43947	1651	1425807635
43960	1719	1429556676
43962	1699	1429922583
43968	1651	1430678102
43976	1733	1432286800
43979	1659	1433117352
43989	1689	1434465501
44003	1677	1437349572
44019	1768	1442302837
44025	1731	1444898428
44037	1717	1449851634
44040	1697	1451025890
44052	1721	1453797625
44061	1725	1456470860
44070	1754	1459109644
44094	1754	1465071543
44095	1709	1465216809
44098	1719	1465827615
44112	1725	1473657076
44121	1746	1475223864
44124	1726	1476731920
44127	1664	1478892669
44129	1718	1479176994
44131	1680	1479314979
44132	1709	1479610963
44149	1691	1486055377
44154	1687	1487445691
44177	1660	1496219651
44182	1737	1498101162
44187	1702	1499879469
44194	1680	1501322126
44201	1680	1503297479
44204	1717	1504791713
44206	1736	1505272170
44216	1715	1511951257
44220	1748	1513219906
44242	1705	1518684411
44244	1741	1519501735
44247	1700	1520207939
44249	1705	1520340753
44269	1737	1525746823
44271	1697	1526093147
44272	1683	1526425167
44285	1696	1532888282
44297	1706	1534928356
44304	717	1537480929
44307	1740	1538378927
44312	1762	1538951857
44334	1702	1544344093
44348	1775	1547552613
44349	1729	1547566405
44352	1730	1548356006
44355	1694	1550986501
44361	1672	1551706906
44367	1679	1553487598
44396	1669	1561414894
44411	1760	1565170764
44412	1740	1565741243
44421	1738	1569224106
44424	1704	1571518013
44425	1724	1571693129
44429	1707	1572056374
44434	1716	1573014502
44437	1700	1573435403
44450	1753	1576901348
44453	1724	1577623312
44467	1727	1579480286
44480	1098	1583928758
44485	1680	1584948455
44505	1710	1593427199
44510	1692	1594593671
44514	1745	1595169166
44517	1721	1595827324
44521	1723	1596925012
44524	1710	1597536187
44528	1674	1599252985
44537	1753	1601768725
44538	1686	1601873267
44540	1745	1602697413
44541	586	1603368482
44559	1726	1607155490
44567	1740	1609009271
44579	1721	1613211445
44581	1684	1613905214
44587	1653	1617888940
44589	1673	1618738612
44594	1671	1620642210
44604	1735	1622511000
44605	1695	1622612238
44611	1718	1624217967
44623	1705	1626379028
44643	1702	1633334070
44648	1693	1635526111
44657	1723	1638214534
44662	1718	1639360285
44665	1686	1639912658
44667	1689	1640525532
44668	1712	1640578676
44669	1101	1640642780
44674	1724	1642243613
44675	1703	1642251696
44691	1763	1646712500
44694	1668	1647487353
44696	1701	1647675349
44698	1735	1648688980
44705	1724	1649985989
44706	1667	1650079662
44714	1696	1651699973
44724	1737	1655169140
44725	1636	1655359549
44728	1696	1656192547
44734	1700	1658612635
44737	1722	1659132958
44749	1678	1663382360
44760	1649	1667035994
44765	1720	1668150029
44767	1744	1668380823
44778	1680	1671859686
44793	1742	1678306414
44796	1707	1679578915
44815	1721	1686317861
44824	1713	1689050018
44828	1690	1690420176
44836	1693	1695486163
44848	1676	1699769369
44852	1717	1700970528
44857	1447	1703231712
44859	1743	1704099191
44864	1707	1704989922
44865	1656	1705050213
44894	1627	1712519594
44902	1740	1715795896
44904	1714	1716611131
44907	1525	1717483341
44908	1713	1718079627
44909	1712	1718171373
44913	1690	1719340590
44917	1694	1720451015
44928	1700	1722050986
44962	1732	1733116905
44969	1698	1736459803
44978	1669	1739725586
44997	1729	1745326504
45006	1721	1750654490
45017	1688	1756063840
45020	1741	1756794161
45022	1686	1757002917
45028	1667	1759755690
45039	1709	1762090560
45046	1750	1763797478
45061	1695	1770423659
45063	1703	1771178399
45068	1717	1773337673
45076	1783	1777453030
45082	994	1779053095
45083	1733	1779292470
45091	1721	1781442379
45092	1717	1781458518
45097	1770	1782743956
45100	1713	1783717211
45123	1724	1789927007
45124	1725	1790403418
45133	1665	1791864842
45143	1743	1797489826
45152	1688	1798674503
45155	1718	1799136971
45168	1757	1803496030
45176	1709	1804144423
45180	1667	1805707888
45181	1716	1805726420
45182	1687	1806193507
45190	1710	1808736877
45196	1730	1809881013
45202	1743	1812461385
45207	1681	1813187157
45234	838	1823343847
45236	1701	1824475949
45238	1664	1824990420
45239	1688	1825393795
45246	1689	1827523331
45250	1728	1828543301
45256	1684	1831230487
45257	1679	1831457881
45259	1735	1832484812
45261	1770	1832520548
45274	1692	1838496040
45296	1712	1842375669
45308	1732	1844895697
45311	1755	1845903980
45312	1744	1846130226
45317	1739	1848061035
45322	1657	1848883505
45327	1683	1849510651
45338	1716	1853758754
45342	1751	1856106255
45349	1728	1859156779
45352	1713	1859512451
45369	1738	1865189363
45380	1730	1867710106
45389	1727	1869619254
45401	1732	1877878370
45403	1730	1878762937
45412	1696	1881492074
45413	1741	1881880028
45418	1685	1883306489
45424	1739	1885972615
45429	1716	1887154619
45431	1750	1887456083
45441	1729	1892515700
45461	1704	1900434035
45466	1748	1901992117
45473	1697	1904500474
45475	1714	1905578275
45478	1760	1906027060
45481	1739	1907287216
45490	1722	1909567683
45493	1675	1910226288
45495	1738	1910672660
45504	1707	1913804720
45506	1723	1914173335
45512	1662	1918121762
45514	1697	1918517633
45522	1711	1920601617
45526	1733	1921921387
45532	1695	1924129144
45536	1739	1925623663
45537	1701	1925770269
45538	1659	1925890914
45546	1686	1928490148
45553	1729	1931179779
45558	1696	1931872525
45560	1678	1933590860
45564	1669	1934517555
45567	1689	1935881474
45568	1774	1937170858
45575	1733	1940012564
45587	1693	1947526354
45590	1717	1948152919
45592	1719	1948376629
45601	1715	1951315766
45602	1690	1951562888
45609	1703	1954816361
45611	1688	1955582665
45616	1683	1959343796
45628	1713	1964813964
45639	1708	1967136534
45650	1665	1970549100
45656	1642	1971641177
45665	1743	1975257319
45668	1753	1975821239
45671	1785	1978583631
45685	1694	1982237822
45689	1712	1982599984
45692	1747	1984889281
45694	1736	1985261532
45695	1742	1985339574
45699	1635	1986250993
45704	1743	1987369130
45706	1716	1988454186
45707	1682	1988537900
45711	1721	1989733211
45720	1721	1992439980
45738	1717	2002847799
45741	1754	2002929440
45747	1701	2005293345
45761	921	2008305825
45779	1667	2015087569
45780	1679	2015162277
45781	1726	2015503037
45782	1705	2015580090
45789	1705	2017148685
45790	1698	2019204357
45797	1714	2020123853
45802	1684	2023247001
45805	1706	2023787329
45830	1698	2033200388
45841	1732	2040052889
45842	1735	2040056917
45847	1738	2043580699
45857	1677	2045876540
45867	1685	2050028653
45869	1701	2050218011
45872	1718	2050578461
45880	1717	2051778487
45911	1734	2063227819
45916	1648	2064889476
45918	1734	2065769880
45928	1771	2069651338
45932	1722	2071011520
45942	1720	2074258473
45948	1670	2076534625
45950	1758	2077181275
45951	1700	2078020286
45952	1707	2079879355
45953	1722	2079940064
45955	1691	2081614626
45970	1725	2086237781
45982	1694	2088445617
45990	1719	2091648067
45991	1717	2091697494
46005	1725	2096026455
46006	1675	2096087095
46031	1668	2104680648
46032	1696	2104790117
46034	1707	2104899842
46052	1700	2109410784
46058	1678	2110984634
46063	1702	2112908679
46069	1715	2113665837
46091	1736	2124339262
46104	1671	2128832733
46114	1706	2133746416
46116	1719	2133983678
46132	1723	2142775942
46145	1638	2147733940
46147	1699	2147835187
46152	1718	2148375348
46159	1754	2149804800
46181	1726	2157623269
46190	1708	2158601045
46199	1227	2162531962
46200	1706	2162968581
46221	1677	2168217605
46229	1729	2169435868
46249	1708	2174723259
46257	1744	2178331111
46263	1673	2179146219
46267	1726	2182298080
46275	1692	2184591295
46290	1735	2188836090
46298	1735	2191799236
46310	1729	2194410293
46318	1675	2197161746
46323	1689	2199357051
46340	1761	2205360463
46341	1699	2205625577
46342	1695	2205946620
46346	1706	2206910392
46349	1724	2207980503
46366	1720	2212800662
46377	1731	2216321305
46378	1733	2216385174
46379	1681	2216926755
46380	1711	2217096324
46388	1735	2219575477
46393	1738	2224290593
46414	1665	2229450114
46415	1722	2229485710
46417	1684	2229929858
46419	1675	2230718420
46422	1673	2231410152
46423	1739	2232075822
46428	1385	2232661716
46433	1679	2233486187
46438	1698	2234991287
46448	1733	2237510348
46464	1708	2243320307
46473	1709	2245278720
46482	1725	2247112670
46495	1718	2250996561
46497	1718	2251981104
46503	1789	2253657504
46510	1742	2256049009
46513	1846	2256752525
46518	1754	2259473824
46523	1704	2260386250
46524	1695	2260442096
46525	1730	2260785045
46528	1724	2263749343
46529	1683	2264084088
46532	1657	2264933932
46538	1692	2266322601
46540	900	2266468876
46552	1696	2269081749
46560	1719	2271001297
46565	1698	2271750239
46576	1722	2276623926
46580	1702	2277110213
46581	1712	2277356012
46586	1729	2280001159
46590	1697	2281888380
46591	1732	2284367056
46593	1755	2284663052
46616	1689	2291305104
46617	1728	2291324259
46622	1700	2293102525
46625	1710	2294151790
46626	1728	2294180162
46627	1705	2294363617
46637	1704	2296153453
46647	1689	2298008411
46660	1717	2304706012
46662	1719	2306422040
46691	736	2313824960
46692	1727	2313835395
46693	1671	2313921048
46694	1739	2314136912
46697	1753	2315168316
46699	1718	2315263961
46707	1682	2318320628
46708	1746	2318358304
46710	1740	2318416322
46725	1739	2328153791
46738	1663	2330725016
46739	1680	2331004430
46753	1754	2336143165
46755	1717	2337437437
46758	1713	2337850281
46768	1675	2341440615
46775	1694	2345445405
46776	1663	2345475546
46777	1674	2345685189
46795	1707	2350784483
46796	1658	2350803111
46799	1717	2351446929
46801	1674	2351829472
46806	1727	2353662726
46817	1683	2356845786
46820	1686	2357754501
46834	1696	2365201680
46843	1728	2368711630
46856	1705	2372069603
46865	1671	2377530428
46872	1677	2379057278
46874	1703	2380020460
46879	1671	2381713243
46884	1715	2385844915
46886	1747	2386694390
46889	1737	2387901696
46897	1645	2389397766
46900	1702	2390460292
46908	1752	2392743878
46916	1725	2395130086
46930	1750	2401730193
46933	1683	2401929653
46938	1705	2406771739
46949	1738	2409808019
46953	1797	2410215152
46962	1704	2412390435
46967	1664	2413712096
46977	1707	2416917980
46989	1755	2420592571
46990	1744	2420796156
46995	1738	2422541201
46996	1731	2422779878
46999	1710	2425749060
47004	1675	2427000704
47020	1790	2430738333
47023	1727	2431863061
47050	1720	2439267996
47057	1709	2441280600
47058	1703	2441471865
47075	1035	2446854690
47077	1720	2447855399
47089	1741	2451376013
47092	1705	2452560666
47101	1703	2455831728
47108	1744	2457035034
47110	1694	2457209480
47121	1780	2461378621
47125	1678	2462805640
47141	1717	2468568634
47149	1706	2470869022
47184	1675	2482208434
47191	1669	2484451387
47204	1700	2491030192
47217	1704	2494306020
47221	1707	2495788588
47226	1669	2498221851
47238	1711	2501430351
47240	1723	2502444755
47243	1757	2503891576
47245	1411	2504122827
47255	1719	2509783528
47261	1730	2511509146
47263	1761	2512209673
47276	1703	2515230596
47281	1697	2516394602
47286	1678	2517728073
47333	1688	2531524848
47375	1708	2542734334
47377	1734	2544490546
47379	1759	2545446054
47388	1700	2551885731
47395	1711	2555201229
47398	1719	2555610322
47399	1663	2556246329
47401	1701	2556481566
47402	1682	2556591930
47405	1701	2557272701
47406	1665	2557481170
47414	1706	2559877335
47425	1732	2562486217
47428	1716	2564215926
47436	1111	2566920492
47451	1689	2572992045
47467	1758	2578363226
47473	1704	2579615824
47486	1699	2583970554
47488	1769	2584460970
47491	1731	2585628715
47495	1681	2586605776
47505	1724	2591490551
47513	1661	2593839944
47517	1679	2594806860
47539	1700	2601618064
47542	1670	2602575245
47543	1436	2602768545
47546	1675	2603620317
47549	1698	2603933848
47550	1717	2604282797
47553	1690	2605721173
47559	1745	2606859194
47573	1706	2611898962
47586	1723	2615314663
47587	1741	2615487714
47602	1726	2619134731
47603	1761	2619250289
47616	1743	2623225159
47618	1687	2624104245
47620	1731	2624482244
47638	1676	2628106910
47659	1693	2638396930
47682	1723	2644856182
47685	1697	2645226255
47689	1678	2647204051
47701	1764	2652604463
47708	1737	2653454024
47711	1732	2654295288
47729	1718	2659010842
47732	1684	2659753951
47733	1705	2659884283
47737	1663	2661875841
47745	1739	2663352781
47747	1686	2663757822
47760	1686	2668346482
47762	1694	2669115723
47763	1705	2670463223
47764	1736	2671711582
47767	1783	2672568898
47770	1298	2673932889
47783	1653	2678610674
47786	1716	2679363030
47798	1722	2682956442
47800	1679	2683324239
47819	1694	2689326024
47820	1745	2689969138
47824	1712	2692910088
47826	1739	2693047468
47830	1675	2693299732
47865	1718	2702647552
47867	1677	2702687884
47869	1704	2703329581
47875	1730	2704994939
47887	1679	2710212457
47890	1715	2712731949
47897	1763	2714623150
47902	1696	2716221187
47906	1664	2717247808
47930	1700	2727342579
47934	1758	2728460711
47939	1659	2729958912
47942	1557	2730899536
47945	1713	2733517118
47957	1747	2737271803
47958	1702	2737926442
47961	1709	2738882028
47968	1645	2741403948
47971	1730	2741834837
47975	1705	2742114612
47985	1730	2745145410
47990	1685	2746516194
47995	1705	2747105069
47997	1685	2747750386
48002	1672	2748727329
48004	1653	2748959470
48023	1775	2755530048
48025	1722	2755954901
48040	1647	2758978008
48061	1709	2766278340
48062	1706	2766290033
48071	1698	2769023200
48080	1667	2773227800
48096	1748	2776316736
48103	1590	2778376220
48105	1708	2778982184
48109	1755	2780704437
48124	1734	2784657678
48131	1735	2786535336
48138	1719	2788720832
48144	1669	2790015392
48146	1653	2790299933
48151	1699	2793674769
48181	1709	2802555845
48195	1733	2806437561
48205	1682	2808059828
48210	1709	2809236754
48214	1722	2809765037
48220	1146	2811481359
48222	1696	2811997794
48224	1522	2815404566
48241	1177	2818948089
48243	1697	2819600396
48266	1719	2825661107
48271	1641	2826741368
48275	1726	2826839812
48278	1706	2827270940
48282	1702	2828040738
48284	1750	2828187185
48285	1680	2828221658
48294	1698	2830412244
48313	1701	2838284811
48318	1711	2840019894
48323	1739	2840941288
48326	1682	2842104611
48334	1746	2844208048
48338	1677	2844492896
48353	1701	2850352075
48354	1738	2850364477
48366	1675	2853272883
48377	697	2858048214
48380	1704	2858744334
48381	1743	2858801334
48390	1704	2861166813
48391	1757	2861400858
48392	1705	2861508104
48412	1689	2868390829
48414	1692	2869523383
48416	1706	2870937400
48425	1695	2876735736
48428	1680	2878269009
48430	1706	2879313733
48440	1661	2881668175
48441	1715	2881693992
48444	1708	2882343535
48462	1735	2886842786
48477	1742	2890089166
48512	1717	2902392886
48531	1713	2909163617
48538	1711	2910588343
48543	1653	2912045469
48546	1722	2912766665
48558	1759	2918743949
48577	1693	2922588834
48588	1730	2925364421
48594	633	2927360330
48597	1664	2929159319
48603	1714	2930469350
48604	1677	2930476321
48611	1675	2933206689
48618	1710	2936821627
48630	1727	2939874913
48636	1733	2941596579
48638	1689	2942451602
48639	1639	2942620069
48641	1740	2942875325
48642	1697	2943058733
48643	1721	2943602457
48655	1662	2946663313
48676	1688	2953621547
48677	1679	2953758243
48698	1678	2965074071
48705	1745	2967147317
48716	1695	2968607153
48718	1751	2968820263
48719	1736	2969199461
48726	1663	2971275109
48729	1714	2971765375
48731	1683	2972066434
48735	1752	2973664556
48744	1696	2978588424
48757	1711	2981471826
48765	1695	2983585929
48769	1731	2984281852
48773	1666	2985485326
48774	1679	2986391801
48780	1694	2986988264
48784	1744	2987872648
48789	1687	2988650979
48792	1757	2989378897
48817	1709	2999644446
48830	1717	3004470783
48838	1728	3005398455
48848	1746	3008077927
48849	1731	3008380366
48852	1687	3009041114
48861	1696	3012193939
48864	1673	3013028213
48881	1668	3017872206
48897	1659	3022049760
48899	897	3023269927
48900	1696	3023485367
48909	1721	3026659292
48910	1711	3026951762
48920	1665	3030584885
48924	1740	3033207186
48925	1749	3033367074
48935	1746	3038189711
48938	1727	3038754839
48939	1720	3039119721
48943	1766	3040238678
48966	1766	3047158351
48981	1656	3050265800
48988	1669	3052347128
48990	1710	3053098974
48996	1661	3056122635
49001	1695	3059289109
49013	1327	3064025560
49015	1739	3064386049
49026	1759	3066514440
49031	1724	3067201449
49037	1736	3068898208
49042	1717	3070290839
49066	1688	3076649379
49076	1678	3079631422
49078	1709	3079787667
49079	1753	3079874475
49089	1681	3081485809
49090	1694	3081745998
49096	1673	3082927478
49101	1656	3086527614
49102	1712	3086543885
49105	1741	3087528384
49120	1703	3090034966
49127	1059	3092777402
49138	1701	3095465735
49141	1741	3096418980
49145	1749	3100256935
49162	1701	3106693910
49166	1680	3108837832
49172	1683	3111390169
49175	1688	3111692148
49176	1685	3111813157
49209	1752	3126833454
49214	1640	3127932977
49232	1671	3131496596
49238	1728	3134536669
49239	1726	3134821488
49241	1748	3135704034
49247	1707	3136762014
49254	1696	3137767601
49255	1768	3137910676
49262	1688	3138963299
49267	1733	3142800912
49270	1699	3143586636
49303	1706	3154952882
49319	1677	3163092706
49324	1756	3165381694
49331	1712	3167856320
49344	1658	3170692121
49346	1753	3170956125
49360	1751	3173865192
49372	1734	3177543352
49379	1760	3179790142
49382	1700	3182206043
49395	1649	3184922526
49412	1739	3189749783
49415	1193	3191208666
49420	1677	3192762649
49425	1687	3194377962
49426	1746	3194529950
49430	1753	3196156713
49434	1692	3197000706
49436	1023	3198452445
49455	1718	3204153832
49457	1671	3204318363
49463	1660	3207651977
49465	1683	3208115880
49469	1706	3209303584
49472	1743	3211185354
49486	1665	3213565459
49500	1728	3217505764
49513	1724	3220486973
49534	1681	3228948401
49549	1730	3232876712
49577	1745	3244649758
49583	1686	3245347638
49585	1733	3246314827
49605	1754	3253837862
49612	1698	3255137920
49637	1743	3266426619
49641	1581	3267168363
49646	1726	3268214251
49650	1730	3269903876
49656	1704	3272268982
49659	1737	3274533622
49660	1684	3274693214
49666	1705	3276623471
49669	1735	3276872630
49673	1703	3277343005
49681	1731	3279571519
49686	1721	3280834027
49689	1704	3281705592
49691	1671	3284850466
49694	1729	3286196047
49697	1749	3287023759
49703	1720	3288640648
49705	1650	3288937776
49716	1755	3292194924
49720	1726	3293432255
49735	1718	3298800578
49750	1676	3307270746
49751	1691	3307374609
49753	1685	3308059976
49755	1655	3308305546
49759	1705	3310287654
49774	1777	3313972786
49777	1688	3314342838
49781	1714	3315629472
49783	1729	3316398754
49788	1723	3318342906
49789	1708	3318531125
49800	1675	3321366388
49801	1732	3321657144
49819	1690	3327563456
49833	1665	3331797606
49841	1669	3335036797
49853	1679	3338230894
49865	1683	3345419068
49870	1699	3347042608
49877	1749	3348954321
49878	1739	3349128270
49883	1692	3350848523
49889	1666	3352277288
49890	1467	3352303568
49894	1732	3353101230
49899	1726	3354021364
49916	1706	3357999947
49917	1683	3358316811
49957	1694	3368858326
49959	1670	3369073175
49964	1677	3372261362
49972	1724	3374742748
49975	1710	3376723435
49985	1647	3380446125
49987	1689	3380724611
50008	1752	3386967023
50019	1758	3388235300
50034	1704	3391317357
50035	1709	3391326560
50039	1707	3392205613
50042	1690	3393635907
50043	1759	3393928801
50054	1665	3397282334
50056	1697	3397832187
50062	1706	3398710183
50077	1738	3403305554
50081	1670	3404351844
50094	1734	3410851579
50099	1726	3413180845
50106	1651	3414698307
50109	1758	3415588540
50110	1732	3415742844
50113	1755	3416581485
50120	1728	3417808666
50122	1714	3418085692
50142	1698	3424088592
50144	1726	3424387805
50151	1699	3430096701
50159	1715	3431996322
50160	1701	3432031570
50166	1735	3433561552
50174	1725	3435635016
50177	1716	3436793962
50181	1703	3438628072
50194	1769	3443538387
50204	1737	3448427935
50218	1698	3452668210
50220	1711	3452959625
50225	1721	3454429951
50229	1669	3455661280
50233	1730	3456052492
50239	1677	3458027555
50246	1717	3460096467
50258	1723	3464588752
50273	1700	3470016475
50292	1751	3473750433
50295	1706	3474441292
50311	1701	3479509543
50312	1694	3479566242
50316	1721	3481222216
50319	1703	3482291668
50321	1667	3482738003
50329	1693	3484592641
50332	1701	3485418308
50349	1719	3492351267
50351	1697	3492480358
50361	1651	3495100060
50365	1755	3496759551
50368	1715	3497828423
50382	1665	3502002520
50391	1707	3504301293
50395	1687	3505317031
50407	1726	3510228952
50409	1753	3510790469
50414	1769	3511356549
50418	1724	3513003752
50451	1639	3526102476
50452	1734	3526621845
50453	1680	3526714232
50462	1647	3530438038
50473	1680	3533889118
50477	1692	3534610670
50484	1749	3536487937
50500	1679	3541170960
50510	1696	3543241842
50514	1711	3545444280
50518	1705	3547262448
50530	1736	3552958329
50536	1683	3554754675
50538	1720	3555070881
50564	1744	3560502780
50566	1693	3560908938
50568	1737	3561352895
50573	1681	3562644874
50575	1673	3562766062
50578	1670	3563512363
50594	1677	3567775672
50595	1712	3568446560
50598	1701	3569259193
50635	1694	3581622557
50636	1739	3581882745
50642	1743	3582828900
50643	1720	3584876340
50646	1747	3586778942
50649	1742	3587287656
50651	1658	3587830793
50655	1679	3588198743
50657	1741	3588593763
50661	1678	3589853399
50665	1737	3593210262
50681	1752	3597144724
50683	1718	3597510149
50688	1743	3599552688
50694	1725	3601071764
50696	1681	3601931215
50699	1677	3602774921
50710	1730	3604397521
50713	1740	3605167225
50721	1746	3608145252
50729	1665	3612835752
50731	1683	3613423599
50746	1678	3617385224
50753	1695	3620868387
50758	1720	3622319296
50766	1720	3624770947
50767	1686	3624829981
50789	1706	3637224943
50792	1742	3637919904
50803	1743	3642167125
50806	1746	3642911926
50807	1741	3643171522
50809	1696	3643809152
50810	1651	3643908201
50811	1710	3643928315
50815	1670	3646012614
50819	1671	3646250303
50821	1732	3646832671
50829	1774	3649038776
50849	1687	3655483496
50864	1720	3659196883
50865	1718	3659215721
50867	1716	3659978370
50883	1730	3664531978
50887	1707	3665805360
50892	1699	3667913323
50896	1693	3669778402
50917	1679	3678114774
50920	1730	3678660227
50925	1701	3681318640
50934	1731	3683480049
50938	1742	3685263645
50944	1685	3686444378
50956	1691	3688826189
50966	1680	3691294768
50969	1688	3691672067
50972	1736	3694547404
50976	1750	3695327496
50983	698	3697596390
50991	1749	3698483354
50994	1733	3699174162
51018	1693	3706957221
51024	1753	3710053261
51035	1743	3715233863
51037	1697	3715764178
51039	1738	3716500843
51057	1728	3721465762
51059	1731	3721594907
51060	1729	3721843457
51087	1726	3729129975
51091	1743	3731102665
51097	1702	3732161223
51100	1726	3732528192
51115	1704	3740294293
51116	1714	3740526803
51137	1727	3747830790
51141	1726	3749436863
51142	1692	3749628939
51163	1684	3756884662
51176	1709	3758949881
51177	1763	3759179724
51191	1704	3763584496
51192	1734	3763589406
51208	1741	3766856473
51244	1715	3781556503
51247	1741	3783428167
51262	1671	3787174882
51266	1707	3788148104
51270	1731	3788398662
51275	1698	3789545632
51281	1697	3790929752
51283	1717	3791216632
51286	1681	3792302763
51302	1680	3799575231
51310	1682	3804898439
51311	1686	3805263908
51317	1758	3806814666
51360	1674	3819572700
51369	1781	3821668737
51370	1692	3822552473
51405	1679	3831987674
51407	1707	3833024927
51426	1684	3843488332
51428	1711	3843592249
51431	1717	3844924102
51446	1691	3849643670
51449	1743	3850281083
51451	1696	3851551429
51464	1719	3857391043
51469	1774	3858889525
51471	1715	3860038513
51473	1699	3860323877
51483	1781	3863108859
51488	1743	3865070976
51490	1735	3865888262
51502	1725	3868934388
51517	1718	3873757002
51519	1700	3874122742
51527	1734	3878077582
51539	1550	3880921428
51544	1686	3881555920
51545	1716	3881605995
51551	1723	3882680919
51555	1740	3883679347
51558	1724	3884543943
51564	1647	3886083951
51567	1750	3887400569
51584	1677	3892936267
51586	1677	3894365638
51602	1715	3900390557
51620	1736	3905616502
51638	1691	3911876612
51655	1717	3918700552
51656	1721	3919138138
51674	1711	3923887136
51675	1703	3924191065
51687	1756	3927586492
51707	1670	3935281566
51713	1732	3936712146
51717	1723	3940666164
51721	1699	3942073814
51724	1730	3942874412
51727	1702	3943075457
51730	1701	3944077155
51746	1750	3948229598
51747	1750	3948564967
51749	1145	3948819458
51777	1723	3955357913
51795	1704	3962077245
51796	655	3962377398
51804	1684	3964406241
51816	1702	3967726506
51838	1683	3975223989
51849	1684	3980424752
51869	1723	3987918117
51890	1711	3993040883
51891	1771	3993096936
51901	1725	3996244580
51905	1724	3997093210
51913	1746	4001164236
51920	1768	4002086797
51926	1679	4004071578
51928	1720	4004866426
51929	1691	4005126757
51936	824	4006450204
51948	1734	4011594498
51956	1678	4013939942
51957	1702	4014029784
51965	1726	4017069105
51971	1716	4021106461
51979	1741	4023624390
52001	1699	4030508121
52015	1685	4035739292
52017	1687	4036225324
52020	1705	4037445076
52028	1690	4040899119
52046	1669	4048397917
52056	1278	4052627282
52071	1773	4056333438
52073	1709	4058094150
52078	1719	4059390106
52080	1715	4059541919
52084	1691	4060782905
52095	1762	4065383751
52102	1665	4066324592
52109	1716	4068372499
52118	1709	4071014481
52120	1724	4071489872
52122	1770	4072195204
52127	1736	4074174769
52135	1736	4075726135
52141	1681	4078080246
52164	1686	4086544474
52179	1710	4090765002
52204	1705	4095549145
52206	1758	4095954303
52207	1729	4095964166
52213	1703	4097132219
52222	1738	4099068259
52226	1686	4099753697
52235	1660	4104169123
52252	1656	4108840499
52258	1729	4111726239
52262	1680	4112453575
52265	1671	4113397796
52277	1689	4117919849
52297	1672	4126496946
52314	1731	4132565014
52317	1724	4133054226
52342	1704	4141788408
52350	1708	4143712500
52357	1645	4146943846
52369	1741	4151189187
52374	1686	4152908155
52375	1672	4153937898
52376	1689	4154002824
52386	1696	4157075671
52391	1686	4158421697
52394	1696	4158602306
52405	1687	4160980284
52414	830	4162854681
52415	1756	4163288667
52416	1697	4163487116
52424	1682	4166937573
52428	1427	4167715927
52439	1760	4170591846
52453	1724	4174863982
52461	1650	4176062425
52462	1728	4176597193
52463	1723	4176627378
52464	1691	4176856031
52465	1717	4176911286
52469	1730	4177474396
52488	1699	4182687047
52507	1758	4189286232
52524	1716	4194241756
52527	1725	4194643206
52529	1713	4195782243
52534	1702	4198255744
52547	1709	4200933923
52548	1753	4201258889
52557	1718	4204398705
52559	1694	4204511600
52560	1734	4204646637
52568	1719	4208071605
52574	1760	4209990606
52576	1688	4210178174
52583	1721	4213277778
52596	1692	4215483463
52613	1718	4221165561
52614	1727	4221315043
52625	1747	4225410402
52630	1693	4228457076
52639	1767	4229995787
52643	882	4230796626
52655	1730	4233547079
52660	1645	4235060502
52667	1693	4236803709
52672	1743	4237889284
52673	1747	4238142174
52696	1694	4244476074
52702	1738	4248425219
52707	1729	4249319492
52708	1722	4249438843
52729	1745	4256555660
52730	1659	4257033835
52731	1734	4257602149
52732	1653	4257687736
52735	1698	4258881531
52739	1741	4259864012
52743	1703	4260659591
52744	1663	4262600177
52746	1672	4263875988
52763	1677	4271878181
52764	848	4271904223
52777	931	4276844242
52784	1695	4278664137
52788	1690	4279943172
52791	1770	4281652382
52816	1673	4290053419
52818	1700	4290284221
52820	1727	4290742117
52822	1763	4291609585
52836	1703	633886
52837	1590	727563
52838	1684	1024234
52841	1721	1912570
52850	1749	6258421
52858	1695	7887254
52860	1759	7989359
52862	1739	8336298
52878	1751	15620000
52883	1686	17654658
52886	1683	18053487
52890	1685	19360150
52895	1727	20642628
52903	1738	23461121
52919	1715	27344996
52927	1688	29798627
52929	1732	30368727
52937	1739	33176257
52950	1711	39833319
52962	1714	42990398
52963	1694	43052024
52969	1725	45438588
52971	1690	46187552
52973	1657	46367349
52982	1656	47707146
52985	1702	48200919
52990	1703	50176448
53003	1690	53390457
53009	1707	57465487
53021	1734	59942543
53022	1706	60290264
53024	1691	60464922
53029	1714	61894939
53033	1753	62535939
53039	1696	67394141
53050	1686	71240957
53061	1680	73467498
53063	1729	73898506
53066	1704	74121021
53089	1457	81412670
53093	1723	81732146
53095	1683	82005114
53103	1761	83508085
53114	1707	87189703
53117	1647	87812148
53120	1689	89011894
53124	1700	89991765
53129	1684	91020371
53147	1710	95929252
53149	1738	97979728
53154	1741	98975884
53192	1697	110490057
53202	1699	114168191
53206	1703	114919671
53240	1756	128389882
53242	1703	128981324
53243	1684	129567343
53251	1646	131377464
53257	1628	132114651
53261	1692	133627689
53262	1686	133834473
53269	1730	135370606
53285	1680	142746734
53305	1752	147210010
53308	1683	147776172
53312	1602	148170986
53314	1694	149152205
53315	1714	150071036
53321	1704	151083298
53339	1698	153893244
53342	1722	154825145
53347	1660	156226314
53374	1735	167475732
53377	1666	168398783
53384	1701	170192604
53386	1736	170493013
53387	1693	170837313
53388	1677	171140563
53398	1695	174065243
53410	1675	176857972
53421	1730	181124395
53424	1729	182483648
53425	1673	182505706
53426	1710	182546607
53428	1670	183262702
53437	1687	187100922
53439	1673	187920489
53443	1753	191785774
53447	1699	193735329
53452	1718	194926597
53453	1711	195055404
53463	1749	197639571
53476	1734	201741244
53477	1694	201841720
53487	1704	204573349
53493	1767	205916521
53495	1719	206811821
53497	1691	207504693
53537	1724	216541670
53558	1748	224884741
53567	1378	226596414
53584	1750	231862769
53585	1738	231962504
53591	1716	232860863
53597	1042	234480874
53608	1701	236914281
53625	1673	244482028
53626	1746	244712165
53631	1640	246138487
53635	1699	246822827
53642	1675	248038410
53647	1719	248858308
53650	1711	251284179
53652	1684	251772698
53656	1735	252732596
53661	1762	253593518
53675	1696	256769730
53700	1716	265556224
53716	1738	270124527
53720	1695	271427832
53728	1699	272485520
53732	1643	273692870
53733	1720	273876315
53735	1711	274714491
53746	1745	277809326
53747	1627	277947723
53756	1739	282100254
53760	1673	283225959
53762	1706	283828575
53767	1724	285266130
53772	1397	286631977
53777	1672	290541700
53804	1748	298315727
53833	1718	308001006
53835	1733	308350396
53839	1700	309552622
53868	1708	319621896
53869	1692	320136345
53870	1696	320577057
53873	3172	323580742
53890	1716	327494802
53897	828	328335629
53901	1695	328852292
53904	1742	329382999
53907	1725	330239195
53940	1687	339097229
53949	1715	343441035
53958	1743	346483830
53960	1707	346551441
53962	1669	347077285
53963	1669	347598027
53966	1679	348002225
53970	1723	348924973
53974	1694	349674537
53975	1716	350494247
53980	1713	353756713
53982	1661	354200811
53983	1691	354806100
53989	1678	356642519
53995	1747	359336975
54002	1732	360618105
54011	1712	362249310
54019	1700	365618058
54049	1733	372883207
54056	1711	374919921
54057	1690	375044692
54060	1085	376337602
54070	1713	379599561
54071	1742	379741516
54083	1686	385580357
54086	1684	386309942
54090	1716	387945371
54093	1686	389522953
54111	1731	393775535
54123	1680	396749813
54127	1736	397013241
54130	1749	398925349
54131	1749	399686408
54139	1762	402072277
54149	1712	407024980
54162	1718	409776567
54166	1666	410616539
54167	1703	411225669
54175	1696	413074166
54182	1723	414691002
54186	1730	415381682
54188	1710	415799707
54194	1720	417082881
54197	1684	418006971
54207	1660	420484895
54210	1689	421116656
54216	1730	423379493
54224	1778	427090688
54237	1731	431157774
54238	1785	431607069
54244	1659	433450066
54245	780	433761908
54249	1765	435512904
54265	1694	441668888
54278	1712	448042300
54281	1708	448906519
54282	1694	448955916
54284	1720	449242394
54286	1697	449425092
54304	1710	454442470
54317	1693	459962237
54320	1715	461721476
54328	1692	462694203
54353	1692	470495423
54356	1720	471612545
54367	1757	477004602
54379	1749	481947912
54381	1510	482372965
54384	1669	483123835
54394	1699	488709146
54398	1740	490041686
54399	1749	490184832
54409	1654	493678747
54413	1714	494529135
54422	1685	497040165
54429	1717	498711603
54431	1752	499324164
54435	1747	500634128
54440	1704	502351506
54441	1718	502386966
54447	1696	506389374
54448	1644	506863084
54457	1674	508724190
54459	1746	509042920
54492	1672	520414837
54498	1713	522114651
54502	1712	524069994
54505	1720	526970283
54511	1730	527800149
54512	1747	528082900
54515	1643	528583732
54516	1645	528956401
54517	1385	529095287
54524	1796	531082056
54527	1720	531495878
54534	1726	533555111
54545	1746	535835598
54549	1729	536362581
54562	1227	537758202
54568	1760	539728525
54574	1707	540433690
54588	1676	543809777
54595	1536	548130256
54597	1699	548319539
54599	1735	548973770
54602	1690	550203409
54608	1695	551055764
54611	1734	551434448
54624	1722	556061588
54633	1681	557759570
54640	1680	562688097
54643	1684	563772508
54647	1712	564612553
54656	1679	568605857
54663	1698	570819727
54681	1752	576462672
54684	1664	577388686
54685	1716	577467030
54686	1682	577790186
54689	1716	578515226
54693	1692	578987634
54700	1700	581562256
54704	1748	582481271
54707	1735	582907975
54713	1727	586023811
54716	1732	588023593
54728	1724	592533085
54731	1765	593081762
54734	676	594625879
54736	1707	595273821
54738	1762	595447797
54751	1725	600404067
54752	1646	600446566
54764	1689	608380008
54765	1657	608504959
54768	1733	609395635
54777	1686	612782422
54786	1700	614880251
54789	1078	617219065
54799	1727	621157130
54813	1737	624743899
54817	1676	625451618
54830	1741	631121561
54831	1745	631521885
54844	1706	635161783
54845	1714	635186422
54848	1727	635576776
54850	1728	635661704
54854	1720	638095577
54859	1710	638909334
54861	1753	640094557
54874	1735	644336832
54877	1730	645122296
54881	1696	645928559
54883	1719	646336718
54887	1661	649603875
54894	1687	652006178
54900	1717	653460506
54915	1706	658134234
54921	1724	660414951
54925	1728	661195369
54949	743	669878261
54953	1687	670955342
54974	1711	677080807
54982	1757	680451936
54992	1732	683436667
55045	1773	699780037
55046	1726	699906351
55049	1680	700492775
55052	1693	701176361
55054	1657	702093992
55057	1666	703143812
55085	1704	712053788
55087	1706	712549163
55092	1717	714080635
55096	1713	715848878
55100	1761	717211303
55109	1680	719939157
55110	1760	720366623
55123	1739	725275749
55125	1699	726486319
55139	1670	733651659
55142	1716	735793534
55145	1782	736884751
55150	1718	738585797
55152	1679	740371744
55153	1699	740520770
55155	1710	741834144
55166	1740	743327717
55167	1701	744038701
55176	1712	746258978
55190	1717	752498361
55198	1710	754194440
55200	1668	754231303
55204	1759	755691749
55217	1722	759265276
55221	1752	760899995
55236	1737	766337820
55241	1714	767078785
55242	1711	767606445
55243	1686	768316664
55247	1724	769551763
55256	1736	774833510
55280	1702	783728622
55285	1675	785229230
55287	1673	785527366
55311	1742	794702334
55317	1705	796690127
55325	1687	798624183
55343	1690	805640572
55351	1709	808013989
55353	1683	809235329
55354	1683	809551010
55356	1683	809949652
55365	1760	813627224
55367	1698	813963771
55384	1670	819196478
55397	1604	825236315
55401	1743	826336128
55419	1733	834292733
55430	1703	839542154
55438	1742	843907077
55446	1711	845877705
55451	1689	846641333
55466	1677	850378778
55493	1698	858263297
55497	1663	859265341
55501	1748	860027872
55502	1709	860153163
55504	1676	860505325
55505	1695	860676586
55510	1709	861806177
55513	1682	862602621
55514	1672	862682606
55519	1511	864026585
55521	1716	864363292
55538	1685	869233464
55544	1735	871022309
55553	1735	875374019
55561	1745	878750555
55575	1653	882249587
55596	1693	891414935
55608	1717	896749127
55626	1694	901550888
55627	1692	901758109
55629	1675	902100271
55635	1719	903525429
55636	1681	903598518
55641	1711	904938444
55644	1751	905638060
55648	1748	906239857
55656	1695	908552986
55657	1742	909081669
55664	1365	911811808
55672	1708	915404703
55695	1708	923025143
55716	1706	928535775
55745	1697	938636597
55761	1718	942684551
55783	1733	949868089
55784	1742	950416280
55788	1768	951243664
55794	1722	953072612
55806	1640	957913401
55810	1713	959409473
55811	1673	960615449
55824	1703	963133070
55832	1690	964514383
55834	1740	965895106
55846	1724	970821879
55861	1081	973938810
55866	1681	976809234
55873	1681	980744354
55890	1747	984792946
55898	1710	986529590
55910	1717	989712696
55922	1673	996370061
55926	1690	997626675
55932	1703	998523242
55936	1747	1000075854
55948	1746	1003970425
55954	1696	1004887051
55960	1721	1007089540
55964	1745	1008321228
55969	1298	1009377219
55970	1724	1009430858
55972	1696	1009637151
55979	1704	1010608666
55997	1686	1017953202
56002	1690	1018667831
56003	580	1018758295
56007	1727	1020063211
56009	1749	1020422151
56019	1725	1023432186
56024	1746	1025161422
56041	1716	1030336685
56042	1701	1030643130
56044	1691	1030886496
56059	1688	1034758387
56062	1731	1035230005
56081	1727	1040612942
56089	1700	1043687642
56091	1722	1044159121
56095	1722	1044997149
56120	1736	1054424348
56122	1704	1055049359
56125	1725	1055207629
56134	1724	1059804239
56148	1705	1065032077
56170	1650	1068970981
56180	1676	1070836095
56181	1774	1070866694
56182	1733	1070909335
56186	1319	1071569392
56191	1713	1072909469
56197	1676	1074153630
56198	1773	1074514739
56212	1722	1083127182
56218	1748	1084815367
56220	1702	1085169588
56223	1712	1086121355
56230	1705	1087277239
56232	1735	1087844313
56242	1715	1091362588
56245	670	1092295815
56250	1704	1094137598
56265	1724	1101086275
56268	995	1102537262
56272	1724	1103320486
56276	1697	1104708933
56313	1593	1114374992
56316	1750	1114644980
56318	1682	1116555437
56320	1647	1116816787
56337	1682	1124470226
56346	1733	1127514006
56367	1696	1133455547
56376	1714	1136950281
56385	1679	1140254639
56391	1701	1141486599
56392	1668	1141649400
56402	1787	1144894586
56406	1676	1146426504
56414	1752	1148775318
56419	1669	1149581284
56427	1704	1152075255
56430	1722	1152733025
56436	1717	1154252436
56445	1684	1156359447
56449	1655	1157545411
56454	1692	1161629655
56462	1683	1164237038
56467	1698	1166113088
56471	1711	1167869466
56473	1643	1168532223
56489	1662	1173172050
56494	1703	1174028435
56509	1711	1180866642
56520	1717	1183760501
56530	1691	1186300628
56532	1746	1187618006
56545	1721	1191773982
56558	1691	1193466762
56561	1322	1193962725
56576	1717	1198606827
56583	1715	1201432935
56588	1721	1202882010
56594	1702	1205991064
56606	1725	1208667877
56607	1714	1209018297
56608	1731	1209115699
56609	1745	1210183367
56610	1685	1210939529
56614	1728	1211893734
56622	1703	1214276362
56632	1709	1217342127
56638	1679	1218829644
56659	1575	1228951280
56661	1722	1229486713
56662	1674	1230649740
56664	1371	1232169743
56670	1659	1233590021
56678	1744	1235341721
56686	1693	1237295408
56687	1720	1237901473
56689	1704	1238242035
56701	1688	1244206972
56703	1672	1245122540
56709	1738	1246277589
56717	1732	1248749420
56718	1714	1248911328
56732	1689	1252946147
56743	1745	1256712025
56747	1671	1257798799
56750	1725	1258240517
56751	1700	1258322495
56753	1690	1259550022
56754	1361	1259568332
56759	1744	1262775806
56771	1693	1265279914
56776	1704	1267303084
56777	1758	1267619308
56790	1764	1270879217
56792	1763	1271492762
56802	1667	1273917407
56804	1656	1274954621
56809	1755	1277301535
56818	1702	1278766940
56820	1643	1278958491
56826	1771	1279929892
56831	1648	1280423217
56839	1716	1287252585
56849	1758	1289567041
56852	1668	1290778156
56858	1697	1292965002
56862	1679	1293839378
56864	1673	1294308045
56870	1711	1297560113
56871	1751	1297597255
56874	1704	1298290683
56876	1683	1299267375
56880	1706	1300243676
56883	1675	1300959606
56893	1715	1302547241
56894	1660	1302748833
56901	1751	1304078563
56903	1728	1304564043
56905	1758	1306539173
56906	1723	1306628440
56909	1718	1306776186
56918	1736	1308453467
56919	1775	1308535812
56920	1736	1309103529
56928	1752	1311334532
56934	1683	1312906854
56936	1715	1313611318
56943	1723	1316120878
56946	1685	1317000537
56949	1753	1317902161
56960	1714	1320026938
56961	1729	1320472398
56972	1642	1323217476
56975	1743	1324616720
56980	1731	1327737377
56992	1739	1330273939
57013	1694	1336028834
57019	1745	1337584746
57021	1681	1338075601
57024	1730	1339341007
57028	1711	1339756360
57036	1734	1341624964
57038	1725	1341930832
57039	1734	1341935057
57040	1717	1342421751
57047	1698	1344635000
57048	1681	1344651839
57051	1711	1347879846
57060	1723	1350160696
57061	1723	1350389770
57090	1672	1356425288
57105	1695	1361059825
57110	1664	1362419505
57112	1703	1362774457
57121	1683	1365459176
57128	1699	1369550995
57131	1688	1370433045
57136	1695	1372012514
57141	1709	1373857487
57167	1684	1383124351
57176	1746	1389989412
57177	1706	1390366652
57180	1672	1391004625
57181	1716	1391403335
57202	1721	1398729232
57207	1766	1400261561
57222	1660	1404865075
57248	1715	1413759852
57260	1770	1419321224
57265	1727	1420303764
57266	1707	1420354508
57281	1676	1423423896
57295	1721	1427261548
57304	1782	1430986521
57313	1713	1432335157
57315	1677	1433459896
57324	1732	1435273012
57325	1758	1435296560
57329	1741	1436121756
57332	1740	1438920028
57340	1656	1442238365
57350	1743	1444670817
57352	1727	1444984477
57370	1702	1450669974
57378	1692	1452950484
57384	1731	1454475183
57386	1741	1454869174
57395	1682	1456676155
57397	1752	1457218114
57400	1624	1458812232
57414	1690	1463166429
57416	1734	1463745337
57427	1688	1466621144
57444	1727	1473437063
57446	1694	1475014504
57449	1699	1476306732
57465	1639	1480612692
57466	1680	1480974384
57473	1741	1482645736
57474	1673	1482703226
57483	1710	1483932913
57494	1698	1490374213
57501	1717	1492644153
57536	1705	1503467585
57559	1681	1511952189
57561	1737	1512976042
57562	1745	1513325446
57563	1664	1513334695
57567	1687	1513729479
57580	1711	1518002951
57581	1749	1518013482
57585	1703	1518522901
57592	1729	1521297943
57596	1747	1521621155
57605	1707	1524543598
57617	1742	1526328185
57624	1696	1527941326
57657	1754	1537598044
57663	1731	1538630344
57665	1727	1538772545
57666	1687	1539025939
57675	1728	1540662284
57676	1769	1541239440
57681	1719	1541821791
57683	1755	1542996470
57694	1761	1546430538
57700	1754	1548880081
57703	1678	1551921906
57707	1719	1552375464
57708	1684	1553156048
57731	1683	1560798551
57740	1716	1564726720
57752	1711	1567996970
57755	1753	1568774749
57765	1708	1574927290
57767	1687	1575172306
57785	1742	1580450345
57786	1753	1580515676
57791	1725	1582596959
57799	1705	1583825505
57804	1678	1584922042
57812	1709	1588392761
57814	1779	1590358195
57821	1739	1592968357
57831	1771	1598051152
57838	1761	1599303175
57841	1692	1599893078
57856	1719	1603238425
57865	1758	1606227387
57877	1732	1609722309
57884	1703	1613611707
57889	1747	1614386978
57895	1728	1615369193
57921	1710	1625468411
57923	1689	1625970236
57931	1664	1627702314
57940	1347	1631460899
57943	1732	1633259052
57956	1733	1636479796
57958	1761	1637186706
57967	1683	1638424923
57973	1743	1639762577
57989	1761	1643142877
57990	1748	1644393340
57991	1715	1644523651
58004	1759	1646866520
58014	1651	1648625805
58021	1707	1649694656
58023	1696	1650441328
58034	1723	1654300140
58041	1696	1655666986
58044	1753	1656370295
58047	1708	1657615879
58053	1742	1660460921
58054	1688	1660900901
58071	1732	1665413663
58089	1747	1670443491
58096	1686	1674800744
58098	1744	1674912731
58115	1726	1679412649
58130	1779	1685047980
58138	1753	1686335074
58145	1724	1687750845
58150	1671	1689029777
58168	1669	1696141378
58170	1743	1696937390
58172	1785	1697537185
58178	1743	1699118767
58188	1688	1702647076
58196	1767	1703904543
58200	1728	1705939379
58206	1715	1706789245
58217	1682	1708554801
58228	1737	1710935839
58233	1671	1711850408
58245	1698	1717460464
58253	1735	1720843774
58264	1665	1723095658
58277	1643	1728171933
58283	1726	1729155328
58284	1751	1729411244
58286	1762	1729626843
58291	1686	1730818281
58295	1679	1731827054
58312	1733	1738750414
58324	1654	1741929358
58328	1716	1743915250
58329	1704	1744450663
58340	1730	1746467959
58348	1734	1748734271
58350	1677	1748897818
58369	1693	1756568968
58373	1691	1757894366
58383	1746	1760285559
58384	1736	1760842194
58392	1706	1762412347
58400	1694	1764191728
58405	1733	1765128809
58406	1755	1765475439
58407	1713	1765707406
58417	1678	1767955063
58420	1717	1769020135
58424	1706	1769912030
58429	1685	1771194064
58434	1760	1772474502
58435	1702	1772669907
58437	1743	1773016670
58444	1783	1776289265
58455	1711	1777499507
58462	1447	1779605441
58465	1662	1781165209
58487	1751	1786144393
58496	1705	1789282872
58499	1688	1790774023
58506	1735	1793554415
58515	1711	1797553488
58516	1712	1797819661
58517	1698	1797965806
58519	1730	1798322821
58520	1718	1798706721
58523	1740	1799367410
58531	1715	1801304800
58544	1699	1805748511
58547	1703	1807435092
58553	1747	1808970891
58554	1723	1809586142
58558	1740	1810988566
58561	1778	1812057383
58565	1676	1812573476
58568	1727	1812794702
58577	1716	1818734765
58587	1750	1824253782
58589	1693	1824474419
58610	1692	1829085488
58615	1721	1830405953
58617	1669	1831903561
58626	1739	1834915076
58640	1723	1838853558
58642	1681	1839060423
58645	1672	1840214036
58649	1699	1842421776
58684	1462	1854852897
58685	1771	1855585460
58697	1705	1859855602
58698	1683	1860337057
58699	1677	1861044787
58703	1767	1862290267
58704	1718	1862310677
58746	1713	1873512286
58753	1738	1875798992
58754	1707	1875988124
58771	1709	1882667891
58781	1670	1885113371
58784	1712	1885468888
58788	1728	1886953835
58795	1740	1888777070
58798	1706	1890172523
58805	1676	1894014472
58816	1755	1898961119
58818	1753	1899390347
58825	1676	1901608659
58845	1669	1906973600
58846	1681	1907014683
58848	1695	1907719521
58856	1410	1910504560
58858	1718	1911849686
58878	1692	1916153490
58880	1745	1919028315
58888	1712	1920257731
58892	1745	1920889854
58897	1705	1921664795
58898	1686	1921892691
58911	1679	1926173767
58934	1672	1932738959
58936	1733	1933214021
58938	1718	1934121212
58943	1716	1934757195
58945	1669	1936321731
58950	1680	1939374273
58951	1750	1939513419
58956	1699	1941592032
58959	1722	1942118613
58966	1727	1943677745
58976	1699	1946155546
58978	1695	1946584006
58979	1742	1947109588
59018	1725	1962581502
59020	1688	1963835988
59028	1712	1966393962
59038	1694	1969134031
59056	1701	1974305337
59076	1705	1981017934
59087	1743	1983679723
59089	1735	1983953527
59093	1694	1984660884
59094	1671	1984700757
59099	1717	1986592358
59110	1655	1988488811
59115	1726	1988928925
59128	1687	1993676564
59130	1759	1993860293
59131	1707	1993966182
59134	1750	1994660601
59135	1691	1995268044
59139	1699	1995633719
59144	1698	2000289088
59153	1670	2002656181
59158	1736	2003385012
59184	1716	2008733661
59195	1717	2011121025
59196	1700	2011411996
59204	1720	2013731309
59227	1757	2020766864
59228	1386	2020873883
59235	1727	2022341250
59245	1701	2024466812
59255	1747	2028198664
59258	1717	2028817781
59259	1765	2029630819
59264	1654	2030381436
59266	1761	2031186186
59270	1679	2032010735
59281	1760	2034650259
59291	1743	2036528904
59292	1650	2036692454
59304	1694	2041707013
59306	1745	2042366723
59308	1721	2043120831
59318	1652	2046275026
59341	1727	2052940285
59352	1683	2055027533
59356	1760	2057027641
59364	1703	2060653162
59365	1744	2061092638
59372	1713	2063127598
59380	1520	2065623542
59392	1686	2067399124
59393	1741	2068119474
59402	1697	2072423776
59412	1721	2077069505
59416	1698	2077828703
59429	1720	2085266823
59435	1699	2086523280
59439	1696	2088095045
59451	1702	2092713786
59452	1718	2093109349
59466	1668	2098029761
59483	1745	2105133360
59495	1410	2108498519
59502	1729	2110984932
59511	1707	2113079076
59523	1723	2115103852
59526	1669	2115453981
59531	1695	2116630374
59540	1705	2119404242
59545	1735	2122445218
59553	1725	2124432530
59562	1716	2126553096
59566	1736	2127040815
59574	1750	2127993030
59578	1662	2129972414
59595	1726	2133223165
59596	1670	2133239063
59597	1738	2133372833
59603	1740	2135522753
59605	1723	2136769167
59608	1709	2138102898
59620	1688	2143130024
59631	1683	2146086636
59637	1685	2147654515
59656	1695	2152469453
59686	1739	2162930009
59697	1727	2166094899
59707	1681	2169574259
59709	1678	2170173859
59721	1761	2172399595
59729	1716	2176734075
59735	1701	2179297964
59736	1734	2180917195
59750	1683	2187170007
59755	1708	2188346749
59759	1675	2188981825
59763	1675	2189498185
59768	1742	2191412527
59772	1756	2193217311
59785	1651	2198988402
59791	1727	2200158673
59803	1728	2204150012
59829	1715	2212856031
59830	1745	2213211433
59834	1698	2214176019
59844	1716	2216435820
59851	1726	2217605824
59852	1669	2217823638
59855	1670	2218482466
59858	1525	2220540018
59874	1724	2226590165
59884	1721	2229344208
59885	1685	2229595868
59889	1718	2230768695
59893	1722	2231943194
59894	1710	2232916638
59895	1746	2233042369
59899	1687	2234928037
59914	1592	2237266298
59917	1759	2238240283
59927	1700	2239157486
59948	1669	2250545115
59953	1684	2251664993
59963	1696	2253803484
59966	1682	2254193683
59976	1664	2257183172
59983	1335	2259734902
59986	1668	2260336422
59987	1753	2260511273
60017	1783	2269406506
60022	1724	2270282137
60036	1704	2273342424
60041	1692	2274690596
60049	1687	2278134208
60053	1734	2278808044
60054	1721	2279780475
60085	1736	2290844477
60090	1669	2291531943
60112	1698	2296854005
60115	1785	2297098395
60130	1679	2302293718
60133	1691	2302591677
60135	1677	2303058230
60138	1710	2305269259
60142	1711	2306423226
60146	1742	2308229983
60156	1765	2311801341
60168	1702	2314447935
60170	1721	2315043466
60179	1702	2318178123
60193	1662	2320881342
60194	1703	2321823040
60222	1723	2331829135
60227	1693	2333258525
60230	1651	2333758374
60241	1679	2336242582
60242	1709	2336407706
60243	1690	2337312183
60249	1764	2339169806
60251	1747	2339552165
60265	1418	2342650639
60281	1702	2350337886
60282	1729	2350406080
60284	1685	2350656979
60288	1690	2351466357
60291	1725	2352031407
60297	1745	2353924906
60310	1700	2356350030
60329	1036	2366424149
60331	1689	2367832617
60333	1653	2368267690
60334	1711	2368832825
60361	1656	2376593971
60366	1745	2378833812
60383	1768	2382739789
60385	1760	2383303216
60387	1658	2383443100
60398	1704	2385051763
60412	1738	2393916577
60420	1726	2395622175
60423	1702	2396518671
60425	1684	2397576364
60426	1705	2398200153
60427	1662	2398892331
60428	1716	2399176906
60448	1665	2402306600
60449	1737	2402824548
60457	1650	2404001502
60469	1718	2408504127
60472	1670	2408825853
60473	1667	2408981221
60475	1727	2409497889
60480	1767	2410583077
60507	1673	2419016142
60514	1707	2421629887
60519	1698	2422556190
60523	1768	2424408257
60526	1717	2425168028
60541	1709	2429009902
60543	1766	2429549576
60546	1717	2430119150
60548	1781	2430530744
60568	1678	2434647964
60571	1681	2435186864
60585	1702	2437048013
60589	1687	2438515751
60616	1720	2447134573
60628	1700	2453251264
60632	1673	2455096899
60637	717	2456503160
60639	1649	2457061528
60640	1713	2457064481
60644	1714	2458346835
60660	1703	2460769111
60666	1722	2462781117
60672	1704	2464736525
60674	1708	2465252815
60675	1691	2465260315
60681	1745	2466263100
60687	1680	2469362786
60693	1700	2471228589
60697	1739	2471638654
60722	1704	2481183676
60731	1691	2483106913
60734	1737	2484585066
60759	1750	2492260380
60765	1713	2494383055
60789	1691	2501842778
60791	1728	2502947747
60797	1755	2504625557
60804	1702	2507636627
60805	1717	2507871778
60827	1719	2516350386
60833	1389	2519877443
60840	1703	2521638916
60857	1707	2524871680
60863	1725	2526792493
60864	1748	2526916018
60882	1685	2532334138
60884	1657	2532797372
60895	1720	2535954047
60896	1737	2536253355
60906	1734	2538562624
60908	1656	2538680194
60916	1768	2542129410
60918	1707	2543018683
60919	1670	2543341873
60924	1693	2545602536
60925	1704	2546174483
60926	1683	2546436044
60928	1732	2546687369
60930	1741	2546809482
60939	1723	2550501438
60955	1687	2553994121
60960	1639	2555078554
60969	1712	2558462459
60970	1660	2558604943
60977	1700	2560031047
60978	1664	2560254692
60984	1683	2562025003
60989	1713	2563672313
60992	1691	2564514955
60993	1679	2564659803
60996	1716	2565112708
60999	1702	2565804019
61018	1668	2572767056
61021	1682	2573233408
61022	1678	2573315078
61023	1210	2573814495
61025	1683	2574017778
61042	1664	2578947812
61045	1708	2580612896
61053	1661	2582883031
61060	1699	2585428338
61063	1753	2586488954
61067	1761	2588706856
61076	1664	2592032210
61083	1734	2593333207
61095	1659	2594999730
61106	1696	2598620528
61120	1692	2604138192
61125	1701	2605695094
61132	1727	2607652575
61141	1736	2608900667
61153	1680	2614529666
61174	1719	2620708517
61177	1631	2621647441
61189	1742	2623918666
61190	1703	2623933722
61191	1705	2624178712
61194	1651	2624712781
61199	1693	2627615074
61200	1631	2627834865
61210	1758	2629130828
61211	1295	2629450751
61222	1671	2634006861
61226	1714	2635345913
61235	1716	2637322894
61241	1687	2638454597
61252	1730	2640578854
61253	1730	2641058367
61259	1723	2643966510
61261	1676	2644115764
61266	1691	2645938307
61272	1711	2647512958
61276	1710	2648543602
61300	1721	2658109299
61307	1738	2660238301
61318	1736	2661912004
61326	1702	2663617907
61327	1693	2663902267
61329	1692	2664013426
61330	1723	2664087653
61331	831	2664186547
61332	1720	2664307300
61347	1736	2670573331
61350	1698	2670894267
61356	762	2673835227
61367	1740	2676596806
61371	1665	2677663555
61374	1707	2678508451
61387	1666	2682073301
61398	1728	2684994174
61401	1686	2685420120
61405	1679	2687181719
61406	1661	2687316161
61414	1736	2689904813
61418	1704	2690868975
61420	1703	2693010170
61421	1758	2694998358
61423	1269	2695028044
61424	1745	2695560466
61427	1697	2697071963
61446	1681	2700877259
61450	1652	2702453533
61454	1666	2704632136
61456	1797	2704807894
61462	1680	2706226621
61465	1753	2707007139
61466	1607	2707179690
61471	1733	2708762233
61472	1731	2708958289
61475	1696	2709651441
61477	1703	2710304541
61479	1709	2710804499
61494	1719	2716558892
61506	697	2718855681
61509	1693	2719434431
61518	1713	2721973039
61521	1699	2723356287
61525	1715	2724515433
61531	1739	2726751982
61540	1701	2728672444
61541	1703	2728877749
61542	1706	2729040792
61572	1732	2739723784
61576	1713	2740708917
61588	1746	2743724515
61599	1716	2745818854
61602	1734	2746590310
61603	1682	2746598479
61620	1757	2750448978
61622	1664	2750966431
61623	1711	2751163729
61628	1746	2754124922
61651	1282	2760420509
61661	1717	2764916074
61692	1664	2777665922
61715	1691	2785300480
61716	1695	2785350285
61718	1738	2785710735
61720	1740	2786213046
61721	1705	2786313955
61739	1671	2790674296
61740	934	2790685101
61742	1735	2791009173
61748	1731	2796394257
61752	1738	2796585632
61756	1702	2796983495
61758	1713	2797135460
61772	1678	2800386204
61773	1696	2800705744
61781	1738	2801711581
61796	1741	2805120587
61803	1729	2807082882
61809	1718	2808368136
61816	1101	2810111207
61819	1676	2810739240
61820	1707	2811371724
61823	781	2811863240
61828	1700	2812726207
61837	1696	2816063077
61843	1688	2817755169
61848	1683	2818689666
61851	1650	2819400385
61860	1708	2821462994
61861	1725	2821506761
61862	1760	2821730631
61876	1669	2825978046
61882	1729	2827695068
61885	1662	2828817832
61893	1695	2832658712
61898	1733	2835937829
61919	1692	2841137240
61930	1714	2844541567
61933	1648	2844830557
61934	1760	2845090497
61938	1685	2846110395
61945	1657	2847093085
61953	1679	2848568387
61960	1728	2851097834
61981	1667	2857833630
61988	1786	2859084587
61991	1717	2860716338
61994	1443	2861587931
61998	1766	2863178669
62005	1740	2864244120
62010	1703	2865235725
62018	1737	2867098075
62028	1672	2871264438
62052	1718	2880789152
62055	1743	2882328664
62058	1733	2882923919
62066	1676	2885497509
62091	1714	2891395243
62096	1704	2893180744
62105	1738	2899427058
62118	1710	2902743187
62121	1749	2902932649
62124	1690	2903289904
62132	1723	2905093592
62135	1131	2905776069
62148	1725	2908379701
62168	1717	2913707359
62190	1740	2921503153
62205	1707	2924767618
62208	1702	2925544627
62213	1771	2926816698
62217	1750	2928576682
62228	1744	2930486918
62249	1667	2935477778
62255	1704	2939879023
62266	1765	2943311927
62275	1706	2945389837
62280	1669	2945956565
62302	1309	2950890533
62303	1689	2951061891
62308	1685	2953107235
62321	1703	2960151566
62344	1751	2966235272
62357	1697	2969944343
62369	1720	2971855089
62370	1373	2971944803
62373	1692	2972178825
62376	1711	2973193173
62379	1687	2973759287
62380	1736	2974050520
62386	1726	2975723643
62403	1748	2981178027
62409	1739	2982392490
62416	1677	2984401288
62435	1659	2989802301
62440	1739	2990263426
62450	1779	2992252866
62452	1733	2992399440
62457	1722	2994098676
62467	1767	2999844649
62471	1687	3001808719
62490	1727	3006528139
62513	1722	3012010809
62532	1691	3016687232
62555	1699	3024136225
62566	1724	3026146726
62586	1679	3031285232
62591	1703	3032566964
62616	1730	3041159499
62618	1717	3041669915
62631	1742	3045313192
62641	1775	3048742729
62649	1469	3051517596
62701	1650	3066022442
62707	1716	3066672781
62721	1657	3071153180
62723	1704	3071312080
62725	1714	3071467370
62730	1657	3071917236
62739	1752	3075426377
62741	1693	3075763197
62745	1697	3076846126
62746	1682	3076864317
62759	1658	3079468106
62760	1467	3082093509
62763	1735	3083983186
62775	1668	3088002652
62779	1655	3088481933
62798	1693	3092195612
62801	1697	3092607386
62804	1705	3093504525
62806	1773	3093826786
62817	1686	3097955492
62829	1714	3106698892
62837	1686	3110890357
62845	1746	3113497059
62849	1717	3115265211
62861	1704	3117630794
62863	1713	3117844989
62867	1721	3118594775
62874	1690	3123946538
62875	1683	3124831042
62878	1726	3125490258
62881	1694	3126349524
62885	1713	3128441621
62919	1747	3138121816
62933	1728	3144187748
62938	1666	3145226753
62954	1747	3149294788
62960	1701	3151434312
62965	1700	3152500550
62976	1683	3155505653
62978	1698	3155715691
62981	1726	3157489151
62983	1708	3158339358
62985	1654	3158811593
62986	1729	3159208233
62992	1713	3160250942
62993	1424	3160678259
63020	1654	3168968095
63025	1687	3170732194
63026	1719	3170806632
63031	1728	3171731969
63035	1711	3172688601
63037	1765	3173081624
63046	1660	3174445124
63048	1727	3175010271
63050	1745	3175110825
63052	1692	3175788792
63061	1734	3179850523
63062	1699	3179965304
63072	1749	3184628480
63085	1725	3189126684
63087	1650	3189779692
63089	1696	3190176232
63090	1629	3190459475
63092	1697	3190481371
63102	1704	3192699550
63114	1723	3194619765
63119	1751	3195262925
63134	1747	3199699441
63140	1680	3201593470
63142	1733	3204128694
63148	1734	3206045166
63157	1748	3208234666
63163	1705	3209474386
63179	1692	3211952108
63183	1716	3213476710
63195	1767	3218641659
63197	1693	3218772241
63200	1665	3220536114
63205	1713	3221496526
63225	1705	3231866899
63231	1770	3233503000
63245	1706	3237192524
63248	1731	3237774798
63263	1750	3243716209
63271	1719	3247869902
63276	1682	3249945463
63283	1737	3251940030
63291	1741	3253869359
63292	1683	3253986260
63302	1704	3257064905
63334	1689	3268556099
63343	1723	3271048977
63353	1687	3273680421
63379	1680	3279689784
63384	1756	3281998779
63387	1689	3283952571
63428	1745	3294010041
63435	1709	3295289886
63459	1686	3300295271
63473	1653	3306587076
63486	1721	3310471554
63490	1732	3310920441
63496	1697	3312886944
63499	1714	3313411620
63504	1718	3314250426
63509	741	3316031947
63513	1715	3316457844
63523	1190	3320304609
63524	1717	3320626588
63525	1705	3320928442
63526	1721	3320948442
63533	1681	3322231711
63534	697	3322250521
63548	1710	3327088522
63550	1741	3327258094
63552	1774	3327752539
63561	1705	3331221428
63562	1729	3331478258
63579	1702	3336019343
63581	1740	3336453003
63583	1701	3336761483
63587	1683	3337180003
63592	1762	3338345599
63593	1700	3338942985
63595	1731	3339456799
63598	1716	3341080170
63601	1690	3342719513
63604	1744	3343269933
63607	1719	3343632716
63624	1773	3351729272
63632	1711	3353211233
63637	1712	3354112535
63654	1682	3358276357
63676	1750	3365489781
63683	1568	3370626064
63685	1665	3370727655
63689	1739	3371651169
63692	1682	3372039581
63693	1682	3372126440
63695	1711	3372659390
63698	1668	3373195220
63702	1714	3374510887
63704	1765	3375573570
63728	1669	3380968854
63737	1704	3382284564
63742	1682	3383107625
63751	1717	3385946577
63755	1717	3389334684
63764	1748	3391890147
63769	1715	3393585146
63771	1736	3394753217
63781	1711	3396825378
63787	1737	3399322289
63792	1722	3400950065
63798	1728	3402505878
63805	1722	3405435411
63808	1696	3405996582
63811	1791	3408177192
63818	1734	3409184664
63832	1728	3412288947
63836	1704	3414221520
63842	1717	3415829593
63850	1746	3417563365
63855	1717	3418613725
63864	1709	3421929668
63890	1715	3430331531
63894	1695	3431874876
63895	1697	3431984514
63905	1657	3434221032
63908	1734	3435891771
63910	1687	3436389946
63913	1671	3437438040
63919	1718	3441391031
63928	1742	3443260060
63947	1716	3449241795
63950	1655	3450017016
63952	1706	3450873146
63960	1696	3452968158
63961	1698	3453037845
63967	1699	3454589766
63970	1754	3454852750
63980	1709	3459472317
63984	1731	3460051421
63985	1693	3460720177
63987	1660	3461003627
64003	1714	3464901410
64017	1705	3470008823
64021	1747	3471035189
64033	1736	3473979697
64035	1696	3474524733
64043	1732	3476563409
64048	1731	3477123267
64050	1721	3478023314
64060	1697	3480197013
64062	1714	3480437766
64072	1757	3482459566
64077	1727	3483010431
64085	1665	3485131773
64086	1697	3485236802
64093	1740	3486994128
64112	1711	3493653209
64115	1707	3495290995
64116	1735	3496315503
64133	1283	3502342170
64144	1687	3505310880
64158	1748	3513659252
64175	1727	3517056777
64179	1190	3517387100
64180	1740	3517902022
64181	1731	3518213775
64188	1745	3519648886
64205	1675	3522798469
64208	1731	3524143192
64215	1729	3525979891
64231	1622	3531031231
64233	1683	3532023735
64236	1709	3534377327
64237	1762	3534917405
64239	1715	3536126490
64246	1736	3537804073
64258	1707	3540831542
64296	1722	3553814198
64299	1706	3554591516
64326	1667	3562562704
64328	1772	3563394589
64330	1737	3564627132
64332	1716	3564707596
64334	1722	3565487842
64335	1708	3565653617
64350	1754	3568958079
64356	1713	3573077716
64365	1720	3574568398
64375	1679	3576290307
64377	1756	3576842789
64378	1751	3577005278
64383	1662	3578018151
64389	1728	3579513549
64396	1713	3581426762
64431	1678	3593391230
64434	1640	3593925631
64437	1680	3594672884
64443	1716	3596074585
64460	1747	3600692800
64476	1742	3604324856
64499	1727	3609585715
64504	1749	3611112867
64509	1692	3614729879
64513	1686	3615874605
64516	1673	3616775483
64523	1696	3618667390
64524	1683	3619074121
64533	1710	3620829674
64538	1699	3621720528
64546	1734	3622896176
64549	1728	3623215382
64554	1724	3624416219
64557	1756	3624743228
64561	1673	3625975721
64576	1726	3630909354
64577	1729	3631174602
64579	1734	3631344976
64581	1677	3631412251
64589	1735	3636047042
64602	1770	3640965590
64610	1686	3642004764
64611	933	3642935119
64614	1659	3643356546
64621	1691	3645061021
64626	1737	3645807791
64628	1694	3646111958
64636	1631	3648408046
64672	1688	3659442485
64677	1721	3661097352
64681	1724	3661458145
64689	1684	3663216984
64696	1689	3664935344
64714	1720	3669988088
64722	1732	3671490719
64727	1681	3675937293
64728	1672	3676511611
64738	892	3680808793
64747	1692	3683191146
64761	1724	3688334619
64778	1777	3696462821
64781	1716	3697153187
64785	1768	3698210749
64801	1670	3706102285
64804	1756	3707489345
64819	1737	3714980114
64824	1723	3716178194
64825	1731	3716665777
64826	1687	3716694282
64847	1734	3723836341
64876	1743	3735484938
64879	1060	3735702517
64888	1657	3738176631
64892	1717	3739183923
64895	1633	3740583752
64899	1651	3742872026
64903	1626	3743466582
64905	1755	3744673460
64908	1742	3744942095
64912	1738	3745508226
64924	1729	3748218843
64925	1746	3748285647
64930	1760	3750409164
64931	1726	3751185286
64932	1703	3751793445
64935	780	3752486850
64941	1716	3753092566
64943	1688	3753413811
64952	1694	3756587704
64954	1700	3756902705
64981	1726	3767288246
65009	1714	3777216533
65010	1691	3777308097
65012	1752	3777399833
65013	1670	3777532487
65014	1686	3777678469
65026	1702	3780666344
65028	1689	3781122595
65035	1718	3783147992
65038	1023	3783574002
65044	1117	3784941623
65047	1737	3785179858
65049	1743	3785909217
65055	1427	3787553076
65069	1549	3792152281
65071	1687	3792507839
65089	1662	3798799687
65101	1649	3801767357
65120	1741	3806294194
65123	1733	3807171936
65149	1722	3818080374
65150	1669	3818423204
65151	1528	3818472041
65155	1694	3819285913
65159	1697	3820015428
65171	698	3823483366
65180	1654	3826231789
65183	1737	3826764521
65185	1721	3827559192
65192	1691	3828627009
65204	1692	3832154361
65217	1697	3837591804
65230	1713	3841750213
65237	1742	3843761436
65252	1720	3847312189
65258	1722	3849308553
65268	1515	3852574932
65276	1719	3854618457
65283	1740	3858848086
65291	1373	3862154121
65294	1495	3863120151
65298	1699	3863806150
65301	1711	3865344639
65302	1665	3865442582
65303	1717	3865545423
65304	1742	3865921022
65309	1713	3867048523
65311	1709	3867209876
65312	1538	3867263267
65317	1729	3868920100
65324	1673	3872329060
65325	1701	3872550555
65352	1730	3882585225
65361	1716	3885524096
65368	1752	3887535848
65370	1693	3888021982
65372	1670	3888625392
65374	1700	3888826155
65375	1696	3888978134
65376	1651	3888985791
65450	1712	3913104639
65455	1743	3914028289
65465	1677	3918383547
65476	1705	3920419192
65478	1721	3921163232
65486	1639	3924091344
65487	1666	3924183016
65500	1684	3927029831
65511	1761	3931371904
65523	1132	3933685818
65526	1728	3934415140
65534	1759	3937248365
65562	1688	3947117235
65563	1771	3947253687
65576	1684	3950666982
65585	1703	3955246560
65594	1751	3957330188
65598	1703	3958786878
65603	1667	3962310932
65616	1725	3966044060
65624	1673	3968283469
65627	1672	3968909358
65628	1258	3968988364
65637	1710	3971653062
65657	1682	3975994971
65667	1712	3978991222
65668	1717	3980974732
65673	1683	3981646625
65684	1742	3984533433
65689	1709	3986573312
65690	1713	3986723727
65701	1660	3987832493
65707	1658	3990395750
65708	1692	3991182475
65713	1731	3992431938
65715	1760	3994236999
65721	1728	3996175790
65725	1749	3996944344
65732	1700	3997784490
65737	1731	3998841635
65738	1725	3999074641
65744	1697	4002289230
65752	1719	4004527807
65756	1692	4005916067
65785	1707	4015359296
65786	1713	4015376321
65803	1754	4018786193
65821	1703	4026696465
65825	1696	4027778597
65831	1705	4029278266
65837	1719	4031686183
65842	1688	4032603856
65850	964	4034350584
65863	1726	4038067260
65876	1668	4043403132
65887	1719	4046682643
65903	1767	4051010687
65906	1757	4051230005
65910	657	4052248852
65921	911	4055156582
65926	1771	4055957568
65934	1723	4057638044
65935	1679	4058205073
65957	1682	4067258614
65959	1690	4067423318
65965	1741	4068617079
65967	1748	4069270048
65980	1765	4073115357
65983	1711	4074504801
65985	1666	4075254906
65987	1686	4076001961
65990	1726	4076383393
65991	1751	4076455672
65996	1726	4077431892
66013	1571	4087032999
66018	1721	4088653505
66019	1653	4088785580
66022	1701	4090013763
66110	1662	4117665645
66117	1676	4118971815
66121	1688	4120615054
66128	1739	4122788295
66134	1716	4126083265
66141	1722	4127790702
66158	1775	4131502046
66163	1696	4132303952
66168	609	4133734374
66169	1704	4133957415
66171	1677	4134065365
66188	1706	4140010965
66191	1759	4140696449
66208	1660	4148042075
66210	1736	4148808387
66215	1716	4150977628
66216	1649	4151367627
66219	1725	4152387014
66222	1734	4152977991
66227	1688	4153619682
66232	1709	4154271173
66237	1745	4156021613
66240	1685	4158104868
66243	1742	4158436850
66246	1702	4159320871
66251	1712	4160353936
66256	1694	4162225173
66261	1719	4166510307
66268	1711	4167663164
66284	1731	4172820093
66290	1756	4175471956
66294	1710	4176370680
66301	1692	4177982045
66309	1656	4179523301
66322	1705	4182088285
66329	1682	4183758055
66333	1755	4186530415
66344	1702	4188615202
66352	1681	4190477684
66354	1751	4191041337
66355	1744	4191317226
66359	1764	4193082723
66360	1746	4193462285
66362	1734	4194128379
66364	1696	4194401671
66394	1718	4202061400
66398	1696	4203355105
66402	1710	4206662250
66406	1739	4207069505
66413	1707	4209282263
66414	1703	4209311299
66419	1744	4211005528
66420	1734	4211142640
66435	1744	4216836388
66440	1729	4218791959
66449	1691	4219950206
66455	1718	4222408215
66458	1722	4223453758
66468	1689	4228175946
66494	1733	4233875060
66498	1741	4236347650
66505	1722	4237758646
66512	1781	4238783213
66528	1737	4242484458
66541	1762	4244464678
66554	1738	4250762322
66571	1670	4254732819
66575	1759	4256096799
66579	1738	4257487230
66585	1732	4259389785
66587	1712	4259646734
66595	1690	4262135815
66599	1655	4263747194
66604	1741	4264831210
66606	1696	4265214346
66608	1668	4267742993
66612	1679	4270336237
66618	1697	4271815987
66662	1663	4284255788
66669	1764	4288126124
66671	1698	4289200395
66675	1716	4289956416
66677	1778	4290070404
66691	1677	1606943
66694	1761	2411843
66705	1713	6269868
66706	1645	6487590
66707	1701	7042062
66708	1756	7135319
66715	1749	8215697
66725	1698	10736329
66729	1709	11148295
66735	1736	15025979
66738	1701	15831065
66747	1684	17988969
66760	1660	22114770
66761	1676	22989653
66768	1738	25160408
66785	1765	29933009
66786	1735	30685731
66793	1724	34816874
66794	1711	34844330
66805	1698	38611755
66812	1710	41578082
66814	1689	41950632
66819	1708	42965409
66824	1717	44805134
66837	1738	49471793
66863	1709	58180291
66870	1638	59660248
66872	1730	60340202
66875	1673	60998377
66884	1712	64188531
66908	1732	72090081
66915	1737	75452673
66921	1724	77084800
66922	1722	77866533
66930	1698	80501192
66940	1757	83068692
66941	1720	83775055
66943	1729	83981123
66950	1746	86577282
66958	1687	88753226
66970	1706	91627092
66973	1724	92519723
66989	1716	97205278
67013	1696	102561709
67027	1667	106225128
67041	1666	109937501
67044	1664	110616768
67053	1677	115305579
67072	1749	119266381
67090	1720	123434243
67093	1715	123546330
67111	1705	127784756
67116	1714	129264163
67137	643	139722322
67152	1676	144561022
67162	1702	146237880
67168	1699	146946959
67198	1698	153643027
67206	1693	159947270
67210	1684	160538867
67219	1715	162241345
67223	1675	163479596
67242	1694	167432320
67243	1709	167703543
67245	1677	168610251
67248	1691	168957963
67260	1736	171911459
67273	1663	176605866
67277	1710	177551238
67280	1713	177766592
67301	1723	182815550
67315	1664	186142882
67317	1687	186837702
67320	1723	187626353
67321	1659	187932881
67325	1739	189762917
67330	1745	191367960
67340	1742	194272862
67351	1711	198921971
67354	1649	199880093
67359	1745	200898554
67365	1736	201658262
67366	1710	201974505
67373	1727	203251828
67400	1730	206894561
67406	1713	208090725
67413	1708	210881706
67420	1605	212332320
67424	1703	212993048
67425	1683	213265727
67439	1721	216021193
67440	1763	218009547
67449	1731	219676513
67451	1676	220305679
67456	1757	221305836
67459	1733	221617810
67478	1683	226810648
67489	1681	231297644
67492	1712	232756675
67529	1765	245598658
67536	1757	247715618
67545	1705	249287399
67555	1712	252287880
67560	1723	253404938
67572	1727	256104950
67582	1683	260667158
67596	1711	264009397
67600	1674	264435343
67626	1675	270985240
67628	1199	271166915
67629	1703	271191708
67634	1658	272431155
67661	1727	282178090
67666	1730	283312334
67678	1741	285560500
67682	1633	286640264
67684	1708	287034051
67706	1743	290910683
67729	1722	296278524
67746	1700	302774610
67776	1727	308931779
67790	1725	311550039
67793	1712	312184333
67823	1787	321324487
67828	1708	322264546
67839	1659	324725888
67844	1736	326014215
67846	1764	326425173
67847	1694	326598458
67855	1717	327761140
67867	1683	331676589
67872	1745	332757286
67873	1738	333048167
67887	1737	337054223
67896	1742	341723274
67919	1741	348805065
67926	1780	351418237
67933	1681	353290249
67937	1790	353579872
67938	1721	354095933
67954	1702	358348039
67963	1688	363061005
67978	1748	365731425
67987	1738	368618739
67989	1739	368900950
67990	1754	369015568
67998	1688	369705065
68002	1709	370328970
68004	1743	371710161
68032	1758	383654632
68039	1703	384688823
68041	1730	384924038
68044	1673	385691386
68046	1671	385921177
68057	1730	389002488
68081	1700	397415363
68095	1699	403624461
68097	1680	404039646
68099	1731	404981587
68106	1746	406788715
68111	1726	407677555
68122	1703	410167528
68123	1680	410370266
68127	1707	411195647
68128	1751	411439499
68135	1728	415297583
68137	1670	416401637
68148	1690	419053390
68155	1681	423030330
68164	1751	425778087
68165	1768	425917254
68169	1690	427075686
68178	1733	428526013
68191	1656	431953135
68198	1654	433861787
68200	1743	434004941
68215	1236	437699541
68223	1721	442544632
68225	1747	443010720
68232	599	446292266
68234	1746	446631847
68237	1694	447772846
68239	1744	448833393
68242	1710	449789185
68247	1723	450520330
68269	1704	459161860
68272	1721	459827291
68280	1760	463605312
68281	1703	463758732
68283	1711	463933933
68297	1686	467545833
68305	1730	470739204
68312	1742	471766984
68316	1705	472681772
68326	1725	475039522
68337	1711	477951675
68338	1723	478382956
68340	1639	479183770
68341	1689	479192333
68353	1671	487263079
68357	1713	487719259
68372	1694	491137160
68377	1729	494333572
68388	1752	497752020
68390	1773	498140244
68420	1687	505976440
68455	1724	514014590
68460	1721	514663039
68482	1714	523348483
68485	1774	523972745
68487	1716	524131996
68504	1741	528423894
68512	1726	530237691
68517	1767	531139868
68518	1667	531448227
68519	1678	531707270
68521	1713	531899383
68526	816	534419246
68534	1702	536728479
68538	1699	537533635
68540	987	538382693
68541	1707	538886927
68550	1719	540886836
68554	1709	543606168
68571	1724	549726734
68586	1699	554703032
68590	1721	555205004
68602	1721	558562766
68611	1742	560150354
68616	1736	561709196
68626	1674	566355005
68634	1720	568003387
68645	1729	570786029
68654	1737	572441726
68662	1697	574685884
68665	1714	575476963
68667	1763	576060796
68669	1719	577124913
68670	1724	577928828
68677	1713	580036940
68680	1706	580842542
68699	1742	587816118
68700	1759	588029153
68703	1668	588288150
68711	1744	592067162
68715	1528	594447075
68717	1727	594780063
68722	1683	595717834
68740	1705	598897496
68746	1743	600440149
68749	1692	601208855
68754	1694	602418477
68756	1703	604730573
68776	1671	610296504
68784	971	613165286
68793	1681	616622030
68796	1713	617154438
68818	1723	628451820
68820	1709	629080959
68826	1683	630546221
68837	1710	632352983
68839	1736	633347873
68852	1665	637494187
68853	1753	637870947
68856	1736	639907822
68861	1717	640771507
68871	1201	645103355
68881	1684	650216010
68887	1655	651650255
68892	1713	652960478
68896	1758	654414028
68899	1699	655433157
68900	1700	655707210
68901	1725	655810946
68910	1690	658273309
68912	1699	658379953
68926	1702	661853158
68930	1736	665823826
68933	1732	666869465
68957	1709	672979299
68970	741	678337476
68973	1727	679736896
68977	1751	682473032
68981	1735	683359007
68985	1666	686157932
68986	1718	686188464
68991	1727	686899063
68997	1744	688769797
69003	1714	689879118
69013	1743	693291461
69015	1726	693538493
69044	1701	700521134
69046	1726	701203335
69047	1697	701480771
69056	1721	707290464
69074	1702	711262194
69082	1749	713894001
69090	1695	717256717
69100	1773	718880169
69109	1709	721522532
69117	1720	722466033
69119	1647	723496555
69122	1744	724209952
69138	1680	731966064
69145	1720	732848736
69146	1688	733470867
69166	1667	739197527
69176	1693	741881898
69178	1759	742719388
69181	1714	743835444
69186	1682	744511025
69188	1676	745177302
69202	1690	748859068
69207	1714	749603661
69227	1754	753890832
69231	1763	754425098
69232	1691	754782249
69238	1708	756203146
69244	1690	757726124
69248	1720	759081322
69253	1688	760584089
69264	1713	764084474
69269	1744	764647024
69294	1697	772198514
69305	1689	774763685
69329	1712	783271859
69342	1732	788608459
69353	1768	790787332
69377	1741	795304463
69378	1704	795709387
69379	1682	795940736
69386	1710	797273826
69390	1698	798998690
69391	1761	799573836
69405	789	804201798
69407	1686	804571245
69414	1728	805808149
69415	1779	806176362
69426	1701	810011270
69428	1705	810635271
69444	1741	815448750
69447	1702	815998788
69448	1679	816204586
69459	1693	819879742
69461	1697	820688114
69462	1738	820758350
69465	1682	822379431
69468	1693	822851616
69469	1690	823136251
69476	1700	824450178
69478	1747	824994357
69487	1772	830879073
69488	1738	830972548
69495	1719	831943441
69499	1720	832350420
69512	1747	835760101
69529	1724	839869083
69547	1778	844327611
69556	1706	847102757
69561	1692	851252518
69563	1647	851850878
69576	1668	854984129
69578	1752	855808998
69583	1030	856054507
69592	1746	858799266
69596	1753	859327419
69598	1714	859728226
69603	1732	861860414
69611	1735	864497101
69616	1757	866496386
69617	1713	866718687
69619	1789	867210298
69625	1701	870146014
69633	1722	872074974
69636	1089	872952153
69639	1241	873744825
69642	1695	875272165
69645	1683	876305402
69647	1735	876667516
69648	1726	876803745
69651	1722	877643740
69657	1633	878576741
69664	1698	880136071
69665	1666	880271591
69667	1758	880883614
69668	1727	880949975
69672	1650	881887016
69673	1679	882107851
69678	1714	884391404
69681	1711	885209953
69686	1730	886664114
69694	1690	892193070
69695	1717	892445307
69703	1715	894632783
69711	1731	897854085
69713	1678	898216098
69716	1746	899099707
69721	1679	900066703
69731	1680	902655003
69733	1730	903744838
69734	1702	903910109
69752	1767	908049282
69778	1732	917131005
69793	1687	921301949
69794	1703	921556868
69804	1724	922860640
69807	1726	923239142
69818	1707	926033875
69825	1694	928611076
69835	1722	932789538
69836	1603	932818735
69840	1697	934318887
69845	1753	935254768
69846	737	935270310
69852	1646	936946681
69859	1735	939002388
69866	1713	940909792
69877	1724	942240099
69878	1677	942463720
69881	1732	943939355
69882	1508	944270435
69891	1705	948577872
69897	1709	952311092
69906	1676	956558544
69907	1717	957131647
69912	1726	958430422
69933	1751	962694925
69949	1697	967150407
69961	1702	973558173
69963	1698	973675205
69971	1753	976255813
69977	1696	977631429
69979	1714	978338930
69983	841	979736428
69986	1715	980745846
69992	1724	981554479
69994	1690	981594362
70009	1696	986285274
70017	1721	987661817
70018	1738	987870177
70029	1723	994146726
70042	1736	996329718
70044	1655	996761992
70047	1691	997437112
70058	1728	999886520
70061	1713	1000308364
70070	1702	1002567756
70075	1685	1003353373
70079	1714	1004321978
70088	1684	1006648408
70092	1713	1007751325
70093	1725	1007915758
70095	1766	1008218383
70100	1732	1010194073
70107	1691	1011676763
70129	1721	1020332787
70131	1687	1020365096
70134	1726	1020998036
70136	1683	1021479415
70149	1710	1024047937
70150	1722	1024123580
70152	1665	1024956503
70156	1691	1025548593
70170	1716	1028670133
70171	1692	1028749758
70181	1688	1034264260
70188	1720	1036105979
70216	1739	1045544804
70217	1654	1046207405
70228	1697	1049398952
70242	1698	1056481619
70246	1742	1057066545
70251	1658	1058958154
70259	1720	1061379937
70274	1669	1065336936
70280	1740	1065936508
70283	1688	1067952462
70290	1650	1069660625
70309	1776	1075706659
70313	1677	1076654656
70316	1745	1076895000
70317	1721	1076939928
70319	1740	1077420782
70335	1692	1082456075
70337	1716	1083001903
70348	1709	1086169435
70355	1768	1089023170
70366	1376	1096026316
70370	1689	1097457111
70382	1699	1100342242
70383	1761	1100681269
70386	1701	1103813460
70388	1683	1104402713
70403	1732	1107947465
70406	934	1108406343
70411	1576	1110297744
70414	1672	1111076727
70430	1747	1118005595
70445	1741	1122804015
70449	1675	1124141869
70452	1700	1124569836
70456	1708	1125210936
70460	1775	1126097974
70487	1683	1132512342
70489	1729	1132669463
70492	1745	1133888653
70498	1679	1136624940
70504	1723	1139300233
70505	1701	1139990340
70507	1755	1140079193
70519	992	1141932382
70528	1691	1144132448
70538	1716	1147108612
70551	1655	1150685975
70561	1737	1152681154
70570	1703	1156582114
70578	1702	1159333752
70593	1708	1163145219
70602	1692	1164645122
70621	1164	1171177341
70622	1699	1171462675
70631	1736	1174580475
70637	1698	1177442817
70638	1744	1177636529
70641	1677	1178074183
70658	1675	1182306444
70668	1716	1185890936
70670	1734	1186524583
70677	1699	1187428810
70682	1701	1189339269
70684	1718	1189598031
70695	584	1192710104
70705	1684	1194270909
70720	1731	1198965439
70743	1773	1205344225
70782	1691	1213706280
70796	1749	1221173268
70804	1671	1223833227
70805	1703	1224276258
70811	1705	1225098706
70812	1385	1225277741
70822	1740	1229158014
70825	1666	1229699317
70826	1751	1229771747
70833	1661	1232534727
70858	1711	1242508460
70860	1697	1244474249
70861	1712	1245015537
70870	1662	1247573926
70874	1711	1248443638
70879	1717	1249373760
70883	1700	1250013569
70891	1682	1251606295
70892	1702	1251629781
70895	1688	1251944037
70906	1706	1255088115
70910	1676	1256137458
70914	1701	1256765190
70915	1802	1256818334
70922	1026	1260617123
70925	1645	1261068753
70938	1677	1263918360
70942	1708	1264818070
70943	1714	1264932719
70956	1676	1269228514
70991	1674	1280629062
71009	1778	1285122360
71011	1726	1286186048
71013	1759	1286392833
71015	1704	1286902414
71017	1733	1287191765
71039	1759	1295092279
71041	1765	1295185833
71051	1712	1300765221
71060	1647	1303744322
71068	1729	1306192492
71075	1718	1309155447
71087	1731	1312956317
71108	1698	1323008671
71126	1706	1327124074
71130	1735	1328044760
71140	1528	1331421554
71143	1704	1332954784
71146	1729	1333786282
71150	1733	1335495445
71152	1732	1335918961
71157	1705	1337650569
71158	1683	1337979982
71163	1701	1341644908
71174	1742	1343892010
71175	1684	1344100917
71181	1746	1347102859
71189	1739	1349728306
71191	1720	1349879057
71193	1727	1350257639
71212	1727	1356753633
71214	1697	1357785791
71225	1682	1364507405
71234	1682	1366459906
71236	1741	1367099557
71238	1678	1368038816
71242	1752	1371410164
71243	1682	1371520097
71250	1693	1373269973
71255	1726	1374484871
71260	1715	1375740107
71265	1668	1377123572
71268	1740	1378099810
71272	1791	1380688772
71280	1711	1382983268
71282	1757	1384102419
71286	1731	1384971550
71289	716	1387201453
71296	1725	1389082042
71300	872	1389847166
71302	1674	1390062769
71304	1699	1391165798
71308	1751	1392328110
71311	1732	1393020974
71319	1682	1396075261
71324	1695	1399431028
71333	1712	1403538928
71335	1744	1405070290
71351	1676	1410892169
71358	1714	1413065027
71362	1725	1413837524
71364	1690	1414234488
71365	1738	1414718533
71367	1716	1415286476
71371	1661	1416107435
71375	1725	1417609631
71378	721	1417867827
71409	1684	1429371945
71415	1738	1431701554
71419	1684	1432480007
71423	1727	1433481642
71427	1710	1434375971
71440	1684	1438784670
71444	1750	1441545765
71452	1752	1444993349
71456	1717	1445855061
71460	1709	1446059498
71473	1662	1450170436
71474	1736	1450820665
71487	1687	1455877856
71505	1586	1464406772
71513	1709	1467000507
71518	1658	1468864510
71520	1763	1469115117
71523	1745	1469772048
71536	1700	1475461911
71545	1709	1478220101
71548	1671	1478521700
71550	1685	1480111147
71551	1740	1482282603
71554	1707	1482551971
71560	1673	1483338596
71566	1755	1484805667
71578	1706	1489297697
71579	1767	1489356350
71582	1711	1489826454
71585	1721	1491449095
71604	1749	1495859496
71605	1707	1496510769
71615	1755	1498876859
71616	1735	1499139073
71617	1724	1500220880
71625	1710	1505050745
71644	1725	1512504565
71648	1678	1513765950
71676	1723	1523697845
71680	1775	1524180582
71682	1693	1524746738
71685	1716	1525140509
71692	1740	1527869087
71693	1732	1528192897
71700	1691	1529903393
71708	1754	1533163395
71713	1653	1534337591
71720	1754	1537266858
71734	1712	1543249029
71737	1753	1543462583
71742	1727	1544529059
71755	1357	1547824775
71756	1728	1547854470
71761	974	1548710145
71765	1702	1550504392
71778	1700	1555463992
71791	1701	1558172721
71793	1706	1558839647
71795	1724	1559258467
71796	1729	1560588721
71798	1770	1562501990
71799	1769	1563246691
71800	1709	1563911104
71838	1660	1571766733
71846	1729	1575183649
71852	1744	1577566282
71859	692	1579430920
71860	1708	1579750396
71870	1749	1584723831
71871	1768	1585134361
71879	1707	1588626225
71887	1702	1590591174
71897	1729	1594563191
71906	1644	1597358463
71920	1702	1600067711
71941	1670	1607244747
71945	1715	1608736196
71949	1735	1609474787
71976	1724	1618160930
71978	1724	1618362411
71983	1752	1619857008
71987	1418	1620716466
71988	1738	1621774562
71989	1707	1623106464
71998	1728	1626504272
72005	1644	1629502229
72007	1711	1629788283
72008	1737	1629795669
72020	1719	1634472659
72028	1711	1635572219
72040	1677	1639431035
72045	825	1641057341
72047	1686	1643959560
72050	1667	1645166878
72059	983	1647498977
72063	1692	1647937811
72082	1720	1654548363
72086	1750	1656072913
72093	1684	1658865837
72097	1649	1659433706
72100	1727	1660963057
72114	1762	1665193744
72130	1731	1668697546
72132	1770	1669085257
72139	1687	1671514536
72146	1612	1672529306
72148	1732	1673205530
72176	1716	1679845211
72180	1704	1681341404
72181	1570	1681578192
72188	1745	1685167962
72202	1703	1689086596
72208	1721	1691430475
72227	1748	1696013862
72249	1748	1706772670
72252	1733	1708193097
72255	1651	1708992200
72258	1730	1709550831
72270	1715	1714677853
72272	1671	1715152123
72291	1740	1718176824
72299	1721	1719387849
72303	1553	1720271212
72309	1726	1722489166
72318	1729	1723523940
72329	1554	1727545452
72343	1726	1730829415
72344	1696	1730849326
72345	1723	1730948639
72346	1711	1731272797
72360	1712	1734574572
72361	1720	1734676965
72384	1718	1744366826
72392	1698	1747875477
72394	1669	1748358475
72395	1736	1748374499
72399	1694	1750172828
72414	1747	1753484597
72418	1688	1756178937
72420	1746	1756847290
72434	1688	1760170134
72435	1721	1760194851
72443	1716	1761671716
72444	1749	1762048649
72446	1701	1762740970
72447	1696	1762836048
72450	1720	1763100998
72453	1724	1765020468
72461	1695	1769919809
72473	1709	1773284640
72486	1687	1776890299
72490	1686	1778117549
72491	1712	1778156293
72521	1702	1785781125
72537	1675	1791580672
72543	1681	1793390015
72552	1698	1795653220
72556	819	1796995526
72562	1646	1797962483
72569	1742	1799568775
72571	1722	1800739509
72575	1661	1802779429
72578	1682	1803887154
72580	1767	1804553912
72586	1698	1805925598
72588	1709	1806208820
72605	1696	1813577392
72610	1742	1814449476
72612	1673	1814984178
72613	1726	1815711872
72633	1654	1822971785
72637	1748	1824099862
72650	1683	1830535549
72651	1725	1830590660
72663	1695	1835083025
72668	1747	1837122805
72673	1701	1838706238
72677	1687	1839304919
72679	1701	1840147599
72682	1711	1841822531
72686	1713	1842309218
72689	1710	1842906347
72692	1661	1844973176
72693	1733	1845519446
72695	1686	1846534916
72698	1726	1847535928
72715	1703	1854027068
72719	1410	1854857659
72721	1731	1855655344
72733	1744	1860120351
72738	1729	1860674811
72740	1686	1861571014
72763	1723	1866880159
72769	1702	1871506862
72795	1709	1877199723
72796	1712	1877489943
72814	1748	1881961525
72843	1725	1887880335
72844	1708	1888203854
72850	1715	1891549223
72852	1726	1894503150
72853	1701	1894890364
72861	1693	1897831947
72873	1660	1902724143
72879	1725	1903803707
72883	1718	1905195394
72893	1694	1910795419
72903	1701	1912293404
72910	1713	1914887679
72911	1749	1915280694
72915	1658	1915573933
72916	1687	1915967873
72937	1708	1921399777
72977	1723	1931615771
72978	1742	1931776726
72984	1728	1935262508
72991	1743	1936928747
73006	1703	1940777612
73011	1725	1942153598
73020	1766	1943774430
73025	1715	1945171006
73027	1747	1945635723
73031	1693	1946829019
73033	1731	1947824973
73051	1751	1953698232
73055	1718	1954516074
73057	1698	1955236729
73058	1714	1956233336
73068	1764	1959612332
73071	1696	1960163881
73076	1714	1960876771
73083	1719	1964493523
73091	1692	1966788621
73118	1725	1975812676
73123	1702	1979873538
73130	1751	1982469156
73136	1713	1983722604
73142	1712	1986485779
73157	1663	1989992763
73162	1740	1991285712
73183	1723	2000816645
73184	1713	2000820160
73190	1725	2002265795
73194	1217	2003753999
73198	1734	2004130207
73205	1731	2005890108
73206	1677	2005898385
73222	1680	2013774881
73223	1687	2014463203
73237	1743	2017529685
73243	1742	2018977609
73257	1727	2022249175
73262	1748	2023646062
73263	1684	2023805416
73264	1711	2023999864
73266	1724	2024814142
73267	1662	2025026436
73269	1699	2025820090
73270	1695	2025932519
73275	1722	2027172637
73276	1697	2027236475
73278	1747	2027754235
73283	1679	2029830901
73284	1715	2029957591
73289	1711	2031015338
73294	1707	2034409844
73295	1688	2034550768
73300	1658	2035114687
73301	1695	2035728475
73303	1729	2036334359
73310	1719	2040227435
73324	1714	2044026660
73332	1701	2045602002
73342	1721	2049490806
73353	1712	2055058047
73362	1690	2057433898
73365	1723	2058526953
73378	1701	2060687773
73379	1680	2061499192
73382	1684	2062036490
73384	1700	2062636461
73410	1705	2070301314
73415	1716	2071419563
73416	1690	2071532299
73421	1673	2074780375
73423	1720	2076010649
73431	1743	2078261338
73465	1572	2087441313
73466	1683	2087716426
73473	1720	2090272388
73481	1734	2091695252
73499	1742	2098699311
73511	1645	2101686985
73512	1735	2101875653
73519	1693	2104742025
73523	1705	2106637564
73549	1747	2117590042
73553	1741	2118655868
73554	1698	2118912068
73557	1664	2120539381
73560	1747	2120906940
73572	1686	2125450284
73578	1675	2127001019
73587	1663	2130492051
73588	1694	2130593045
73596	1680	2131675185
73625	1670	2142274038
73637	1714	2145945086
73643	1705	2147343646
73644	1753	2148329288
73648	1760	2149572147
73659	1750	2152916855
73661	1750	2153250476
73664	1743	2153943072
73668	1737	2156907947
73669	1736	2157284803
73680	1754	2159663807
73686	1735	2160955422
73694	1686	2163112397
73696	1642	2163551433
73699	1672	2165030056
73704	1749	2165718638
73705	1749	2166712449
73709	1736	2167889581
73720	1719	2171617970
73726	1690	2173841581
73728	1675	2174030342
73729	1690	2174570959
73736	1715	2177667894
73747	1713	2180530055
73761	1687	2184426532
73769	1673	2186125578
73775	1749	2187361790
73779	1736	2188245714
73792	1740	2190852299
73810	1701	2197178711
73813	1730	2197337728
73814	1731	2197592567
73830	1686	2204812662
73832	1707	2205171848
73843	1681	2207810119
73853	1689	2210379923
73867	1093	2214210172
73869	1731	2214511083
73873	1691	2217564758
73878	1729	2219935711
73881	1692	2220940806
73895	1721	2225413511
73896	1698	2225600838
73910	1699	2230708697
73913	1744	2232119766
73918	1690	2233087056
73922	1717	2233737870
73923	1728	2233843838
73926	1697	2235130866
73928	1683	2235341531
73952	1724	2247090892
73958	1749	2248748403
73960	1728	2249082545
73971	1698	2250719464
73976	1745	2251632200
73981	1690	2252772222
73988	1706	2253863174
73993	1754	2255397648
73995	1704	2255686728
74003	1719	2258966516
74011	1744	2260264765
74012	1744	2261101805
74019	1709	2263790360
74023	1726	2264875275
74039	1727	2270004302
74049	1666	2271376324
74053	1718	2272470005
74071	1701	2279971574
74074	1573	2280412227
74083	1694	2283487417
74089	1723	2286080536
74090	1692	2286363584
74092	1705	2287160690
74110	1694	2291755387
74118	1739	2294010538
74123	1683	2295036825
74127	1701	2296733008
74137	1723	2301658425
74157	1698	2306400608
74170	1703	2309728935
74177	1780	2312429310
74181	1715	2314562787
74185	1643	2316175911
74187	1744	2316613227
74193	1744	2320330205
74194	1702	2320569425
74195	1717	2320629380
74206	1722	2324380229
74211	1733	2327392627
74213	1645	2328281086
74219	1719	2329260850
74224	1676	2331177716
74235	1709	2334182546
74240	1743	2335128214
74247	1713	2337963141
74257	1736	2342587880
74265	1710	2344637720
74269	1717	2345104735
74270	1593	2345119410
74274	1757	2345742523
74275	1735	2345787696
74281	1739	2347704105
74302	1713	2353472767
74305	1720	2354078970
74318	1311	2357841005
74323	1693	2358395918
74329	1623	2362326673
74334	1661	2363690137
74336	1679	2364374471
74339	1723	2365491680
74352	1741	2369010344
74379	1650	2377752175
74386	1733	2382485520
74400	1684	2386693537
74405	1734	2387788309
74412	1746	2388933393
74414	1729	2390481612
74416	1740	2391200991
74422	1767	2393349029
74449	1678	2402686655
74461	1729	2406400144
74463	1679	2406734977
74479	1723	2412679949
74481	1713	2412754813
74483	1700	2413434215
74486	1711	2413794801
74490	1234	2414880461
74491	1735	2415157276
74502	1703	2417282811
74510	1744	2419849123
74511	1700	2419901549
74517	1764	2422686636
74522	1747	2424943303
74536	1731	2428112931
74551	1672	2434477528
74552	1723	2435126706
74555	1653	2435540346
74567	1683	2439328437
74568	1748	2439392753
74574	1704	2440602684
74579	1664	2443872338
74595	1718	2446272799
74604	1648	2448487341
74609	1678	2449835928
74611	1726	2451842572
74614	1725	2453196096
74625	1738	2456811718
74630	1654	2457827523
74632	1707	2458263049
74635	1694	2458781070
74637	1670	2459162537
74640	1687	2459394015
74641	1731	2459439771
74642	1687	2459743680
74648	1711	2463648966
74650	1208	2464359925
74651	1725	2464506320
74653	1024	2464689015
74654	1716	2465143935
74655	1722	2465488368
74664	1691	2469436553
74666	1700	2470488208
74671	1685	2471694638
74685	1687	2475554018
74689	1730	2476581109
74691	1740	2477613582
74692	1736	2477794047
74701	1693	2479878944
74711	1710	2485376354
74715	1733	2486604168
74724	1704	2489494506
74742	1701	2498377568
74744	1689	2499340080
74748	1716	2500514728
74754	1663	2501799039
74761	1719	2502507357
74769	1688	2505471721
74772	1698	2505775241
74786	1772	2509105924
74789	1754	2509460500
74791	1709	2509861569
74803	1747	2512416633
74804	1738	2512443246
74814	1688	2516503563
74821	1733	2518488967
74833	1730	2520830436
74838	1724	2521576806
74843	1713	2523423082
74847	1731	2524224099
74854	1665	2527515961
74863	1701	2529520424
74865	770	2529786772
74869	1702	2530883408
74870	1741	2531112649
74872	1708	2531266064
74889	1746	2535572217
74904	1711	2540244863
74912	1668	2543702626
74917	1696	2544346763
74919	1717	2544485022
74926	1691	2548152427
74928	1662	2548889040
74946	1464	2554795097
74953	1748	2556887643
74957	1769	2557700533
74965	1736	2558798966
74967	1735	2559347836
74973	1736	2561132443
74977	1749	2561619391
74993	1703	2570058274
74995	1712	2570745602
74997	1711	2571390488
75019	1683	2579817981
75026	1713	2581943697
75029	1664	2583378481
75030	1752	2583837079
75032	1737	2584595350
75035	1731	2584922844
75044	1700	2589195297
75048	1713	2590605794
75058	1712	2592801616
75063	840	2594752975
75072	1727	2598195147
75090	1738	2602619637
75094	1708	2603822856
75106	1684	2605586758
75107	1709	2605618475
75108	1694	2605843982
75111	1722	2608903585
75114	1707	2610190262
75120	1681	2611847998
75138	1674	2615141893
75146	1686	2617249273
75162	1573	2619894685
75168	1714	2622412504
75176	1719	2624290025
75177	1656	2624678185
75179	1743	2626056985
75181	1724	2626103452
75192	1692	2629833370
75204	1701	2631922691
75207	1189	2632359779
75208	1657	2632569218
75209	1715	2632635345
75212	1702	2633178100
75241	1728	2641128658
75249	1675	2642550217
75250	1016	2642670636
75253	1779	2644947711
75274	1730	2652234675
75276	1723	2652328000
75284	1712	2654014018
75303	1707	2660192731
75312	882	2663210926
75315	1715	2663839959
75323	1697	2665280605
75327	1407	2666505888
75328	1735	2667057256
75333	1745	2671296238
75337	1686	2672316705
75358	1697	2676550344
75364	1680	2678223712
75377	1690	2682540328
75383	1720	2683347645
75386	1665	2684029391
75395	1193	2686669626
75402	1658	2690187846
75404	1707	2691150493
75411	1762	2692987900
75414	1722	2693679324
75430	1694	2697510991
75445	1693	2700667073
75453	1657	2702485397
75465	1721	2706166415
75467	1708	2706752387
75491	1759	2713921129
75502	1719	2716889211
75505	1695	2717624324
75507	1731	2718006439
75517	1681	2721609787
75518	1677	2721801045
75523	1699	2721926718
75524	1717	2722088904
75542	1722	2726339358
75547	1737	2728886391
75577	1662	2736641266
75579	1723	2736872031
75582	1749	2737663943
75584	1382	2738273629
75585	1713	2738313179
75593	846	2740248399
75596	1729	2741895100
75597	1713	2741990991
75601	1743	2742857636
75606	1716	2744688451
75608	1723	2745339602
75612	980	2746906268
75616	1742	2747791001
75624	1741	2751536410
75627	1692	2751771593
75630	1645	2752210175
75643	1688	2753486951
75653	1727	2756117554
75657	1662	2756486451
75661	1734	2757275910
75666	1690	2759069260
75669	1675	2759502524
75675	1711	2760232684
75684	1716	2761998315
75686	1769	2762354823
75701	1768	2767581834
75709	1705	2771943390
75725	1713	2777007631
75734	1717	2779907523
75735	1712	2780080861
75755	1766	2786988859
75760	1712	2790325831
75770	1733	2794923798
75790	871	2800317896
75794	1702	2801294344
75801	1706	2802691623
75802	1750	2803466296
75806	1740	2804743524
75808	1736	2805677260
75809	1716	2806326841
75812	1718	2807664685
75832	1707	2814468448
75836	1699	2814740680
75844	1693	2816092466
75847	1709	2816587630
75853	1749	2817569181
75868	1735	2820796458
75878	1762	2822687201
75884	1744	2825547791
75885	1722	2825576439
75899	1770	2828418454
75901	1772	2829059697
75902	1724	2829757373
75909	1734	2833367525
75922	1711	2837590607
75924	1725	2838231594
75936	1721	2840780841
75940	1734	2842180412
75941	1713	2842615280
75950	1678	2844505541
75951	1732	2845005343
75956	1766	2846261697
75966	1717	2849247719
75969	1744	2849708515
75978	1654	2853952060
75983	1747	2855486403
75987	881	2856340962
75992	1698	2858230498
76002	1710	2860620789
76027	1740	2866662338
76034	1690	2867813313
76053	1707	2874043614
76059	1669	2875723875
76060	1709	2876085543
76069	1719	2879161726
76075	1699	2880136175
76076	1743	2880365327
76084	1711	2881737108
76100	1691	2886599919
76110	1735	2889147217
76139	1731	2898393447
76146	1724	2900243957
76149	1699	2901105701
76151	1669	2901593172
76152	1671	2901607943
76172	1667	2907301292
76185	1685	2911349166
76192	1686	2913478356
76202	1720	2918343018
76206	1698	2919365890
76238	1708	2928342657
76242	1744	2930737569
76250	1698	2932223366
76263	1769	2937272714
76274	1668	2940886442
76277	1742	2941290490
76282	1715	2942967121
76285	1690	2943467120
76293	1708	2944270380
76298	1676	2944904468
76301	1680	2946211637
76310	1740	2948774723
76321	1675	2952743347
76325	1686	2953609513
76329	1697	2954125132
76345	1707	2960513434
76363	1685	2964034155
76384	1699	2967765609
76393	1672	2970362152
76395	1743	2970669798
76400	1668	2971361145
76401	1709	2971668942
76418	1711	2974859846
76424	1725	2975983682
76443	1730	2983607806
76444	1098	2983966139
76448	1641	2984054506
76452	1702	2986894906
76457	1766	2988608049
76463	1748	2991826308
76464	1707	2991901762
76475	1661	2995174547
76476	1679	2995353952
76483	1713	2996540614
76495	1731	3000896671
76500	1692	3001685202
76519	1719	3007405249
76530	1725	3010166756
76539	1695	3014378136
76550	1732	3017001828
76557	1766	3020866315
76562	1710	3022084383
76571	1723	3025091107
76572	1684	3025558467
76576	1723	3026674558
76582	1696	3028926428
76593	1695	3031741901
76596	1675	3032650867
76599	1582	3033770125
76600	1660	3034081506
76620	1714	3042423717
76622	1697	3042901925
76642	1701	3047643596
76649	1729	3049753733
76653	1721	3051217925
76665	1722	3053901561
76668	1656	3054607765
76674	1669	3056100210
76683	1730	3058438311
76699	1727	3063023777
76707	1699	3064760366
76735	1707	3074321662
76749	1658	3078955212
76759	1689	3082455259
76767	1706	3085257207
76768	1750	3085314695
76772	1652	3085882954
76778	1748	3087759140
76783	1714	3089195140
76784	1711	3089987484
76792	1703	3094320379
76799	1704	3095988022
76803	1696	3096460130
76805	1740	3097254882
76808	1682	3097634332
76810	1704	3098377942
76812	1721	3098626221
76828	630	3104159257
76834	1662	3105759873
76840	1781	3107008314
76848	1698	3108762647
76850	1672	3109780846
76853	1685	3110718483
76857	1745	3111596055
76861	1753	3112102904
76879	1676	3115646877
76889	1730	3118101117
76904	879	3124479086
76916	1574	3130516495
76934	1735	3135995150
76964	1672	3145618613
76976	810	3149525844
76977	1677	3149662447
76979	721	3149868232
76992	1744	3153890566
77002	1734	3156343780
77005	1752	3157121307
77017	1687	3158926371
77018	1681	3159058419
77022	1721	3162605832
77028	1697	3164061422
77031	1301	3164971144
77034	1696	3166284699
77038	1686	3166887162
77040	1689	3167036503
77063	1736	3174714401
77064	1709	3174855012
77066	1705	3176413315
77067	1730	3176629591
77074	1702	3178378011
77078	728	3179417337
77102	1726	3187457289
77104	1689	3188047218
77105	1712	3188440372
77110	1719	3190332569
77113	1722	3191391445
77116	1704	3192306999
77121	1715	3192943887
77137	1748	3196272714
77145	1707	3197450917
77151	1697	3198702575
77164	1717	3205356299
77165	1695	3205662027
77171	1706	3208946356
77179	1698	3213291469
77180	1710	3213338593
77185	1717	3214575231
77208	1715	3220332264
77218	1725	3225410279
77229	1721	3227570761
77237	1460	3229409260
77238	1723	3229419192
77241	1672	3230734496
77254	1696	3235505045
77255	1198	3235668670
77266	1663	3238535261
77274	1746	3240988160
77281	1723	3245785656
77314	1791	3254909118
77318	1732	3256462126
77319	1708	3257197317
77323	1727	3258376009
77324	1738	3258823249
77327	1687	3259414163
77334	1750	3262094400
77340	1679	3265942458
77361	1770	3272438003
77365	738	3273490532
77372	1702	3275363225
77376	1715	3276504624
77381	1707	3277752276
77386	1715	3279736661
77392	1715	3281745206
77394	1687	3284468699
77395	1696	3285063523
77397	1663	3285789897
77405	1748	3290684674
77408	1716	3291350205
77410	1646	3291494118
77411	1672	3291641058
77423	1662	3297112061
77424	1669	3297312142
77425	1664	3297449845
77439	1717	3304980845
77441	1760	3305441123
77445	720	3307381695
77453	1665	3310757248
77459	1735	3312943311
77466	1728	3314175061
77470	1720	3315101793
77475	1671	3317606822
77481	1127	3318920290
77483	1693	3319224723
77493	1699	3322800644
77497	1709	3325991996
77502	1735	3327378218
77503	1746	3327435759
77506	1743	3327989546
77520	1660	3331372424
77524	1686	3331983867
77525	1709	3332203131
77534	1749	3334334877
77535	1738	3335370316
77539	1746	3335564552
77560	1658	3343001803
77565	1681	3345894106
77567	1706	3346282188
77569	1636	3347395248
77580	1674	3351221128
77582	1693	3352191935
77587	1644	3353373529
77596	1732	3356564879
77597	1730	3356839514
77598	1739	3356862226
77607	1666	3358368879
77611	1686	3358994931
77613	1722	3359185690
77625	1407	3363593303
77626	1716	3364137693
77659	1737	3375937942
77670	1747	3378872259
77673	1726	3379905056
77677	1703	3380656111
77685	1640	3382311876
77695	1712	3383979666
77701	1658	3384497734
77738	1738	3397466530
77751	1662	3400392253
77771	1748	3408199426
77772	1732	3408575337
77794	1672	3416585009
77797	1678	3417155769
77801	1734	3418287564
77815	1741	3422434022
77818	1714	3423122077
77820	1745	3423286114
77825	1757	3424871793
77827	1727	3425504236
77844	1738	3430748088
77849	1706	3431450923
77853	1688	3432795090
77869	1661	3439948246
77877	1728	3441306055
77889	1765	3447803556
77891	1695	3449109001
77903	1687	3453038020
77909	1636	3454833062
77913	1707	3455147367
77916	1745	3455554035
77917	1729	3456059005
77920	1682	3456740473
77921	1712	3457460815
77922	1705	3457592950
77926	1729	3458254712
77932	1723	3459481019
77950	1654	3465980921
77955	1695	3470323025
77959	1716	3472928354
77962	1703	3473448257
77963	1745	3473861181
77966	1748	3474440698
77972	1723	3475183256
77973	1687	3475479213
77975	1759	3476442892
77979	1741	3477368976
77980	1623	3477562692
77991	1086	3480248633
77993	1712	3481115455
77997	1690	3481977183
78006	1702	3484638758
78009	1685	3485747270
78012	1736	3487180691
78013	1665	3489077108
78028	1688	3492554857
78042	1715	3496674835
78058	1727	3499800990
78059	1714	3500288366
78065	1668	3502046357
78066	1755	3502072125
78069	1700	3502794743
78074	1719	3503428143
78077	1747	3504867402
78082	1733	3505903599
78088	1686	3507206491
78098	1773	3511216738
78104	1655	3512758047
78110	1681	3514785097
78115	1714	3515408660
78139	1699	3522694374
78141	1731	3523045415
78156	1699	3527832637
78163	1708	3531907931
78170	1657	3533759111
78195	1663	3541978125
78205	1735	3545675452
78225	1655	3552545332
78230	1772	3555777745
78243	1689	3558926146
78244	1742	3559239135
78267	1718	3565329952
78269	1697	3565514836
78272	1743	3566222175
78282	1731	3571914757
78290	1296	3576094100
78295	1726	3576820267
78306	1710	3579104073
78307	1683	3579383483
78313	1718	3580748205
78314	1726	3580865096
78316	1751	3581962639
78320	1675	3583783983
78325	1746	3584649334
78327	1671	3584781257
78329	1709	3585523782
78337	1241	3587171421
78341	1706	3587543983
78358	1761	3593232532
78360	1700	3593993017
78366	1746	3596132914
78367	1700	3596576566
78401	1575	3603580589
78402	1663	3603612141
78404	1696	3604451591
78405	797	3604462277
78409	1705	3605154604
78414	1667	3606547452
78420	1753	3607474808
78425	668	3608286893
78452	1701	3618950342
78464	1682	3621228405
78466	1732	3621407013
78467	1675	3621534359
78470	1679	3622487181
78486	1719	3626161541
78493	1739	3628704909
78496	1691	3629623493
78498	1737	3630696101
78518	1733	3638854887
78525	1735	3640673077
78529	1765	3641971466
78533	1734	3642779074
78538	943	3643941932
78544	1763	3645898737
78549	1764	3646892176
78555	1720	3648921691
78564	1681	3653366337
78569	1742	3654970561
78578	1712	3658567449
78611	1736	3669600404
78617	1705	3670466602
78623	1763	3671526034
78633	1754	3675864906
78634	1727	3676488403
78639	1735	3677597102
78642	1707	3678353549
78643	1747	3678818490
78644	1685	3679330937
78645	1717	3679404397
78653	1717	3682248333
78654	1696	3682579586
78660	1691	3683850592
78702	1727	3696230688
78709	1719	3698882775
78710	1700	3699134585
78739	1109	3707347543
78748	1741	3709601328
78758	1737	3712162657
78766	1641	3717010894
78794	1714	3723223241
78797	1698	3723813498
78804	1716	3726250386
78815	1687	3728795237
78834	1753	3736329448
78837	1760	3737942446
78840	1652	3739306703
78843	1670	3739852133
78854	1434	3742928181
78875	1713	3747295314
78902	1733	3754587870
78911	1696	3759582460
78915	1729	3761317258
78916	1699	3761754265
78931	1715	3767455805
78932	1725	3767524908
78933	1711	3767734392
78934	1737	3768304208
78936	1692	3770287021
78939	1643	3770910542
78940	1713	3770937742
78942	1665	3771618899
78948	1721	3773361932
78953	1688	3775352664
78956	1720	3777952874
78957	850	3778075154
78958	1718	3778117291
78970	1709	3780744922
78971	1664	3780904196
78974	1735	3781666161
78980	1676	3782710814
78981	1729	3783394650
79002	1710	3790980601
79017	1761	3797393581
79027	1707	3799693952
79032	1697	3800921728
79033	1670	3801823371
79034	1696	3802031829
79037	1712	3802661830
79039	1686	3802908426
79057	1662	3807605955
79061	1744	3809288638
79066	1746	3811146941
79068	1748	3811255548
79072	1725	3811953220
79075	1663	3812178545
79082	1700	3814359308
79085	1693	3814889510
79094	1709	3818022682
79112	1711	3822892144
79115	1724	3823948815
79119	1773	3825197666
79126	1658	3826520223
79129	1720	3827052112
79131	1690	3827519707
79136	1742	3828876238
79137	1717	3829144673
79146	1742	3832915942
79147	1705	3833376510
79149	1724	3833928272
79154	1772	3835577339
79155	1705	3836025259
79170	1741	3841946939
79171	1709	3842350382
79186	1707	3845589043
79189	1714	3846797551
79199	1661	3849588571
79210	1676	3850923899
79224	1747	3854288337
79238	1705	3858917125
79245	1734	3861610655
79246	1704	3861639423
79250	1670	3862392555
79252	1701	3862930589
79257	1685	3864671538
79266	1749	3866202943
79275	1678	3869276780
79284	1728	3874037345
79286	1761	3874594592
79294	1737	3875531313
79298	1748	3876061516
79307	1709	3880552789
79310	1676	3881023747
79311	1763	3881041793
79317	1701	3883223178
79320	1716	3883758232
79324	1713	3885322358
79329	1687	3888365217
79331	1718	3890384381
79343	1658	3896419107
79347	1672	3898439428
79361	1674	3906774782
79364	1646	3907502047
79367	1721	3907809230
79372	1755	3908721529
79375	1740	3909379275
79381	1678	3910835401
79382	1718	3911630286
79385	1700	3912225044
79391	1734	3915010595
79396	1750	3916532120
79399	1715	3916841705
79405	1687	3918646429
79417	1704	3924973706
79418	1688	3925048657
79428	1670	3927619194
79435	1658	3931023827
79436	1745	3931103932
79439	1664	3932576846
79441	1737	3932765665
79453	1708	3936579233
79454	1753	3936827660
79457	1751	3937766034
79459	1690	3938211986
79477	1689	3947363956
79486	1699	3950650906
79493	1677	3952738898
79494	1663	3952759290
79495	1676	3952828877
79512	1753	3958326342
79516	1689	3959030725
79526	1740	3963472273
79527	1702	3963651896
79558	1655	3970526081
79568	1668	3974022566
79570	1706	3975380047
79571	1695	3975594221
79583	1688	3982518321
79611	1755	3992457067
79615	1734	3994212220
79624	1770	3997272446
79635	974	3998369526
79638	1716	3999294341
79639	1701	3999333157
79643	1746	4002348990
79647	1709	4003101797
79654	1707	4005038627
79680	1733	4015442861
79682	1730	4015945281
79692	1706	4018428242
79694	1679	4018652033
79713	1731	4026069319
79719	1737	4027089753
79729	1709	4030094298
79731	1699	4030976782
79733	1730	4031197198
79735	1730	4032644930
79736	1711	4033022332
79739	1720	4033251342
79741	1693	4033911161
79764	1755	4038912935
79766	1734	4039098546
79772	1738	4040732882
79773	1747	4041049946
79782	1731	4045905811
79789	1681	4048289581
79809	1682	4052190206
79815	1647	4053620604
79821	1710	4055028406
79823	1749	4055086889
79824	1744	4055385133
79827	1693	4055754256
79834	1725	4057272393
79842	1693	4059676183
79856	1708	4064305543
79859	1716	4064625775
79873	1714	4067727925
79874	1714	4068020907
79878	1751	4068993946
79884	1698	4071667214
79896	1712	4074821344
79902	1670	4077296381
79910	1710	4078951679
79925	1699	4085862147
79927	1682	4086274342
79931	1708	4089548017
79935	1757	4090782543
79937	1728	4092024849
79951	1721	4096813751
79954	1739	4097097635
79960	1750	4097859645
79961	1667	4098049533
79962	1768	4098076376
79966	1636	4100513753
79975	1694	4105938516
79983	964	4108933210
79993	1699	4114164849
79996	1760	4115341839
79999	1760	4116348349
80005	1730	4118380901
80006	1719	4118667059
80009	1719	4119044259
80020	1761	4120759363
80022	1706	4120860306
80032	1651	4123350894
80038	1725	4127457020
80047	1746	4130238344
80052	1750	4131684237
80057	1721	4131969351
80061	1662	4133051243
80063	1703	4133690008
80066	1730	4134118513
80067	1703	4134754322
80073	1721	4135973680
80075	1750	4136081013
80081	1517	4137372585
80085	1696	4138052627
80086	1706	4138194240
80101	1673	4143321526
80102	1701	4143343618
80108	1723	4146846706
80116	1714	4150350532
80118	708	4151510606
80142	1716	4157739443
80145	1682	4158524416
80147	1734	4158754382
80157	1701	4161316600
80167	1653	4166443250
80168	1690	4167094270
80171	1735	4167813726
80194	1689	4174599862
80197	1720	4175145178
80203	1674	4176295051
80205	1753	4176880620
80238	1686	4184606067
80247	1784	4189585054
80266	1697	4195777117
80267	1682	4195794757
80268	1727	4196226129
80270	1711	4196649968
80275	1757	4198300929
80305	1692	4211820722
80308	1718	4212153125
80326	1746	4218111453
80328	1692	4219040806
80364	1656	4232735544
80367	1692	4233391031
80385	1738	4240409680
80392	1718	4242155090
80396	1740	4244800953
80410	1649	4251215066
80425	1744	4253966232
80429	1759	4255367476
80432	1704	4255684761
80452	1680	4261059857
80461	1745	4263795151
80468	1707	4266169615
80473	1671	4269170030
80477	1708	4270606550
80479	1553	4270713759
80483	1665	4272368214
80486	1691	4273614436
80501	1698	4276992456
80503	1727	4277108731
80504	1678	4277384199
80505	1705	4277427117
80523	1718	4282273380
80528	1750	4284489469
80536	1732	4286749827
80539	1662	4289148534
80553	1710	853118
80560	1707	3261441
80573	1703	7358937
80583	1697	9556132
80585	1713	10053183
80588	1771	10284263
80593	1715	11512211
80595	1713	12352113
80605	1718	17094044
80611	1631	18504795
80616	1737	19492000
80617	1648	19680900
80623	1737	20435460
80638	1756	23667023
80656	1718	29721113
80662	1720	30965866
80680	887	38705916
80691	1682	43711217
80692	1686	43750892
80700	1685	46167395
80702	1729	47054155
80704	1725	48088089
80712	1746	50432908
80719	1721	53476673
80738	1707	62139786
80761	1694	71351244
80763	1698	71834078
80767	1698	72264993
80773	1672	76492199
80778	1723	78016242
80779	1729	78027499
80781	1706	79217796
80787	1719	81374801
80790	1779	82122206
80800	1669	85737235
80805	1698	87675993
80806	1688	87856921
80811	1680	89720111
80814	1731	90743074
80816	1724	91058679
80821	1690	92320080
80824	1712	93770113
80825	1701	93912391
80832	1762	97522975
80853	1716	103423770
80864	1718	106096197
80868	1690	106950043
80886	1714	110834126
80887	1698	110845322
80891	1704	112691189
80898	1716	115569884
80908	1710	120803263
80930	1770	128411798
80932	1769	128472064
80935	1664	130383867
80942	1702	132486642
80955	1690	134880489
80956	1699	135057202
80978	1711	143090958
80983	1721	144405849
80988	1714	145530200
80990	1742	145875822
80996	1739	148061246
80998	1659	148326935
81013	1705	154090052
81022	1508	156343743
81023	1698	156617291
81034	1741	161734678
81056	1714	169473539
81065	1726	172328524
81067	1744	173055016
81068	1691	173298043
81083	1711	176534995
81099	1699	182035667
81100	1712	182287871
81113	1755	185396462
81121	1738	187833140
81123	1703	189410991
81124	1700	190115235
81128	1697	191844248
81143	1728	196176027
81152	1691	198298745
81174	1701	206477103
81175	1215	206776770
81194	1751	214067671
81219	1724	223205140
81230	1721	225180063
81237	1721	227886280
81238	1725	227993978
81250	1769	230211984
81253	1735	231406544
81254	1671	232015579
81256	1718	233460628
81257	1751	233636480
81259	1737	233696260
81275	1733	238547147
81281	1706	242018365
81300	1647	246876432
81301	1693	247360695
81313	1699	250450730
81314	1748	250687958
81316	1726	251802259
81323	1730	254672893
81330	1718	256706053
81338	1738	258123197
81340	1690	258464742
81366	1716	268846002
81393	1699	276467967
81399	1724	277804031
81400	1712	278232081
81422	1673	286498496
81425	1681	287511731
81439	1684	292136645
81441	1727	292413829
81445	1700	293160375
81453	1688	295731775
81467	1700	299000220
81470	1721	299233953
81500	1727	311353510
81502	1735	311479182
81512	1698	314318762
81513	1674	314808479
81516	1697	315407218
81523	1762	316757876
81550	1678	326611157
81562	1701	331079407
81563	1718	331394400
81576	1638	334234335
81580	1739	335018240
81585	1759	336363963
81587	1710	336685814
81594	1667	339475202
81599	1713	342422620
81604	1706	343136093
81611	1669	345936365
81613	1703	346385617
81618	1694	347805705
81621	1740	349018031
81628	1692	350129289
81632	1768	350773987
81645	1670	354889621
81658	1729	358429768
81662	1730	359173542
81668	1687	361123769
81684	1687	367138552
81685	1704	367492671
81688	1719	368288180
81694	1714	369175222
81695	1734	369453004
81696	1730	369652743
81700	1749	371204706
81702	1704	371608089
81713	1686	375185284
81714	1712	375431555
81725	1730	379358445
81732	1757	383179427
81734	1725	383801046
81738	1710	384830162
81746	1772	387768397
81748	1678	388063920
81749	1736	388152468
81756	1718	388860437
81757	1721	389062895
81763	1752	390423546
81765	1720	390806150
81770	1658	391779810
81777	1711	395368989
81783	1719	396697462
81798	1728	400337224
81809	1732	405079918
81814	1705	406091486
81819	1725	407733556
81825	1710	409760721
81843	1704	414700556
81844	1701	414849786
81845	1113	414907345
81847	1712	416075139
81852	1695	417062429
81853	1678	417156890
81857	1694	417539003
81859	1670	417936751
81860	1749	418112374
81870	1719	421131699
81880	1717	424841562
81883	1733	425735343
81899	1702	429646421
81918	1718	433719515
81927	1650	435615347
81933	1659	438244430
81934	1663	438616950
81939	1720	439641073
81941	1697	440745299
81955	1682	446817695
81956	1753	446878242
81968	1700	453106888
81970	1722	453334909
81973	1735	453432675
81978	1697	455134816
81979	1719	455375788
81982	1729	456573418
81983	1674	456595382
81987	1686	457643672
81993	1667	458317755
81998	1703	459213912
82011	1739	462701060
82012	1761	465547245
82016	1728	466982858
82021	1730	468204190
82023	1747	469173511
82025	1707	469406767
82040	1734	474175069
82057	1758	478963644
82083	1686	483302436
82094	1720	488833037
82096	1748	489357392
82098	1686	489614267
82099	1714	490369616
82110	1666	494277721
82111	1744	494318215
82115	1728	495041296
82119	1716	495819562
82132	1694	499270418
82137	1704	501335368
82154	1722	509268387
82155	1746	509957529
82157	1761	510132820
82176	1069	514860254
82182	1689	515823075
82183	1707	516293004
82188	1751	518186192
82190	1752	518707169
82200	1674	520841060
82213	1733	528804037
82223	1746	532463080
82242	1704	536272049
82246	1726	537338602
82248	1361	537627132
82255	1742	540694341
82258	1730	541027650
82284	1740	547959381
82287	1750	548892367
82288	1726	549075984
82290	1685	549671635
82292	1742	550704836
82318	1728	557408243
82322	1706	558455923
82324	1712	560254167
82329	1767	562190201
82341	1727	568381353
82345	1700	569868143
82362	1652	574401216
82366	1660	575955226
82367	1677	575993101
82372	1710	579070373
82374	1663	579810318
82390	1756	582014165
82392	1729	584020077
82394	1755	584636106
82401	1730	588760370
82410	1726	591754737
82415	1754	592797702
82423	1681	596057923
82439	1714	598214017
82446	1711	600533638
82460	1751	605802561
82462	1674	606430816
82463	1747	608640152
82488	1682	614933002
82495	1741	617679074
82502	1727	621115178
82506	1743	621792690
82510	1749	623497668
82514	1699	625290138
82515	1706	625307507
82516	1762	625457316
82525	1699	626869534
82526	1704	627666632
82535	1759	632076048
82536	1676	632124802
82539	1737	632639166
82543	1747	633200549
82551	1738	634484470
82593	1715	651158426
82607	1742	654733547
82615	1674	657303869
82620	1648	658319713
82622	1690	659101931
82623	1728	659880756
82631	1746	663244176
82632	1728	664242993
82656	1751	673303238
82657	1706	673433578
82658	1676	674235534
82660	1741	674672029
82671	1746	677175321
82674	1721	678176919
82679	1684	680031696
82687	1745	682481775
82691	1730	684916952
82692	1711	685126288
82697	1729	691193603
82699	1669	691343231
82703	1700	691538104
82725	1724	697774903
82727	1732	699170214
82743	1733	705419873
82750	1718	706214692
82760	1759	707937188
82765	1704	710913250
82785	1647	716588803
82786	1755	716760456
82787	1707	716990476
82793	1655	718627474
82805	1701	723933657
82806	1690	724166541
82823	1724	728486025
82835	1667	733710553
82845	1725	736467115
82857	1689	740626603
82867	1704	743190135
82881	1699	747141321
82898	1718	752630515
82899	1679	752655338
82905	1740	753260426
82928	1657	761488432
82934	1753	764365399
82937	1704	765489565
82938	1718	765791809
82949	1747	767290056
82961	1727	769544702
82965	1687	770293746
82981	1751	776777258
82989	1683	777808924
82990	1749	777846547
83007	1724	782891333
83009	1675	783403662
83019	1757	786872590
83025	1760	789244257
83030	1712	791926242
83040	1721	795530580
83050	1733	800086928
83058	1741	801896551
83067	1700	805325418
83072	1726	807246937
83074	1721	807789733
83075	1750	808017376
83092	1755	812764381
83094	1755	815009330
83098	1743	815589821
83106	1690	817180550
83110	1695	817572232
83127	1717	823191851
83160	1726	836323025
83168	1765	839492739
83171	1733	840908152
83180	858	845229281
83181	1712	845264265
83183	1656	846357800
83197	1707	851054220
83198	1729	851636021
83207	1655	856522968
83223	1718	862602684
83239	1764	865332722
83242	1700	865686897
83249	1427	866522933
83259	1719	868479088
83275	1566	872524801
83291	1745	880179087
83302	1694	886498863
83306	1702	887231702
83307	1756	887900650
83308	1697	888129699
83310	1742	888778545
83315	1745	889686646
83317	1681	889784458
83324	1735	892362955
83328	1743	893358438
83329	1694	893552444
83337	1715	896939293
83338	1723	897034816
83349	1746	900163135
83354	1692	901591416
83363	1747	903269059
83365	1642	903409231
83372	1740	907145588
83382	1705	910730285
83386	1747	911277296
83388	1745	911803741
83389	1748	912156482
83400	1724	917407388
83413	1715	920954191
83414	1734	921060779
83421	1648	923431386
83446	1726	929087316
83471	1670	934237128
83472	1726	934472472
83476	1677	937509888
83477	1734	937564962
83480	1691	938184986
83481	1712	938829223
83484	1704	939535018
83490	1714	941946807
83492	1711	942463549
83503	1735	945126125
83523	1687	950115854
83553	1751	962484645
83558	1706	964957295
83569	1702	967736198
83576	1719	969094215
83603	1707	979294237
83607	1682	980285863
83608	1728	980510283
83623	1744	985841791
83624	1623	985874550
83634	1692	989743594
83635	1688	990740119
83645	1713	992765601
83647	1699	993700471
83650	1690	994202647
83653	1710	994583215
83672	1691	1001931520
83696	1678	1007711606
83701	1719	1007979464
83704	1687	1008845637
83723	1729	1013801322
83729	1696	1016631235
83736	1681	1020266494
83771	1654	1028061704
83774	1726	1028764722
83787	1705	1031046913
83789	1726	1033004734
83799	1717	1036273230
83801	1734	1038758030
83827	1708	1046641034
83832	1677	1047053022
83853	1653	1053295234
83862	1704	1056263032
83863	1152	1056281177
83868	1745	1059501040
83869	1728	1059880771
83874	1711	1061203875
83875	1731	1061853837
83878	1756	1062758185
83880	1738	1063076940
83882	1711	1064381903
83890	1725	1066261329
83891	1743	1066566800
83905	1743	1069503636
83924	1753	1074719170
83927	1710	1076039065
83934	1727	1076741478
83941	1675	1078584542
83948	1736	1082561117
83952	1748	1083012807
83957	1685	1084973757
83961	1699	1085744947
83965	1695	1085882187
83968	1711	1086332185
83970	1715	1087321972
83977	1708	1088588582
83979	1721	1088698648
83980	1740	1089065487
84012	1701	1096553034
84015	627	1097076377
84024	1677	1102477072
84030	1707	1104180697
84032	1723	1104720103
84038	1722	1105658092
84042	1727	1106336261
84048	1660	1107673822
84066	1658	1111530260
84070	1515	1111888615
84074	1289	1112217822
84075	1663	1112563569
84082	1670	1114271629
84087	1656	1116210954
84090	1709	1117099079
84107	1688	1124203639
84109	1707	1124551184
84113	1689	1126707128
84133	1713	1132348565
84140	1728	1133830306
84148	1781	1135906906
84150	1686	1137727457
84157	1661	1141432396
84162	1706	1142428069
84163	1672	1142637373
84164	1742	1142883289
84168	1708	1143670998
84174	1735	1144883082
84175	1779	1145345358
84176	1705	1145403651
84189	1718	1148186920
84206	1753	1152707620
84214	1671	1155675442
84215	1675	1156054484
84217	1767	1156256274
84233	1721	1162391501
84237	1724	1163892824
84240	1697	1164892971
84245	1700	1165591161
84246	1741	1165732532
84267	1737	1171152163
84268	1727	1171212711
84270	1660	1171962383
84279	1695	1174165345
84290	1714	1177330761
84300	1729	1180290289
84304	1706	1183223930
84315	1713	1185819914
84317	1685	1186399786
84325	1730	1188412323
84329	1730	1188854861
84330	1710	1190290702
84336	1660	1191601675
84350	1655	1196829806
84355	1692	1197434924
84367	1710	1200158188
84379	1720	1205224798
84385	1701	1206382846
84388	1714	1207075818
84391	1696	1207948942
84393	1719	1210314752
84405	1741	1213568729
84411	1691	1215324005
84421	1682	1216718097
84453	1753	1226315214
84468	1726	1229478286
84481	1675	1231239034
84524	1670	1245428913
84546	1703	1250025710
84555	1667	1253675243
84557	1660	1254351543
84558	1711	1254938749
84560	1692	1255629002
84567	1753	1257655037
84577	1749	1261094677
84583	1767	1264778007
84584	1713	1264911291
84592	1694	1268036237
84595	1727	1269391939
84596	1719	1269924948
84601	1730	1271915406
84616	1748	1277427543
84622	1700	1278798284
84631	1706	1280799097
84649	1750	1287228877
84652	1705	1288237159
84671	1674	1293457241
84682	1732	1296945040
84687	1706	1298208669
84691	934	1299522941
84694	1721	1300743829
84696	1705	1301246400
84698	1716	1301960253
84708	1710	1308750238
84715	1728	1310530978
84724	1716	1312651310
84725	1743	1312705812
84733	1742	1316437040
84739	1734	1317375926
84743	1727	1318613722
84744	1698	1319293111
84750	1262	1320972483
84758	1671	1323373798
84761	979	1323726516
84763	1720	1324025108
84768	1727	1325022009
84769	1731	1325042805
84800	1715	1338006559
84808	1755	1341090471
84811	1769	1342393738
84814	1767	1343307245
84817	1661	1344944973
84826	1682	1349206978
84829	1677	1350082100
84834	1663	1351165512
84844	1697	1354085205
84850	1655	1355290850
84859	1656	1357673787
84873	1701	1359957926
84875	1709	1360302337
84879	1749	1361310232
84885	1744	1363625314
84892	1738	1366216614
84899	1732	1370881198
84901	1718	1371905514
84907	1723	1373465331
84912	1699	1375210143
84913	1732	1375238188
84936	1650	1381726523
84938	1743	1382137034
84939	1651	1382320093
84950	1674	1388705158
84952	1684	1389294197
84966	1710	1394502534
84967	1746	1394667408
84978	1707	1397168754
84985	1761	1399836808
84988	1696	1400855481
84995	1722	1402940731
85004	1702	1404707248
85005	1732	1404790723
85017	1687	1410541918
85024	1767	1412110938
85025	1664	1412478516
85035	1743	1415064058
85040	1699	1415827588
85044	1664	1416271692
85045	1681	1416419226
85047	1700	1416564766
85051	1765	1417817430
85053	1737	1418363218
85079	1696	1424316197
85084	1727	1425846448
85087	1690	1426324682
85108	1732	1434276397
85111	1694	1435179044
85113	1686	1435553276
85120	1724	1437545588
85121	1697	1437659775
85126	1738	1440055589
85140	1708	1441780415
85146	967	1443132646
85154	1687	1446552924
85160	1703	1450004204
85174	1749	1454765672
85181	1738	1457167606
85184	1659	1458137368
85198	1722	1461109764
85208	1716	1464976362
85209	1103	1465218394
85212	1795	1465835293
85215	1722	1466640500
85228	1715	1472395377
85248	1727	1479257292
85254	1726	1481034191
85256	1729	1481456333
85258	1693	1482340551
85260	1739	1482721056
85264	1732	1483390905
85276	1673	1486320859
85293	1708	1493843109
85313	661	1500440027
85318	1554	1501082602
85327	1703	1504551770
85328	1718	1504733035
85329	1687	1505222951
85342	1729	1509308969
85349	1715	1512960146
85354	1684	1514755359
85355	1766	1515599970
85379	1716	1523893432
85389	1673	1526599383
85398	711	1528792786
85406	1699	1532871312
85414	1763	1536386547
85418	1716	1537168353
85419	1688	1537217227
85421	1688	1537707616
85422	1684	1537777050
85434	1706	1542090335
85435	1745	1542137095
85440	1721	1544062606
85450	1732	1546887484
85458	1715	1548224821
85461	1675	1549489432
85466	1734	1550835918
85469	1704	1551162261
85470	1709	1551804349
85472	1714	1554580115
85475	1703	1555134304
85483	1713	1557525243
85490	1706	1559243925
85512	1732	1564320105
85517	1739	1565706951
85521	1734	1566436232
85527	1720	1567421545
85529	1707	1568114465
85530	1680	1569546057
85533	1771	1570247009
85543	1715	1572476697
85546	1725	1573073779
85554	1719	1576229818
85584	1707	1582775659
85587	1672	1583540612
85589	1769	1584125009
85606	1722	1589432334
85607	1749	1589633472
85618	1692	1592085914
85619	759	1592269645
85626	1712	1594051599
85631	1699	1597519809
85632	1741	1597599561
85635	1430	1598150026
85637	1691	1598256077
85652	1742	1601283668
85653	1754	1601695053
85666	1746	1604828837
85667	1747	1604837936
85686	1718	1610022030
85689	1707	1610537448
85707	1676	1619264284
85709	1672	1619889437
85716	1690	1621813601
85721	1704	1622844861
85724	1636	1623963142
85738	1709	1627675757
85750	1682	1631864884
85757	1722	1632876026
85758	1677	1633203512
85765	1737	1636784226
85779	1739	1641367164
85782	1701	1642260250
85784	1726	1642377073
85800	1712	1647395494
85810	1719	1650079558
85814	1675	1652153016
85817	1728	1653151976
85820	1721	1655334341
85827	1698	1658537593
85828	1707	1658579401
85833	1704	1659899367
85841	1720	1661886157
85844	1732	1662687743
85845	1680	1663172280
85860	1690	1667911657
85864	1758	1669088576
85865	1689	1669375136
85867	1732	1669599226
85871	1711	1670375996
85875	1724	1671723659
85876	1738	1672597088
85877	1719	1672671277
85899	1711	1681898930
85901	1671	1682021412
85915	1743	1686147258
85931	1734	1690639080
85934	1733	1691028805
85935	1666	1691360639
85937	1689	1692182729
85938	1526	1692241087
85950	1726	1694751422
85957	1669	1698165448
85963	1722	1700206573
85965	1715	1700303312
85966	1679	1701302626
85969	1688	1702077351
85972	1697	1703441620
85978	1692	1704485991
85979	1744	1704569252
85982	1727	1705497790
85987	1700	1707426864
86002	1725	1712609886
86018	1701	1718853079
86024	1680	1721852742
86032	1739	1724395883
86033	1743	1724538106
86054	1684	1730920372
86061	1731	1732077041
86065	1650	1732850957
86073	1719	1736906322
86075	1708	1739524481
86101	1689	1747360322
86107	1714	1748468225
86109	1747	1748776971
86119	1666	1751197269
86124	1745	1752191436
86128	1764	1753062895
86132	1725	1754154409
86133	1755	1754217365
86140	1698	1755921379
86148	1695	1759830509
86170	1723	1765628269
86175	1733	1766514775
86180	1749	1767582238
86195	1705	1771955525
86215	1740	1777180810
86218	1693	1777776835
86219	1737	1778121870
86225	1716	1780905732
86232	1729	1782166252
86237	1680	1783512367
86243	1718	1785497309
86247	1688	1786222705
86251	1726	1786833023
86254	1753	1787502667
86255	1664	1787535437
86259	1702	1788780669
86263	1711	1789731276
86264	1670	1789755898
86266	1706	1790137134
86270	1736	1791191958
86273	1725	1791441766
86277	1699	1793004130
86280	1654	1794401341
86281	1674	1795892810
86283	1763	1797134156
86293	1669	1800917544
86294	1718	1801499932
86302	1724	1803366933
86313	1705	1806808805
86317	1705	1808617812
86318	1754	1808623725
86323	1742	1809643302
86337	1438	1813128465
86343	1715	1814991315
86348	1735	1815816535
86358	1628	1820849978
86361	1666	1821780374
86371	1678	1823997126
86375	1722	1824774916
86376	1691	1824853078
86398	1693	1830362591
86413	1745	1835867445
86432	1687	1843212589
86444	1748	1845479124
86451	1686	1848052569
86454	1681	1848795412
86460	1749	1850228394
86461	1744	1850582569
86472	1740	1852215959
86473	1693	1852803925
86481	1685	1854119846
86483	1684	1855680417
86493	1746	1857858245
86496	1695	1861863525
86507	1731	1865357961
86517	1684	1868554887
86525	1669	1869761906
86527	1670	1870563378
86530	1695	1872323293
86537	1684	1874149448
86554	1731	1878635067
86559	1679	1879968250
86561	1723	1881818363
86565	1678	1882846270
86592	1707	1890500659
86598	1681	1893067601
86601	1663	1893541402
86602	1687	1893593350
86603	1756	1893875548
86606	1711	1895638454
86619	1708	1897870605
86621	1650	1898488934
86623	1735	1899169310
86628	1699	1905064536
86640	1728	1907559280
86641	1723	1907977612
86670	1759	1915561409
86673	916	1916189411
86674	1727	1916322857
86679	1706	1917485950
86691	1704	1919306799
86730	1727	1932522025
86742	1728	1935152403
86757	1696	1939007253
86773	1738	1947013954
86774	1713	1947204304
86776	1727	1947656320
86777	1657	1948616627
86783	1752	1950866071
86790	1700	1954496769
86804	1719	1958542978
86807	1726	1959768475
86818	1740	1963918751
86823	1697	1964760669
86834	1717	1968100176
86835	1230	1968290375
86837	1740	1968691707
86841	1752	1969308814
86864	1743	1976426057
86879	1728	1979890518
86896	1738	1985235368
86906	1737	1987771532
86908	1713	1988037564
86909	1707	1988055257
86920	1694	1990926994
86928	1761	1994258277
86935	1674	1995963318
86939	1653	1997229919
86947	1673	1998695541
86953	1694	1999604916
86967	1679	2004596478
86972	1701	2005541129
86976	1713	2006596336
86980	1743	2007597122
86982	1697	2007844830
86985	1668	2008915288
86987	1682	2009010738
86991	1672	2010333363
86995	1725	2012597909
86999	1661	2013841667
87005	1656	2015255436
87008	1752	2015696727
87016	1681	2017929940
87024	1673	2019693205
87033	1705	2023921331
87036	1706	2025305864
87040	1533	2026264709
87044	1747	2027970035
87060	1673	2032914148
87084	1706	2039373930
87085	1664	2039881417
87089	1572	2040288359
87096	1720	2041585083
87098	1728	2042278444
87100	1734	2044472605
87102	1762	2045666852
87107	1745	2047942130
87113	1683	2049843726
87117	1752	2051674903
87119	1729	2052597609
87122	1730	2053127533
87130	1765	2056359493
87131	1720	2056564852
87139	1690	2059275031
87152	1706	2062104973
87160	1675	2063915064
87173	1732	2072256793
87178	1684	2073235928
87181	1699	2074168509
87187	1771	2076571223
87191	1705	2077629285
87194	1754	2078365252
87197	1727	2079240376
87199	1712	2079739234
87203	1727	2080392811
87204	1700	2080649797
87216	1730	2084210058
87220	1732	2086008527
87231	1675	2089155341
87234	1743	2089881492
87239	1727	2091629412
87242	1677	2092186304
87259	1765	2099899742
87264	1693	2100780327
87271	1722	2103805673
87291	1706	2108966239
87293	1733	2110258107
87296	1723	2112313415
87297	1666	2112949262
87300	1700	2113687383
87320	1677	2118093052
87339	1722	2123582154
87341	1716	2126349817
87345	1717	2126685178
87346	1685	2126750277
87362	1722	2130750163
87365	1702	2132690655
87369	1725	2133194145
87371	1688	2133869697
87381	1727	2136085856
87384	1716	2137396983
87386	1690	2137956575
87387	1725	2137967105
87402	1735	2144011051
87408	1712	2147543701
87412	1712	2148698262
87418	1666	2150053129
87422	1680	2150895054
87433	1707	2152813252
87445	1706	2156435020
87446	1690	2156698867
87461	1724	2161800857
87480	1709	2167512130
87486	1714	2170949388
87498	1725	2174730445
87499	1716	2174753804
87501	1748	2175754318
87505	1675	2176761814
87511	1747	2177710942
87514	1687	2178981563
87562	1758	2195779858
87574	1703	2199603899
87587	1719	2203204734
87605	1709	2209483193
87609	1697	2210418813
87618	1698	2212476943
87623	1686	2213529291
87630	1667	2216700770
87635	1703	2219559929
87650	1709	2223302631
87652	1726	2223553371
87664	1250	2228834222
87669	1740	2230216442
87684	1708	2235288707
87698	1681	2238356915
87699	1660	2238378300
87702	1711	2239275645
87703	1691	2239753410
87704	1733	2239978114
87706	1712	2240430827
87715	1698	2244060391
87718	1686	2245109320
87730	1725	2253327140
87732	1761	2253546989
87743	1715	2255766910
87745	1682	2256431835
87748	1753	2256844627
87760	1718	2261040197
87780	1727	2268417964
87789	1723	2272355229
87790	1659	2272465460
87800	1746	2274301920
87801	1704	2274477112
87810	1695	2276827086
87811	1690	2276833999
87812	1720	2277491543
87826	1736	2281097918
87839	1729	2284368573
87845	1708	2288237100
87870	1692	2298421131
87879	1728	2300406144
87880	1061	2300922279
87887	1709	2302326003
87892	1779	2303359845
87900	1683	2307217967
87901	1724	2308667693
87905	1740	2309418127
87910	1735	2311116372
87913	1731	2311458323
87914	1738	2311472919
87937	1751	2317340643
87944	1724	2319112756
87945	1714	2319867591
87948	1677	2320816183
87950	1716	2321294433
87956	1769	2322748216
87960	1709	2323411241
87967	1678	2324219318
87969	1003	2324986250
87971	1732	2325331779
87995	1698	2332839815
88004	1738	2334998884
88012	1697	2336978061
88021	1075	2339490931
88022	1673	2339958407
88027	1732	2342158885
88031	1705	2342919795
88040	1095	2345619801
88058	1736	2351782409
88067	1407	2354901803
88075	1760	2356365808
88078	1713	2356628128
88084	1705	2358729257
88087	1699	2359782969
88092	1732	2360559970
88099	1696	2361695713
88101	1661	2362724509
88110	1738	2367333039
88116	1691	2372029981
88117	1732	2372183873
88133	1645	2376027618
88142	1710	2380519737
88143	1681	2381069010
88158	1781	2384878537
88160	1764	2385551914
88175	1705	2391308893
88222	1720	2402247571
88227	1724	2402880297
88240	1701	2406628475
88249	1712	2411039073
88258	1613	2414414699
88263	1674	2416379881
88265	749	2416905920
88267	1756	2417935878
88268	1726	2418494706
88269	1697	2418688285
88283	1739	2421663266
88286	1734	2422136321
88287	1685	2423531032
88293	1708	2424285047
88294	1693	2424288596
88302	1739	2426421771
88310	1701	2427637043
88313	1706	2428662417
88332	1679	2436106657
88338	1680	2437462308
88340	1708	2438027517
88347	1703	2439462321
88352	1727	2440412072
88355	1737	2440509893
88365	1711	2443859628
88367	1740	2444784366
88373	1742	2445799565
88376	1669	2446249809
88382	1688	2448181012
88386	1722	2449528731
88388	1745	2451525747
88397	1751	2452678013
88404	1647	2454835590
88408	2982	2455749317
88411	1698	2456353950
88413	1698	2457033756
88419	1735	2458119550
88427	1717	2460590786
88433	1671	2461726908
88441	1723	2464253453
88442	1718	2464924361
88457	1701	2468700316
88467	1708	2472655515
88469	1743	2473157249
88471	1728	2473366217
88479	1641	2475072447
88482	1736	2475803891
88484	1672	2476015643
88498	1709	2479071550
88501	1735	2479796305
88503	1737	2482051511
88511	1732	2484935261
88512	1701	2485359740
88528	1686	2489316697
88534	1656	2490745378
88542	1694	2496459084
88548	1710	2499052847
88549	1703	2499402655
88552	1717	2499682019
88553	1683	2500120905
88558	1761	2502413605
88561	1734	2503780530
88566	1739	2505194906
88577	1760	2508077617
88583	1721	2509112771
88590	1738	2510336968
88594	1774	2513503939
88601	1709	2515050822
88610	1736	2519132558
88611	1742	2520033267
88615	1672	2522453826
88620	1724	2523662631
88628	1701	2524724780
88632	1745	2525441486
88640	1718	2527340244
88664	1701	2534296753
88676	1700	2537945644
88706	1723	2545336404
88713	1684	2547544049
88720	1705	2549171479
88722	1647	2550073166
88723	1686	2550108180
88736	1714	2556716263
88743	1711	2558771198
88747	1693	2560383210
88758	1745	2563791148
88762	1640	2564437179
88764	1752	2564784530
88777	1673	2569073539
88784	1731	2571285202
88788	1738	2574118836
88801	1708	2577725326
88802	1717	2577773239
88807	1705	2578989644
88810	1769	2579173551
88817	1751	2580370267
88823	1726	2581641149
88842	1764	2585701465
88852	1141	2588376381
88864	1718	2590196913
88871	1739	2594834244
88874	1783	2595633714
88878	1736	2596768788
88880	1701	2597724230
88890	1710	2603133373
88892	1704	2603522477
88896	1725	2604151859
88899	1698	2605004356
88901	1687	2605834386
88922	1708	2615213397
88929	1713	2616672564
88933	1694	2617748084
88941	1359	2622114208
88960	1667	2628744530
88962	1722	2629101273
88968	1736	2631721460
88974	1698	2635021066
88976	1749	2635506969
88977	1689	2635622372
88996	1729	2641165250
89006	1776	2645117839
89009	1730	2645742704
89010	1771	2645745568
89016	1665	2648795889
89021	1730	2649686102
89022	1721	2649952294
89030	1700	2655145189
89036	1705	2655937349
89045	1702	2659017021
89049	1719	2660322196
89050	1683	2660892741
89062	1735	2664775408
89064	1690	2665002198
89071	1736	2667465901
89072	1221	2667711308
89074	1716	2668555272
89087	1764	2671068605
89095	1709	2674935170
89097	1726	2675184790
89098	1729	2675306547
89104	1756	2677057679
89116	1675	2680966624
89132	1751	2685382608
89133	1729	2685646576
89138	1769	2688045139
89141	1643	2689174743
89157	1639	2697351064
89166	1739	2699713732
89172	1720	2700965625
89179	1675	2702193498
89190	1266	2704733818
89193	1425	2705561039
89214	1733	2710283514
89227	1744	2716054879
89236	702	2717603692
89238	1702	2717716232
89239	1663	2717949463
89247	1738	2719632895
89252	1710	2720466141
89258	1699	2720984089
89260	1719	2721059714
89263	1707	2721522035
89265	1701	2721809715
89274	1730	2724252025
89302	1381	2731307337
89305	1690	2732512003
89315	1695	2736947773
89322	1750	2738443559
89333	1689	2740294224
89346	1715	2743716512
89350	1653	2743981748
89354	1771	2745184245
89362	1719	2747712489
89379	1732	2754515877
89390	1700	2758629319
89433	1690	2770184805
89434	1680	2770320622
89441	1757	2771382185
89446	1689	2772310599
89453	1656	2773354933
89466	1452	2780645647
89467	1679	2780714894
89474	1789	2782514305
89475	1691	2782992387
89506	1768	2788417956
89516	1674	2791102985
89540	1735	2801939076
89547	1767	2803810708
89554	1701	2805648564
89555	1694	2806282863
89556	1683	2806684624
89560	1742	2808071130
89563	1708	2808750833
89598	761	2819501184
89601	1728	2819751579
89657	1711	2830736802
89658	1705	2830878684
89688	1744	2842269948
89690	1694	2842495709
89695	1726	2843449453
89715	1695	2848698446
89729	1749	2852830927
89737	1717	2854274224
89743	1656	2855687189
89746	1744	2858694803
89753	1738	2860039143
89754	1659	2860430200
89756	1714	2860537405
89758	1712	2861088917
89763	1082	2861987633
89764	1730	2862084599
89765	1744	2862306442
89766	1752	2862334355
89772	1718	2863540707
89776	1720	2864490763
89777	1669	2864665306
89792	1661	2869443250
89801	1722	2873769353
89812	1751	2876495246
89817	803	2879969445
89819	1692	2880804919
89824	1713	2881696420
89829	1735	2882415627
89830	1776	2883330716
89831	1747	2883374795
89837	1723	2885885289
89847	1730	2887168305
89869	1774	2890709055
89873	1769	2891566794
89875	1712	2892443775
89878	1685	2893824845
89880	1716	2894301010
89889	1711	2895861902
89910	1721	2901972827
89926	1672	2904853780
89928	1735	2906581829
89943	1337	2910813998
89950	1702	2911857280
89952	1714	2913360093
89958	1666	2915465347
89961	1715	2915985343
89963	1716	2916338330
89976	1733	2922662799
89982	1669	2923493287
89986	1737	2924741975
90001	1730	2929018973
90008	1677	2930990134
90034	1732	2937663421
90045	1676	2942489941
90046	1728	2942871068
90057	1706	2944899706
90059	1711	2946415397
90061	1679	2946783244
90074	1730	2951610423
90077	1658	2952950583
90080	1676	2953315382
90084	1707	2953743027
90087	1663	2956741630
90092	1348	2958067001
90096	1680	2961747201
90100	1720	2962477361
90106	1718	2963699637
90113	1721	2965374970
90118	1754	2968581227
90119	1707	2968647374
90123	1731	2969677618
90126	1739	2970295374
90127	1675	2970406157
90129	1769	2970516590
90138	1726	2974838352
90147	1709	2976529118
90149	1706	2976842715
90150	1731	2976899252
90153	1709	2977984988
90154	1711	2978028798
90175	1714	2984787018
90177	1720	2985664955
90192	1750	2988246572
90195	1713	2988488240
90201	1183	2989589334
90202	1680	2990084509
90207	1644	2990482304
90214	1543	2992892541
90225	1723	2994994488
90226	1677	2995145875
90233	1695	2996661722
90238	1745	2997814987
90241	1706	2998732709
90249	1716	3003910988
90257	1756	3007569000
90261	1731	3008402404
90271	1710	3014457083
90272	1298	3014661153
90278	1715	3015717866
90286	1690	3017442157
90300	1702	3023724190
90311	1634	3026536519
90329	1716	3030142331
90349	1798	3035713074
90363	1773	3039188282
90370	1718	3043682756
90373	1709	3044309935
90374	1715	3044538973
90377	1725	3045812249
90392	1733	3049456806
90397	1711	3050773284
90403	1059	3052674910
90415	1741	3056103148
90422	1721	3057100041
90441	1680	3067092542
90451	1729	3069045018
90452	1692	3069350413
90454	1712	3069836380
90456	1698	3069891166
90468	1718	3074963708
90470	1203	3075221285
90473	1739	3076156091
90483	1710	3079200544
90489	1653	3080817767
90492	1687	3081989618
90493	1713	3083883490
90494	1728	3084502680
90495	1727	3085130231
90499	1685	3086524064
90500	1699	3086918774
90503	1713	3087432485
90507	1727	3088151010
90509	1670	3088616215
90510	1702	3088723242
90527	1752	3096089895
90530	1736	3096413108
90532	1713	3096881607
90538	1715	3098689839
90543	1747	3099437676
90554	1735	3103872108
90557	1697	3104336086
90573	1721	3109757333
90574	1735	3109853273
90588	1699	3114300348
90596	1735	3116324801
90601	1705	3117583724
90602	1712	3118075788
90603	1680	3118162622
90611	1740	3119852204
90619	1744	3121219332
90622	1715	3122118939
90625	1694	3124636298
90628	1713	3125114392
90630	1728	3125340749
90635	1736	3125561070
90648	1668	3132154046
90649	1693	3132476058
90666	1729	3135527773
90667	1675	3135695179
90672	1698	3136984446
90682	1673	3138763494
90695	1689	3141996620
90699	1735	3145061509
90702	1715	3146467656
90705	1684	3148051389
90706	1724	3148156716
90707	1700	3148300819
90719	1720	3152093217
90726	1731	3154207666
90738	1663	3156765434
90739	1660	3157171601
90740	1739	3157223100
90762	1709	3162581255
90773	1684	3167740115
90781	1725	3169847861
90782	1713	3170053977
90788	1697	3171829814
90794	1711	3172594250
90799	1717	3174525764
90804	1718	3175282698
90805	1740	3175591926
90814	1685	3177082883
90817	1694	3177734680
90820	1119	3177903747
90827	1703	3181523026
90833	1718	3182718855
90834	1691	3183014931
90847	1705	3187974588
90848	1713	3188103287
90850	1678	3188220432
90859	1767	3190445578
90860	1708	3190791258
90876	1735	3198036997
90881	1708	3198483689
90887	1697	3200785695
90888	1699	3200896477
90900	1708	3203345177
90901	1734	3203759361
90904	1704	3204080431
90928	1734	3210726857
90936	1733	3213077118
90960	1701	3219541378
90962	1710	3219678969
90979	1736	3224761129
90989	1726	3229122767
90991	1715	3229767925
90997	1718	3230598907
91016	1665	3236377510
91023	1695	3238066917
91029	1738	3239191215
91030	1738	3239245350
91047	880	3242945483
91054	1736	3244473615
91056	1695	3244933133
91057	1673	3245647773
91063	1700	3248258320
91081	1744	3252330973
91084	1702	3252958706
91091	1634	3254596060
91101	1703	3258441607
91103	1668	3258941624
91114	1717	3262531411
91117	1373	3264067583
91120	1687	3265731755
91122	1665	3266502335
91132	1716	3270684842
91145	1690	3275739584
91151	1668	3276337945
91160	1688	3278243068
91162	1694	3278350864
91176	1745	3283101774
91188	1717	3285482312
91191	1711	3286103060
91197	1719	3289697875
91199	1760	3290183588
91201	1734	3291076063
91212	1723	3293931613
91214	1717	3294661011
91221	1696	3296847449
91222	1750	3296911040
91226	1708	3297637872
91228	1696	3298464834
91241	583	3301475909
91242	1734	3302825893
91245	1715	3303352048
91249	1732	3304433187
91250	1746	3304586780
91252	1729	3305747635
91254	1698	3306166523
91267	1714	3312149148
91272	1724	3313604718
91282	1696	3315502447
91283	1734	3315792903
91285	1686	3316162367
91289	1734	3317907427
91293	1674	3318452371
91297	1715	3319159486
91299	1714	3319659101
91308	1677	3321707498
91314	1707	3323334321
91326	1671	3325450463
91334	1740	3328054218
91337	1719	3330067850
91341	1771	3332017451
91342	1669	3332053010
91343	1725	3332799082
91347	1755	3333781382
91355	1734	3335401389
91361	1664	3336710939
91363	1738	3337152205
91364	1706	3337760828
91368	1700	3338881847
91375	1718	3340435950
91379	1676	3341396762
91386	1722	3344765779
91393	1711	3350393825
91404	1723	3353218927
91406	1656	3354111218
91408	1779	3354514179
91411	1662	3355515783
91415	1732	3358062665
91418	1751	3358683839
91419	1749	3359112152
91422	1562	3359514399
91426	1770	3360870327
91434	1719	3362179044
91440	1737	3365033179
91441	1730	3365272793
91444	1713	3365553830
91445	1741	3365931512
91449	1748	3368028398
91462	1654	3373536353
91471	1722	3376068547
91473	1681	3376987769
91477	1677	3378507981
91489	1688	3382904027
91507	1674	3388381731
91511	1680	3391066919
91522	1733	3393803717
91526	1700	3394186488
91534	1731	3395076934
91536	1751	3395702019
91544	1682	3397252024
91547	1738	3398089562
91550	1748	3398774868
91552	1740	3398951550
91554	1708	3399387558
91558	1662	3400148802
91560	1730	3400406908
91566	1753	3401533996
91570	1726	3402574463
91575	1631	3404772463
91584	1435	3407827584
91585	1732	3407977321
91594	1747	3412165246
91595	1743	3412825208
91599	1726	3414164390
91630	1734	3421780293
91633	1068	3422320218
91645	1697	3424051457
91646	1691	3424076136
91660	1712	3427638503
91670	1666	3431638532
91684	1203	3435824036
91704	1735	3441613507
91707	1727	3441705786
91721	1774	3446840070
91723	1645	3447185405
91725	1688	3447932351
91758	1678	3457066975
91759	1733	3457237131
91762	1725	3457812838
91770	1690	3461683778
91771	1685	3462061231
91776	1714	3463705078
91783	1686	3466538382
91788	1740	3468446921
91791	1762	3469302710
91804	1702	3474405817
91813	1719	3476207331
91824	1710	3480815417
91827	1739	3481819855
91834	1724	3483949563
91838	1702	3484771265
91848	1707	3486753882
91857	1706	3490236535
91863	1721	3493462604
91872	1754	3495444119
91889	1703	3499656053
91891	1681	3500042313
91893	1682	3500070440
91905	1749	3503637222
91916	1758	3505936942
91919	1692	3506998170
91921	1666	3507363117
91930	1747	3510035908
91935	1265	3513379800
91942	1712	3516353427
91947	1697	3517303648
91949	1717	3517369240
91967	1705	3521356408
91968	1213	3521516359
91970	1670	3521709938
91975	1697	3524662569
91986	1720	3528705773
91989	1690	3529205385
91997	1451	3530659461
91999	1689	3532938466
92002	1767	3533349573
92005	1687	3533848956
92007	1700	3534069384
92011	1676	3536121464
92012	1673	3536434463
92015	1762	3537189355
92019	1678	3537563876
92024	1705	3538399427
92025	855	3538412336
92026	1757	3538852316
92030	1732	3539672495
92032	1704	3540298859
92035	1709	3540632909
92038	1640	3540996050
92039	1677	3541504909
92042	1723	3542335334
92049	1766	3543430478
92073	1737	3551457067
92096	1732	3560061957
92108	1696	3562023044
92112	1710	3562382305
92116	1760	3563086681
92131	1707	3567916051
92134	1715	3568282786
92135	1702	3568293296
92150	1689	3570247750
92153	1691	3570842718
92162	1682	3572753380
92164	1738	3573107243
92180	1682	3578623760
92182	816	3578967216
92184	1666	3579476117
92185	1701	3579506049
92194	1714	3581084627
92196	1744	3581436840
92199	1730	3582065862
92204	1756	3583272808
92216	1735	3586408589
92222	1663	3588754234
92245	1740	3595897155
92270	1640	3604163948
92277	1687	3605875022
92301	1753	3610812477
92302	1709	3610889107
92318	1726	3617941962
92328	1694	3620316097
92338	1721	3622257886
92339	1690	3622347136
92347	1709	3624145078
92350	1720	3625003114
92353	1707	3625700399
92355	1723	3625785497
92359	1685	3627035983
92366	1748	3629308123
92369	1311	3630142407
92370	1778	3630191198
92371	1690	3630356333
92372	1679	3630772368
92379	1704	3633292377
92380	1671	3633316306
92389	1719	3636446572
92390	1706	3636521604
92392	1719	3637089189
92408	1723	3640301760
92409	1697	3640949828
92421	1680	3642447073
92423	1715	3642679258
92426	1738	3643104939
92428	1695	3644286969
92430	1715	3645443956
92447	1707	3649738451
92453	1349	3651634586
92454	1767	3651649152
92466	1713	3657030739
92497	1733	3664722188
92526	1697	3672650730
92545	1693	3679495904
92562	1748	3685737868
92571	1715	3687033558
92584	1763	3691757982
92604	1740	3698010107
92610	1670	3700109316
92618	1662	3701715615
92620	1691	3701895828
92621	1711	3702649451
92630	1736	3704209067
92639	1726	3705421278
92645	1719	3705919967
92655	1696	3709688240
92659	1270	3710701727
92682	1719	3718998492
92688	1679	3721067108
92695	1706	3722153549
92697	1699	3722979019
92703	849	3724013947
92715	1683	3726203575
92718	1718	3727000593
92723	1725	3727725435
92757	1731	3739228611
92763	1740	3740344783
92770	1709	3742529583
92772	1744	3743156014
92787	1705	3746322843
92806	1683	3750604525
92807	1742	3751004584
92813	1724	3752874953
92815	1670	3753461171
92828	1671	3758974710
92836	1715	3762328309
92839	1735	3763359269
92843	1726	3765623421
92845	1729	3765676139
92846	1718	3765994148
92848	1720	3766723807
92851	1684	3767114632
92857	1701	3768088826
92870	1654	3770728949
92915	1730	3783823716
92932	1733	3788049270
92938	1726	3788769415
92940	1689	3789009589
92942	1734	3789343901
92945	1138	3790144032
92963	1724	3793754796
92968	1720	3795199791
92986	1718	3797456647
92989	1722	3799879605
92996	1735	3802012766
93003	1684	3804490625
93005	1703	3805265223
93006	1733	3805345702
93007	1754	3805409647
93012	1702	3806683098
93014	1725	3807559432
93016	1749	3807714848
93019	1681	3808973898
93025	1712	3809736813
93045	1776	3814937615
93047	1696	3815305740
93048	1676	3815740869
93058	1599	3817709296
93062	1684	3820972757
93065	1679	3822001564
93073	1699	3824001902
93094	1739	3830514179
93098	1697	3831373182
93100	1709	3831625183
93127	1726	3838470946
93130	1745	3841190723
93133	1723	3841716201
93140	1765	3843360500
93146	1681	3844628843
93155	1756	3846775245
93156	1714	3846931149
93166	1680	3849978936
93181	1747	3853258552
93202	1740	3861967478
93206	1693	3862758691
93214	1652	3864837597
93215	1702	3865095075
93218	1723	3865464246
93222	1740	3865944783
93244	1686	3871022768
93245	1644	3871493628
93253	1717	3873434854
93256	1676	3874252177
93259	1715	3875398257
93303	1704	3892482406
93308	1702	3894366511
93329	1722	3899145571
93340	1717	3902778112
93350	1756	3906749735
93351	1738	3907126110
93363	1712	3908605248
93371	1676	3910389893
93372	1783	3910801362
93382	1747	3913406645
93391	1709	3917625633
93392	1642	3918396520
93403	1704	3920792398
93430	1643	3927398606
93437	1651	3929216939
93503	1663	3944944318
93511	1693	3947454547
93514	1739	3947723472
93526	1700	3952293971
93528	1698	3952484743
93531	1735	3953684265
93532	1693	3953730299
93542	1705	3957005911
93543	1714	3957160056
93553	1696	3960428835
93558	1723	3961032591
93568	1702	3965338093
93593	1679	3971872330
93597	1744	3972665067
93611	1684	3975406268
93621	1699	3978934890
93623	1694	3979404250
93624	1662	3980435164
93628	1675	3981524593
93629	1681	3982308413
93640	1743	3986271860
93641	1663	3986320108
93644	1684	3987105446
93647	1755	3988625935
93653	1667	3989817104
93658	1708	3991117969
93660	1672	3991267162
93664	1709	3992694039
93675	1728	3996410282
93689	1720	3999761502
93696	1709	4000584940
93697	1704	4001071403
93699	1684	4001546442
93710	1430	4003754638
93715	1694	4007005685
93720	1757	4007419610
93731	1717	4011782801
93733	1713	4012037841
93735	1701	4012409402
93743	606	4014568800
93757	1672	4018085707
93763	1694	4021313773
93770	1661	4023124511
93779	1749	4027496869
93786	1683	4029091694
93796	1688	4031618285
93803	1700	4033987164
93811	1681	4035459232
93812	1724	4036187372
93828	1666	4038567772
93830	1694	4038648994
93831	1748	4038720157
93853	1684	4043076169
93858	1765	4046275036
93871	1727	4049426880
93881	1684	4053698582
93882	1428	4053727449
93886	1714	4054148921
93889	1719	4054375581
93893	1698	4055044032
93894	1769	4055212240
93907	1713	4058062591
93916	1694	4059897029
93933	1697	4064583276
93947	1754	4069616589
93950	1737	4070244379
93954	1690	4071328714
93956	1740	4071430429
93972	1679	4075357557
93976	1732	4076136750
93981	1423	4077885901
93986	1711	4079322702
94010	1770	4088778798
94011	777	4088786275
94024	1698	4093116363
94029	1679	4094170400
94036	1687	4095504665
94040	1695	4096137113
94041	1680	4096226365
94054	1761	4100360381
94058	1698	4102439605
94061	1722	4103052851
94065	1738	4104022680
94073	1720	4108691176
94075	1756	4108945688
94077	1754	4110162700
94079	1768	4110264102
94095	1661	4114868824
94110	1678	4120993668
94137	1721	4129963810
94147	1763	4132504290
94149	1706	4133041851
94159	1704	4136389161
94164	1770	4137423250
94179	1658	4140507221
94183	705	4141103462
94189	1714	4141774052
94192	1701	4143989285
94196	1780	4144712421
94198	1695	4145535930
94200	1732	4146179887
94201	1721	4146211842
94219	1638	4154138356
94232	1712	4159462398
94251	1681	4163818820
94262	1719	4167048907
94268	1729	4170613726
94269	1639	4171062195
94270	1757	4171715516
94274	1721	4172448487
94300	1741	4180473522
94311	1758	4183128341
94321	1747	4185115995
94334	1683	4190274831
94339	1741	4191840046
94345	1713	4194758726
94347	1755	4195624600
94351	1694	4197361092
94354	1754	4198295430
94361	1742	4201102512
94362	1756	4201261617
94369	1709	4204435047
94381	1659	4207810119
94384	1725	4208505090
94394	1719	4212635457
94401	1684	4213799780
94409	1716	4217351089
94420	1690	4218937209
94421	1715	4219579987
94424	816	4220481056
94434	1715	4221584287
94447	1690	4224817259
94452	1743	4226259666
94457	1689	4227210342
94461	806	4227789082
94468	1670	4231236508
94477	1717	4232312646
94481	1677	4233207644
94499	1681	4237695144
94500	1657	4237834535
94507	1702	4239538758
94509	1647	4239754286
94516	1705	4242255058
94517	1662	4243983960
94525	1727	4246047126
94530	1691	4246894353
94553	1788	4253815003
94582	1679	4261273365
94592	1693	4262977669
94594	1732	4263763075
94598	1693	4264783839
94599	1726	4265554688
94606	1712	4266960359
94622	1694	4273232478
94623	1727	4273292736
94625	1711	4273835409
94629	1737	4275103059
94640	1706	4278088350
94649	1663	4280106479
94653	1732	4282550111
94657	1742	4283394493
94665	1767	4285677610
94674	1769	4288941515
94679	1690	4290356403
94695	1729	1837526
94710	1662	4769620
94723	1707	8448546
94733	1735	10609704
94735	1672	11326922
94739	1697	12411540
94756	1703	16348846
94760	1735	19954101
94773	1717	23428374
94774	1776	23865559
94778	1706	25248391
94783	1692	26510511
94786	1718	27384297
94787	1692	27670781
94801	1672	31280813
94811	1691	34638562
94815	1708	34910163
94837	1702	43988897
94844	1698	45544642
94845	1687	46023651
94862	1723	51059253
94869	1732	54123492
94871	1681	54404343
94888	1705	60309008
94912	1688	69232393
94914	1753	69477638
94920	1711	71433953
94923	1724	72432446
94925	1751	73269760
94927	1754	74216774
94931	1692	75443243
94947	1728	81635124
94959	1659	87575036
94963	1668	88957510
94968	1691	89885874
94973	1667	91276928
94978	1721	92324075
94979	1725	93012993
94991	1685	95731774
94993	1754	96371725
94998	1730	100036700
95003	1666	101411535
95011	1696	104748127
95014	1437	105544484
95026	1704	109416093
95031	1641	110466014
95036	1762	111009433
95039	1703	111692160
95054	1757	113668620
95057	1694	114361639
95062	1670	115908227
95066	1692	116758328
95069	1704	117338855
95084	1738	123267895
95093	1737	125325930
95094	1756	125499073
95098	1667	127968983
95103	1707	128620829
95108	1677	130504427
95111	1726	130710410
95112	1743	131093784
95121	1676	134837603
95130	934	136132567
95135	1742	137642453
95138	1718	140950292
95147	1694	143039308
95148	1764	143395899
95149	1719	143928211
95153	1707	144686203
95155	1701	145006883
95162	1725	147785467
95175	1702	150911333
95182	1705	152816477
95184	1655	153046855
95203	1728	161154894
95208	1717	162354372
95220	1656	165329102
95230	1679	167604572
95232	1512	167759720
95233	1738	167821324
95235	1746	168048763
95249	1743	171902349
95253	1689	174738393
95261	1664	178098006
95271	1731	181997915
95278	1678	183036484
95279	1676	183310442
95298	1722	187603311
95311	1734	190982195
95330	1649	198454568
95335	1700	202032768
95349	1768	206364657
95356	1723	208157893
95373	1696	210773568
95380	1684	211390330
95381	1706	211562467
95385	1781	212998762
95390	1752	214119063
95393	1746	214854780
95405	1660	218027584
95413	1711	222627417
95419	1724	223835522
95428	1742	225842080
95433	1722	226855274
95436	1659	227535533
95444	1723	229798928
95451	1677	232132556
95456	1686	233605132
95468	1705	238325421
95470	1743	238384841
95474	1694	238753485
95498	1714	246211697
95524	1722	253253692
95535	1763	254711873
95572	1747	265687311
95573	1705	265749507
95583	1723	268426671
95585	1729	268892704
95586	1726	268959872
95601	1759	273018261
95602	1704	273594247
95603	1480	273678213
95610	1746	275013926
95625	1657	280051303
95634	1737	283870307
95636	594	285648085
95649	1697	289317082
95653	1766	291095346
95654	1713	291165776
95656	1748	291337931
95658	1721	291682384
95659	1710	291819805
95666	1695	293780766
95671	1742	294306553
95699	1680	300874029
95705	1768	304833380
95707	1704	305305400
95711	1714	306400633
95714	1763	306863371
95727	1709	310199374
95740	1716	313373288
95756	1735	317021974
95761	1695	318666014
95763	1713	318722754
95765	1678	318906072
95766	1695	319003143
95767	1718	319320644
95769	1711	320478896
95775	1702	321582807
95776	1712	322519801
95782	1741	325305894
95784	1729	325651337
95797	1727	330903130
95800	1695	331895049
95820	1702	336818730
95831	1741	338953024
95836	1704	340177128
95837	1684	340552503
95841	1741	342246573
95843	1721	344906838
95850	1707	346311801
95857	1729	348946759
95858	1711	349087039
95862	1729	350520922
95867	1680	351600181
95876	1691	354101643
95910	1096	367356089
95914	1782	367947739
95921	1733	370508416
95946	1717	378154857
95953	1724	379647675
95979	1675	389824996
95982	1706	390221215
96003	1752	396857648
96006	1683	397249161
96007	1712	397258111
96008	1712	397330975
96010	1728	398533862
96021	1687	400840115
96026	1697	401386665
96027	1685	401416263
96028	1700	401619804
96030	1728	402070187
96038	1726	403034001
96042	1692	406258533
96050	1736	408106182
96058	1696	409946675
96067	1713	411412241
96074	1686	413303875
96078	1711	415366366
96086	1721	416938567
96091	1698	418008014
96098	1725	419898294
96099	1656	420263580
96101	1737	423225196
96102	1685	423237522
96110	1749	426582133
96111	1692	426958204
96113	1747	427340491
96122	1662	428517337
96131	1680	430895225
96134	1743	431282989
96135	1679	431322113
96140	1767	432907018
96141	1709	433272625
96149	1713	437207612
96152	1724	438749695
96170	1704	443289987
96172	1716	443687986
96185	1723	447943499
96194	1726	450010978
96200	1739	451490475
96202	1718	451762434
96209	1712	453288548
96218	1719	455971213
96221	1687	456807537
96230	1669	459660509
96233	1687	459816076
96248	1682	468551448
96265	1695	474024518
96272	1699	477284874
96278	1679	478037907
96281	1674	478345566
96290	1723	481031927
96294	1185	481531571
96325	1694	493228967
96326	1761	493263255
96333	1723	495273368
96347	1689	498247844
96350	1686	498768810
96351	1717	498838566
96354	1709	500745947
96369	1744	504610768
96389	1737	512135767
96392	1694	513602449
96398	1737	514669385
96413	1724	519875438
96423	1743	521906154
96424	1727	522010424
96433	1394	525309895
96437	1674	525995108
96465	1661	535850685
96485	1760	540203988
96491	1755	541669620
96507	1720	546075386
96508	1686	546524508
96520	1668	551413460
96539	1713	556626864
96555	1721	561435212
96563	1747	564454066
96567	1648	565704582
96595	1694	577129578
96597	1747	577376892
96608	1690	578897393
96610	1727	579027231
96622	1713	581938423
96623	1722	582122569
96624	1727	582387281
96630	1733	583942575
96634	1694	585207363
96641	1673	586992863
96646	1762	588183489
96657	1724	594589555
96659	1673	595873065
96691	1692	604123926
96703	1754	606954729
96706	1740	607574154
96710	1690	607959004
96724	1725	610228806
96733	1712	614918227
96751	1724	619787078
96761	1634	624119382
96771	1640	627690667
96775	1735	629878147
96785	1660	634798041
96797	1695	637104174
96805	1747	640116908
96810	1667	641262644
96811	1741	641597563
96824	1743	645653029
96825	1753	645860124
96832	1687	648557321
96845	1667	650687089
96859	1780	655866743
96866	1740	657868223
96869	1717	658415453
96883	1686	663432761
96886	1720	663699375
96890	1761	665253858
96891	1711	665383879
96894	1709	665610266
96902	1748	667179929
96906	1740	668590231
96908	1708	669432442
96916	1721	671318139
96930	1739	676866953
96938	1710	679328552
96939	1696	679554110
96940	1716	679821004
96942	1652	681213834
96943	1710	681321723
96950	1690	682424667
96952	1748	682758517
96957	1712	683698211
96958	1720	684072904
96969	1704	687014052
96978	1721	688826022
96981	1756	689520158
96986	1741	690435046
96996	1655	695510536
96998	1693	696076385
96999	1716	696199647
97010	1703	697936960
97018	1665	699942225
97019	1695	700004682
97023	1683	700745742
97030	1744	702157703
97032	1750	702254896
97037	977	703608020
97049	1718	705809825
97055	1677	706485646
97067	1712	709486431
97088	1647	716254413
97097	681	718876824
97108	1705	722701007
97139	1708	732444878
97141	1717	732948077
97142	1687	733164524
97151	1738	737567855
97172	1701	743886030
97175	1715	744329748
97187	1774	748094450
97202	1726	753287385
97210	1696	755126101
97214	1678	757590331
97237	1675	762418764
97242	1721	763354182
97249	1715	765481733
97253	1651	766782654
97256	1751	766863190
97263	1629	768659128
97275	1695	771267673
97277	1736	771506141
97282	1734	774089407
97290	1758	778061611
97293	1690	778287427
97294	1731	778424053
97297	1718	779099947
97318	1705	783734093
97325	1664	784564872
97329	1708	785769061
97335	1724	786681386
97355	1682	791305979
97358	1697	792010634
97368	1708	793133193
97374	1705	798778017
97376	1686	799516788
97380	1683	800367595
97382	1739	801087263
97385	1721	801514869
97386	1707	801717980
97393	1710	802509813
97394	1675	802533424
97395	1727	803811104
97396	1725	803921734
97420	1751	810196922
97442	1720	818933779
97454	1698	824348937
97462	1688	826108914
97466	1698	826903581
97469	1702	827226264
97472	1669	828638552
97473	1703	829264239
97504	1697	839359408
97524	1738	845986814
97526	1692	846148368
97529	1670	846448323
97534	1686	848064006
97553	1755	854186980
97558	1645	858409969
97571	1724	862194460
97575	1707	863655316
97579	1340	865122004
97581	1713	865961150
97586	1734	866949655
97587	1644	867516691
97613	1876	874266121
97619	1694	876299492
97628	1692	880088534
97632	1700	881630967
97633	1214	881703550
97641	1676	884674191
97657	1715	890860422
97672	1725	892738372
97690	1719	899850567
97691	1694	899929951
97697	1718	901459331
97698	1688	901836850
97713	1659	906243625
97753	1748	916132425
97762	1737	919868195
97765	1646	920798177
97778	1701	924152120
97782	1701	926752042
97787	1740	928392323
97789	1676	928701817
97793	1756	928856160
97795	1708	929475293
97800	1767	930550240
97803	1663	931259087
97809	1719	934661511
97812	1710	935328752
97834	1750	943662913
97839	1742	946266269
97842	1751	946534157
97856	1722	949121962
97860	1720	949704908
97871	1738	953116659
97872	1726	954032082
97877	1702	955106192
97880	1721	956335860
97884	1714	957012444
97889	1727	958984136
97913	1712	968484634
97917	1653	970426045
97919	1763	971978425
97923	1665	972665935
97928	1739	973426339
97931	1717	974933582
97935	1735	975035860
97938	1747	975971495
97945	1673	977926640
97951	1720	979023385
97960	1647	982278859
97964	1706	983233356
97972	1688	984918856
97976	1160	986449292
97980	1674	987518295
97983	1730	988539433
97990	1698	991085501
97992	1704	992622169
98000	1714	994988940
98012	1713	996740850
98017	1748	997467679
98020	1758	997782169
98028	1654	999560457
98031	1748	1002297442
98035	1721	1003195644
98044	1693	1005639429
98045	1759	1005900336
98053	1710	1008152596
98054	1754	1008459559
98055	1719	1008702567
98058	1695	1009366282
98059	1698	1009779734
98060	1736	1010315736
98077	611	1015277713
98082	1734	1016069539
98084	1733	1016735175
98085	1706	1016919026
98090	1758	1018018420
98101	1712	1022902496
98102	1720	1023113112
98108	1728	1024450484
98132	1711	1033695027
98141	1696	1036687311
98149	1726	1039667611
98151	1709	1040061265
98152	1731	1040360770
98156	1774	1043772793
98158	1713	1044082009
98163	1715	1045254803
98166	1763	1045683044
98171	1717	1046547243
98186	1740	1050645359
98188	1764	1052076331
98193	1760	1054739753
98197	1682	1055575440
98198	1672	1055798449
98240	1699	1068693235
98249	1680	1071760846
98250	1702	1071913039
98266	1754	1076394093
98278	1723	1080748545
98281	1712	1081341806
98285	1711	1084628043
98288	1691	1084964768
98290	1735	1085287906
98306	1758	1089582038
98311	1765	1091948822
98313	1691	1092442893
98314	1699	1092478140
98330	1725	1095895725
98352	1729	1100111624
98354	1682	1100569164
98357	1766	1101151022
98362	1760	1104734260
98375	1739	1107653076
98385	1683	1110068686
98397	1732	1112800078
98401	1679	1113322346
98408	1746	1114934114
98410	1681	1114951333
98413	1723	1116234716
98424	1697	1119650329
98438	1676	1123181106
98439	1705	1123373739
98462	1740	1130471277
98476	1649	1133801128
98497	1749	1139661338
98498	1742	1139877697
98501	1700	1141713721
98517	1739	1147922468
98532	1757	1151548691
98542	1725	1155277399
98544	1764	1156950746
98548	1739	1157892785
98561	1727	1160696275
98575	1722	1164534826
98577	1765	1164712454
98580	1695	1167368300
98583	1696	1167643491
98584	1687	1167653913
98588	1661	1168743564
98592	1686	1169621565
98601	1716	1174391395
98603	1774	1174945663
98615	1715	1176195340
98616	1733	1176330072
98618	1732	1177429374
98624	1740	1178692161
98629	1659	1180383008
98631	1717	1180514284
98638	1716	1184208559
98645	1701	1188225668
98648	1716	1188560351
98651	1657	1188814555
98652	1691	1189392015
98659	1693	1193084729
98686	1711	1200963567
98688	876	1201138378
98694	1706	1203616684
98706	1682	1208825663
98716	1756	1212279108
98724	1706	1215976742
98729	1706	1217249131
98733	1711	1218487443
98742	1625	1220660372
98749	1703	1222900028
98761	1747	1225671841
98766	1708	1228433940
98770	1729	1229404511
98771	1744	1229543371
98780	1756	1232476792
98781	1749	1232654694
98784	1720	1232979370
98787	1714	1233420000
98797	1737	1237067387
98800	1730	1238634366
98822	1759	1245343526
98823	1760	1245385298
98825	1687	1245714318
98827	1758	1246772685
98837	1819	1250782081
98844	1764	1252919808
98845	1611	1252982136
98854	1684	1255966444
98864	1745	1258342408
98868	1700	1258848283
98872	1689	1260565681
98873	1699	1260939004
98886	1706	1263329405
98906	1742	1270185310
98920	1765	1274083432
98930	1710	1276962205
98932	846	1278348341
98935	1703	1278890598
98940	1302	1280632919
98943	1712	1281290653
98945	1743	1281728556
98956	1697	1283461754
98957	1684	1283472940
98962	1728	1284682567
98971	1758	1286641943
98978	1741	1291503403
98980	1736	1292668246
98985	1671	1294092360
98987	1775	1295380241
99007	1657	1300999129
99017	1680	1303720484
99022	1688	1305683479
99033	1764	1311083549
99040	1692	1312144134
99051	1720	1314801737
99057	1763	1316035430
99063	1722	1317332698
99066	1748	1318289660
99093	1703	1322983676
99095	1716	1323556331
99102	1697	1326189339
99112	1678	1331708146
99116	1751	1333523817
99131	1771	1338219061
99132	1685	1338396708
99133	1733	1338435699
99136	1711	1339485660
99137	1724	1339579089
99142	1751	1342429430
99149	1668	1345138379
99152	1654	1345379714
99154	1732	1346746207
99160	1686	1348199318
99161	1744	1348402413
99166	1731	1349397290
99177	1718	1354573206
99179	1736	1354713761
99185	1688	1356830733
99186	1713	1356933713
99206	1688	1364819848
99214	1733	1367515234
99220	1744	1368963885
99226	1687	1372375592
99227	1682	1372384368
99237	1713	1374147506
99239	1688	1374729246
99241	1714	1375412358
99255	1707	1380060651
99262	1718	1380741543
99277	1676	1384664891
99291	1757	1387567650
99306	1672	1394915149
99309	1740	1396643809
99320	1725	1400363175
99322	1691	1401385248
99328	1757	1403856175
99332	1741	1405625744
99333	1668	1405730057
99335	1707	1406309166
99350	1763	1408937082
99359	706	1412561507
99371	1737	1415864851
99383	1670	1418336823
99390	1710	1420745886
99403	1750	1424351910
99405	1731	1424512257
99406	1736	1425111133
99409	1725	1425673646
99412	1688	1426683108
99422	1737	1428434995
99442	1749	1436486277
99444	1738	1436852360
99447	1726	1437924373
99457	1727	1439937299
99466	1662	1442378084
99470	1735	1443222903
99478	1689	1445571051
99482	1696	1446336333
99510	1704	1455712846
99522	1694	1458403160
99525	1692	1459667144
99526	1722	1459674028
99543	1694	1465378471
99556	1701	1469765426
99563	1700	1473602482
99567	1768	1474890525
99588	1677	1481312100
99589	1678	1481874549
99594	1656	1484158951
99605	1731	1486215236
99614	1738	1487747560
99618	1725	1488420988
99628	1681	1493728505
99635	1691	1495043739
99636	1727	1495711669
99647	1775	1498274255
99667	1732	1503389532
99677	1754	1507253019
99687	1754	1511312788
99692	1762	1515498303
99703	1685	1517069921
99704	1689	1517258666
99707	1722	1517849942
99709	1755	1518219083
99712	1748	1519104263
99726	1719	1522228952
99746	1695	1527697089
99749	1744	1528040929
99753	1698	1529000377
99756	1709	1529310414
99759	1173	1530055815
99762	1673	1530684321
99765	1734	1531147171
99776	1652	1536014760
99788	1707	1538641629
99793	1701	1539358477
99795	1690	1539793976
99801	1709	1541281137
99816	1682	1547841872
99822	1701	1550541380
99829	1687	1552130950
99834	1714	1553049366
99843	1699	1556971692
99850	1722	1558371187
99861	1751	1559806129
99862	1656	1560166358
99870	1712	1561931712
99885	1680	1566614991
99891	1660	1568137385
99900	1699	1570376469
99907	1728	1572759800
99908	1710	1573076629
99918	1751	1577077715
99928	1729	1578636343
99935	1704	1580446275
99951	1711	1586303455
99964	1722	1591895691
99982	1691	1596974869
99996	1725	1599027274
100002	1714	1600125694
100013	1737	1602235604
100017	1694	1603450357
100020	1734	1604025014
100025	1684	1604729294
100030	1724	1605993286
100033	1710	1606560599
100045	1707	1610928692
100052	1353	1612259347
100085	1704	1623052552
100086	1675	1623093747
100090	1715	1623389974
100091	1718	1623419855
100096	1678	1624076994
100100	1378	1624910146
100108	1741	1627371355
100122	1717	1632994372
100138	1657	1638951132
100141	1735	1639636226
100146	1689	1640356586
100148	1733	1641501933
100170	1695	1646705619
100171	1700	1646743493
100183	1741	1649728956
100190	1709	1652102035
100201	1703	1655594114
100205	1712	1659994241
100208	1718	1660795829
100209	1709	1661038012
100210	1681	1661225212
100215	1740	1662686616
100216	1697	1663621069
100231	1697	1668265976
100232	1666	1668425878
100239	1746	1670477231
100257	1686	1676699181
100260	1735	1680374398
100267	1660	1682574890
100292	1703	1688626364
100293	1666	1688694091
100300	1687	1691689667
100309	1725	1696386728
100325	1748	1702981117
100331	1736	1704655858
100336	1715	1705329970
100340	1763	1706358941
100355	1701	1712620272
100369	1716	1716400477
100380	1712	1718827346
100395	1730	1723411475
100410	1703	1727348214
100411	1699	1727416014
100416	1675	1728602620
100419	1081	1730086290
100420	1744	1730116249
100422	1713	1731110438
100434	1670	1734734886
100436	1693	1735790428
100437	1666	1735801588
100449	1765	1740252567
100454	1655	1743096708
100464	1670	1747075311
100471	1767	1748679269
100472	1670	1748997195
100505	1682	1758039113
100511	1698	1760812783
100520	1663	1764627488
100532	1674	1768032857
100534	1674	1768708420
100548	1753	1774733432
100553	1697	1775620983
100561	700	1778328553
100567	1700	1779632114
100569	1649	1780056457
100577	1719	1784980738
100580	1727	1785466967
100581	1731	1785743022
100593	1689	1788172450
100609	1720	1791878134
100613	1698	1793340411
100617	1708	1794745071
100633	1729	1799433854
100641	1733	1801247948
100643	1732	1803414919
100662	1729	1807012562
100664	1713	1807749479
100668	1695	1809183903
100676	1669	1811214040
100688	1685	1813869582
100694	1727	1815119934
100695	1750	1815685629
100707	1699	1817600026
100718	1722	1820980515
100723	1751	1821583999
100730	1742	1825704739
100744	1688	1829347900
100748	1799	1830484593
100760	1686	1833474636
100776	1687	1837041468
100798	1757	1844588419
100814	1679	1848064504
100815	1731	1848379730
100824	1727	1850678551
100841	1725	1855461684
100855	1756	1858307170
100868	1736	1862175709
100873	1734	1864955965
100883	1723	1868336882
100889	1696	1869518034
100902	1733	1871728843
100905	1693	1872663027
100907	1674	1872788388
100911	1689	1873467168
100926	1737	1878127602
100928	1720	1878967906
100938	1676	1881536263
100949	1732	1887042519
100950	1731	1887081532
100952	1670	1888169816
100953	1732	1888363685
100960	1712	1890863209
100968	1717	1893385611
100973	1023	1894700912
100978	1696	1895662254
100981	1703	1896524649
100995	1673	1899377366
100996	1713	1899682677
101009	1732	1905632202
101019	1745	1909981266
101024	1728	1913024723
101032	1700	1916098862
101036	1742	1916503687
101048	1735	1921036346
101068	1683	1929022438
101072	1695	1930367844
101081	1727	1936000103
101085	1741	1937144660
101086	1768	1937444839
101090	1698	1938218177
101095	1682	1941085161
101097	1685	1941437366
101112	1704	1948194943
101115	1681	1948947777
101125	1710	1952218259
101126	1675	1952304273
101128	1723	1952441880
101131	1758	1954515399
101168	1718	1964344754
101186	1703	1971622081
101190	1651	1973273088
101193	1680	1974763287
101205	1688	1979220970
101208	1690	1980062903
101212	1673	1980497733
101213	1722	1981090975
101215	1701	1981619341
101216	1707	1981631960
101220	1735	1982801691
101224	1686	1984999431
101231	1685	1987802832
101235	1706	1989399654
101238	1701	1989638361
101260	1706	1994628671
101267	1711	1997630426
101269	1705	1997710272
101273	1677	1998639537
101288	1719	2003309042
101298	1714	2005815808
101303	1728	2009084194
101318	1722	2013752316
101320	1745	2013999537
101329	1758	2015345497
101334	1745	2016966867
101349	1664	2020027499
101367	1668	2030432383
101371	1710	2031393317
101373	1724	2032033074
101380	1678	2034080491
101382	1716	2035768574
101386	1735	2036666777
101389	1752	2037469673
101391	1737	2037966780
101423	1701	2047039779
101427	1680	2050918080
101442	1778	2053709524
101444	1760	2054624229
101459	1563	2056707553
101471	1729	2060597550
101481	1681	2064106780
101491	1741	2066369256
101505	1735	2071511112
101507	1675	2072267412
101511	1691	2073667876
101531	1708	2079032148
101538	1701	2080759134
101539	1670	2080795338
101558	1745	2087909571
101569	1709	2092682694
101593	1661	2098902118
101596	1721	2100390105
101598	1668	2101209219
101610	1736	2105153215
101627	1678	2109199578
101628	1714	2109371974
101629	1673	2111265778
101633	1677	2112631358
101644	1715	2116883558
101645	1726	2117210071
101649	1695	2117637689
101655	1700	2118922434
101656	1686	2119028304
101677	1683	2124402440
101678	1705	2124630780
101701	1710	2133065247
101707	1692	2134677227
101714	1690	2135888495
101716	1626	2136623004
101719	1656	2137760427
101725	1714	2138282961
101734	1737	2140380286
101735	1689	2140745301
101738	1711	2141156866
101739	1703	2141167420
101744	1738	2142321617
101746	1735	2143438005
101762	1756	2148466677
101765	1730	2149659483
101775	1686	2152166047
101783	1788	2155011156
101786	1684	2155808171
101790	1698	2157218225
101810	1716	2163859637
101813	1713	2165187355
101818	1742	2166728127
101838	1678	2173608529
101843	1703	2174617523
101845	1704	2175042809
101848	1733	2175239917
101851	1723	2176029329
101853	1763	2176406898
101872	1710	2180890525
101874	1720	2181419620
101878	1731	2182091519
101892	1727	2186673189
101893	1714	2186756925
101895	1730	2187410900
101921	1679	2194955564
101933	1746	2197508093
101949	1720	2202318841
101958	1530	2203778898
101963	1726	2204590056
101964	1691	2204942464
101971	1714	2207753695
101973	1740	2208223234
101980	1693	2209937393
101987	1700	2214019630
101991	1689	2215418090
101994	1715	2215822581
102005	1694	2219585287
102015	1738	2224257337
102017	1711	2225060893
102033	1776	2235532334
102035	1722	2236631594
102041	1731	2239208817
102058	1744	2245631955
102061	1683	2246444102
102076	1737	2250360930
102078	1712	2254332854
102085	1682	2255445682
102092	1738	2257623868
102095	1763	2257896113
102101	903	2259690883
102114	1686	2265048228
102124	1680	2269080553
102139	1718	2274081502
102148	1678	2277563434
102198	1721	2294019841
102202	1680	2294499779
102213	1705	2297108225
102220	1681	2298633249
102226	1746	2300424074
102229	1689	2301983049
102231	1690	2302674608
102235	1736	2304391969
102238	1697	2305529411
102246	1713	2309232633
102268	1721	2319847539
102271	1698	2320194163
102274	1670	2320356042
102276	1737	2322028504
102279	778	2322996749
102286	1710	2327139620
102291	1695	2329492545
102312	1703	2336765629
102323	1738	2339358322
102328	1726	2340463810
102329	1716	2340658327
102339	1717	2344698460
102341	1728	2344916645
102348	1695	2347422347
102353	1686	2348163974
102371	1753	2354669287
102374	1746	2355681605
102375	1668	2355685058
102384	1699	2357241156
102391	1748	2359530586
102396	1756	2360645423
102402	1788	2362392522
102403	1718	2362722813
102423	1694	2368462371
102430	1712	2369625284
102432	1728	2370614520
102435	1691	2371194996
102438	1723	2371616254
102444	1762	2372422894
102445	1666	2372591091
102476	1727	2380970050
102494	1687	2385002775
102495	1575	2385946832
102496	1704	2385959961
102500	1759	2387037731
102503	1702	2387603161
102506	1742	2389080482
102508	1721	2389598995
102534	1713	2400134846
102538	1696	2401489577
102550	1682	2403953573
102560	1725	2406233035
102562	1694	2407663470
102584	1664	2413335706
102639	1699	2430598413
102640	1707	2430836741
102648	1741	2433867994
102651	1658	2434593714
102653	1692	2437918907
102655	1746	2438534587
102663	1694	2440216043
102705	1678	2453074444
102708	1672	2457241371
102726	1680	2460749680
102731	1748	2462743797
102741	1673	2465416832
102744	1592	2466199290
102748	1675	2467049484
102753	1745	2468540246
102757	1673	2470292347
102774	1402	2474200162
102778	1648	2475573247
102790	1747	2479605519
102796	1711	2480365180
102817	1738	2485057861
102818	1748	2485230035
102820	1720	2485687605
102831	1738	2487269948
102834	1678	2487731515
102836	1727	2488655698
102837	1726	2489141454
102843	1694	2491735693
102848	1731	2492655844
102850	1752	2492937987
102863	1702	2499982456
102868	1722	2500931676
102873	1746	2502365767
102882	1729	2505290960
102887	1684	2505856310
102901	1739	2510087729
102906	1691	2511067999
102909	1646	2512442459
102913	1691	2513953630
102928	1681	2516250167
102931	1719	2518318115
102934	1679	2519692657
102957	1710	2525890055
102964	1699	2528030378
102967	1687	2528473541
102977	1706	2530813112
102984	1751	2532523516
102989	1689	2533914439
103004	1674	2540908886
103010	1699	2541948068
103016	1737	2543693184
103019	1663	2544647310
103024	1680	2546511790
103027	973	2546915492
103096	1701	2570116497
103100	1753	2571340179
103103	1716	2572576101
103104	1760	2573182232
103108	1679	2573601862
103127	1752	2580229431
103142	1177	2583632556
103152	1715	2586833291
103158	1732	2587703171
103172	1665	2591297721
103173	1770	2591468586
103177	1737	2592425600
103178	1656	2593118192
103184	1704	2595163881
103187	1712	2595980475
103197	1640	2602512152
103204	1676	2603928740
103218	1710	2608484368
103227	1676	2610167418
103243	1732	2612932026
103255	1675	2619616180
103258	1694	2620685926
103265	1655	2621602565
103272	1654	2623636932
103287	1721	2628447883
103288	1723	2628491188
103291	1658	2629869922
103292	813	2629962350
103296	1756	2631363867
103297	1710	2631667879
103300	1696	2632528730
103302	1716	2633739560
103303	1752	2633895944
103307	1742	2635334507
103316	1707	2639641478
103318	1755	2640973629
103319	1656	2641977832
103324	1496	2643728762
103327	1716	2644183037
103330	1656	2646339863
103338	1701	2648492221
103339	1715	2648646055
103343	1703	2649262518
103347	1683	2650955022
103354	1763	2654498937
103362	1708	2656432149
103371	1740	2660708774
103372	1702	2661186344
103381	1720	2663646254
103387	1726	2665951723
103388	1716	2666010587
103389	1718	2666564296
103433	1657	2685230202
103442	1702	2688484822
103445	596	2688795781
103447	1740	2689432696
103452	1730	2691009621
103456	1774	2692794189
103468	1697	2698223229
103482	1665	2704171174
103486	1563	2705243635
103498	1689	2708892564
103501	1678	2710615578
103503	627	2711538939
103507	1730	2712282620
103515	1742	2715674187
103516	1699	2715790893
103533	1717	2721529075
103564	1698	2732824093
103570	1690	2734753412
103583	1688	2738646488
103589	1657	2741517895
103591	1685	2741928058
103592	1713	2742172460
103625	1715	2749703931
103630	1720	2751887068
103631	1726	2752298519
103643	1704	2756461422
103644	1733	2756938707
103646	1666	2757884803
103657	1728	2759552776
103661	1764	2762251461
103662	1737	2762602608
103666	1162	2763824700
103667	1681	2763938669
103674	1713	2766752967
103679	1750	2768203114
103683	1673	2769438390
103691	1725	2771551200
103700	1766	2775782652
103704	1700	2777178187
103712	1317	2779414536
103714	1689	2779740927
103720	1705	2783271477
103725	1689	2784091433
103730	1714	2785715972
103766	1743	2798270258
103771	1668	2801829933
103780	1730	2804687292
103782	1693	2805209108
103790	1721	2807727577
103800	1778	2809853227
103823	1707	2816745086
103825	1700	2817196510
103826	1713	2818848261
103831	1736	2819553456
103841	1691	2824146183
103842	1729	2824811673
103844	1747	2825198968
103852	1656	2829251343
103853	1693	2829864572
103863	1719	2832076845
103891	1660	2839550785
103893	1745	2839773151
103903	1740	2846510568
103911	1750	2850180589
103916	1759	2850892576
103922	1724	2852202651
103933	1717	2856124884
103934	1715	2856187753
103939	1699	2857393692
103945	1678	2858112370
103969	1682	2868476543
103977	1685	2871499346
104000	1694	2877897377
104009	1746	2881937319
104018	1685	2887248401
104022	1693	2888322195
104047	684	2893652944
104052	1691	2894939090
104081	1707	2901135123
104110	1729	2909914054
104111	1792	2910595959
104113	1764	2911220693
104116	1735	2912077627
104117	1690	2912143609
104123	1686	2914205489
104140	1687	2919710897
104142	1716	2920373512
104148	1662	2922275193
104157	1709	2926177534
104163	1723	2927212065
104166	1749	2928554823
104179	1706	2934516029
104212	1728	2946018692
104214	1687	2946139750
104217	1724	2947756211
104230	1710	2950967225
104240	1676	2955962095
104245	1734	2957743300
104248	1732	2958248830
104261	1719	2961943817
104273	1660	2964633782
104274	1744	2966526202
104285	1672	2969906882
104286	1714	2970440785
104293	1718	2972962483
104307	1735	2977400468
104308	1703	2977605736
104310	1709	2978126024
104315	1713	2979830328
104319	1692	2981385487
104329	1702	2983207493
104334	1756	2984515174
104339	1730	2987552310
104343	1721	2987926759
104345	1687	2989071577
104346	1738	2989132676
104348	1722	2989954590
104355	1707	2990906868
104371	1692	2994674576
104373	1737	2995017996
104379	1718	2996218542
104381	1705	2997275935
104382	1705	2997382297
104387	1692	2999579556
104396	1649	3002578760
104414	1712	3008190653
104429	1717	3012684594
104433	1707	3014979903
104461	1673	3022130092
104483	1677	3029724629
104493	1674	3033150507
104496	1695	3034004901
104497	1480	3034031717
104500	1706	3034746350
104503	1732	3035852983
104510	1724	3038285292
104525	1701	3041739644
104527	1758	3042806886
104538	1697	3049227535
104542	1704	3050355525
104547	1710	3051385127
104562	1697	3055250011
104563	1683	3056110002
104565	1675	3056523136
104571	1672	3057671335
104579	1674	3059850823
104582	1750	3060691005
104583	1769	3061008218
104585	1706	3061370766
104586	1735	3061665492
104595	1661	3063826779
104599	1717	3064819804
104604	1720	3068929458
104610	1717	3069756498
104611	1707	3070194451
104631	1676	3074267065
104649	1675	3080290317
104654	1076	3081013772
104661	1676	3082686546
104664	1680	3083046516
104665	1719	3083315173
104676	1732	3085591010
104687	1668	3092143119
104706	1734	3095919391
104716	1689	3099507590
104737	1664	3103820939
104753	1744	3109391318
104760	1709	3111090103
104761	1681	3111293304
104767	1762	3113689398
104771	1729	3114649959
104774	1678	3115760802
104793	1700	3122796960
104806	1719	3126749831
104810	1712	3129762197
104817	1783	3133333955
104841	1746	3139437343
104842	1713	3139837132
104859	1708	3144111470
104877	1696	3151312319
104885	1707	3153645547
104887	1680	3154042664
104889	1731	3154320171
104891	1702	3154446763
104899	1700	3157313351
104906	1001	3160295145
104909	1686	3160758292
104914	1683	3162533741
104916	1724	3162764689
104925	1666	3165698229
104926	1741	3166125506
104927	1721	3166289997
104929	1686	3166682719
104938	1706	3170953069
104944	1728	3172658600
104955	1671	3174895788
104956	1701	3175075973
104959	1289	3175671519
104962	1742	3177976432
104968	1743	3180602345
104988	1703	3186667215
105004	1728	3191816011
105005	1737	3192064321
105006	1730	3192204950
105012	1665	3193494735
105013	1705	3193553688
105014	1691	3194113235
105024	1727	3196401112
105030	1762	3198077490
105061	1673	3211216213
105065	1665	3212334089
105071	1656	3213049188
105078	1756	3215011016
105080	1692	3215233270
105083	1715	3215631461
105088	1711	3218051198
105093	1717	3219139208
105098	1736	3220961725
105102	1710	3221568683
105106	1732	3222174017
105111	1410	3223292684
105112	1750	3223479656
105116	1725	3224763256
105117	1726	3225657150
105119	1716	3225776110
105136	1586	3233004502
105140	1701	3234310049
105149	1762	3236733631
105151	1732	3238059938
105161	1736	3241074931
105163	1715	3241266736
105165	1660	3242719926
105167	1741	3242967813
105180	1185	3246358059
105181	1779	3247087329
105184	1704	3247759909
105189	921	3252008221
105200	1713	3256559657
105214	1739	3259013994
105243	1689	3266995913
105252	1715	3272957197
105259	1720	3275336697
105261	1670	3275631532
105270	1675	3278559973
105276	1684	3280873655
105279	1680	3282115354
105285	1716	3283961553
105299	1710	3287484219
105306	1767	3290105004
105311	1723	3290574131
105313	1710	3291715522
105323	1697	3295685008
105325	1687	3296643812
105330	1548	3299057027
105335	1730	3300059934
105339	1709	3302325455
105357	1692	3306109393
105360	1688	3307348980
105377	709	3316318126
105378	1755	3316577697
105384	1679	3317933067
105402	1660	3322174962
105407	1754	3323765782
105417	1720	3328679231
105424	1726	3330316974
105432	801	3331789716
105436	1698	3333020211
105461	1763	3342544571
105462	1765	3342647234
105479	1731	3346376235
105483	1715	3347929979
105489	1715	3349392170
105491	1757	3349506891
105518	1690	3357990387
105525	1642	3361102821
105533	1692	3364586320
105534	1686	3364766571
105539	1733	3366507275
105551	1732	3368977923
105552	1754	3369089822
105574	1680	3379237542
105578	1724	3380224204
105581	1687	3381816683
105594	1730	3387259329
105617	1690	3398940949
105626	1698	3401880565
105633	1692	3403208708
105640	1714	3405619618
105645	1670	3407059432
105651	1760	3408472050
105653	1660	3408665584
105656	1767	3409021519
105664	1697	3411645314
105667	1744	3412404189
105669	1688	3412969091
105673	1657	3413924299
105683	1723	3419294274
105708	1739	3425448701
105709	1707	3425550439
105719	1716	3427017607
105724	1694	3427802704
105726	1679	3428687739
105727	1683	3428726944
105736	1737	3431028485
105745	1742	3432858835
105752	1700	3436998237
105754	1688	3437760157
105759	1716	3439155092
105764	1714	3441152824
105767	1765	3442471921
105777	1669	3445752355
105783	1723	3448124116
105784	1734	3448258913
105791	1671	3451008198
105795	1735	3451681074
105801	1240	3452667714
105802	1722	3454098231
105810	1507	3458235501
105811	1798	3458640099
105832	1710	3464434160
105833	1727	3464758853
105856	1676	3470436095
105887	1743	3480346281
105910	1743	3487282366
105925	1677	3489900394
105957	1745	3501649614
105964	1666	3503728338
105972	1735	3505489381
105983	1719	3509193787
105984	1755	3509297251
105985	1712	3509310946
106015	1732	3518643269
106024	1708	3519724766
106029	1701	3521847644
106031	1677	3522245921
106032	1689	3522574208
106042	1683	3524372751
106052	1661	3526430874
106053	1698	3526565101
106056	1719	3527189440
106066	1712	3530904527
106069	1687	3531292683
106079	1661	3534845429
106090	1684	3540023846
106100	1722	3543497642
106112	1715	3546175133
106121	1688	3549541676
106127	1695	3550981993
106132	1698	3552063867
106133	1735	3552877068
106147	1728	3559298753
106154	1708	3561003308
106161	1691	3563278702
106168	1689	3564997903
106179	1707	3567887457
106186	1722	3570331408
106190	1666	3571049697
106195	1710	3571970949
106199	1693	3572979319
106204	1713	3575357090
106216	1773	3580483479
106228	1715	3583345779
106234	1733	3585685541
106246	1759	3588469202
106248	1706	3589542745
106254	1665	3592261338
106257	1674	3593630649
106269	1774	3596838067
106272	1689	3599953985
106279	1703	3601887863
106293	1689	3605974927
106295	1668	3606361147
106297	1723	3607668522
106312	1758	3610545466
106327	1759	3616149064
106336	1778	3620561117
106350	830	3625624301
106352	1653	3626246859
106355	1720	3628449360
106381	1722	3632650306
106384	1748	3633150186
106396	1765	3635445254
106400	1696	3636180570
106406	1723	3637507579
106411	1757	3641170608
106423	1687	3644991389
106424	1734	3645058190
106426	1729	3645215548
106429	1726	3645749706
106431	1763	3646767996
106442	1701	3650200973
106447	1705	3650964883
106465	1730	3656578285
106471	1677	3660397816
106485	1684	3663939830
106493	1697	3666155670
106494	1757	3666301953
106495	1690	3666780541
106502	1090	3669534684
106503	1691	3669815814
106511	1710	3672976866
106512	1745	3673100186
106525	1756	3675612633
106528	1686	3676336244
106543	1660	3683472533
106553	1717	3685608827
106559	1721	3686882063
106562	1660	3687452670
106567	1703	3689688732
106570	1214	3690072090
106574	1662	3691515432
106575	1667	3691614427
106581	1691	3692151521
106592	1665	3694760180
106596	1752	3696229309
106597	1668	3696265519
106601	1720	3697268247
106604	1749	3697746253
106609	1712	3698862741
106617	1708	3702264055
106627	1741	3706861000
106631	1710	3708599475
106643	1753	3711478042
106648	1681	3712963439
106666	1674	3717333985
106672	1728	3719190716
106678	1777	3722526068
106679	1700	3722871125
106685	1728	3724248468
106690	1691	3725495434
106696	1720	3726939736
106699	1700	3727968758
106701	1710	3728404371
106707	1742	3729039598
106731	1708	3736675955
106742	1735	3742192968
106745	1692	3743799347
106755	1688	3747022660
106764	1693	3750403259
106769	1761	3751588657
106776	1701	3753420677
106784	1727	3755718283
106785	1752	3755952041
106788	1667	3756312369
106791	1708	3756825464
106794	1721	3757579230
106795	1701	3757585097
106802	1714	3760538142
106818	1686	3766433176
106837	1746	3771904477
106839	743	3772646646
106843	1707	3775980914
106847	1770	3778024628
106853	1703	3779353548
106867	1690	3783931790
106885	1762	3789886009
106888	1643	3790427099
106890	1722	3790532821
106893	1710	3791371728
106895	1668	3791629538
106896	1680	3791757429
106898	1661	3791897621
106900	1739	3792494924
106903	1713	3793254518
106909	1709	3795449261
106931	1735	3799883018
106944	1742	3807446404
106949	1690	3808895117
106950	1683	3808936501
106957	1673	3810916052
106973	1674	3815278149
106992	1729	3819918085
106993	1641	3819925909
106994	1657	3821352375
107000	1763	3824474199
107018	1688	3828112091
107023	1767	3829555763
107042	1758	3835873636
107044	1724	3836604067
107048	1703	3839048305
107063	1672	3848569334
107077	1691	3851423246
107086	1729	3853518752
107099	1747	3858333303
107101	1679	3858830984
107103	1696	3859484629
107111	1649	3862615063
107113	1695	3862959841
107144	1681	3874132739
107146	1743	3874876038
107155	1727	3878567175
107169	1728	3883676847
107191	1740	3891182421
107198	1710	3892899533
107209	1725	3896649658
107213	1750	3897604951
107229	1773	3903560492
107248	1713	3910135421
107254	1755	3910685476
107264	1700	3912984734
107272	1758	3914125133
107275	1692	3914642174
107285	1736	3916684457
107288	1713	3917125070
107290	1764	3917260850
107297	1731	3917747030
107302	1757	3919253443
107314	1675	3922161952
107315	1707	3922210974
107316	1776	3922515848
107321	1690	3924364883
107334	1666	3930879682
107350	1738	3935908466
107351	1698	3935910826
107362	1712	3938399171
107374	1716	3942115128
107375	1720	3942283953
107386	986	3943398648
107391	1693	3944837830
107394	1775	3945217394
107395	1679	3945475436
107412	1766	3950477588
107420	1709	3953066545
107427	1768	3955485527
107438	1700	3958350922
107444	1711	3959892969
107463	1681	3965951057
107467	1700	3966306379
107472	1658	3969756527
107476	1732	3970344376
107490	1725	3975259272
107491	1723	3975467556
107492	1732	3975519450
107493	1705	3975534150
107501	1744	3977100716
107504	1672	3977577243
107517	1688	3981444564
107532	1714	3985220300
107538	1704	3987152355
107541	1655	3987750733
107550	1692	3992458167
107553	1709	3992653708
107558	1740	3993813968
107559	1702	3994485104
107575	1741	3998582052
107576	1723	3998604617
107578	1729	3999621541
107586	1757	4001633119
107591	1731	4003799374
107593	1695	4004562649
107595	1771	4005225180
107597	1711	4005663202
107603	1702	4006130540
107604	1714	4006187006
107605	1723	4006477579
107627	1707	4015025808
107630	1715	4015702496
107637	1656	4018035786
107647	1736	4020081611
107653	1718	4021763325
107655	1725	4021924831
107680	1715	4031189085
107689	1680	4033594399
107692	1666	4034372106
107698	1666	4036580215
107702	1705	4037380920
107703	1712	4037476183
107710	1712	4039616859
107718	1717	4043485876
107734	1665	4047525839
107741	1526	4048528136
107745	1714	4052353918
107759	1714	4054306417
107798	1737	4068568839
107807	1736	4071410023
107808	1712	4071573042
107809	1669	4071657598
107830	1670	4074279343
107843	1662	4079081929
107844	1699	4079325125
107845	1708	4079405485
107847	1695	4079868878
107849	1682	4080164349
107858	1729	4082420033
107878	1638	4090100439
107886	1734	4094669767
107894	1654	4097649085
107899	1725	4099233162
107901	1671	4099620794
107903	1740	4100326212
107910	1724	4102115695
107913	1725	4103180088
107921	1718	4106968446
107928	1683	4109396974
107935	1700	4113304282
107938	1775	4114204092
107948	1711	4116549834
107958	1706	4119088340
107960	1759	4119863532
107964	1726	4120462188
107966	1697	4121201118
107975	1693	4123346175
107976	1629	4123477630
107978	1717	4123819486
107996	1708	4128664902
107997	1703	4129991587
107999	1735	4130828865
108001	1745	4134194892
108005	1684	4135079419
108007	1751	4135180154
108008	1733	4135852571
108020	1688	4138601531
108022	1746	4139613045
108024	1654	4140470957
108027	1698	4141726699
108029	1676	4141850679
108031	1701	4141991641
108044	1664	4146850578
108047	1686	4147638571
108048	1689	4147900425
108060	1670	4154288964
108061	1721	4154456280
108097	1702	4165592232
108116	1679	4170474948
108127	1715	4176073985
108131	1726	4178335211
108137	1691	4180084483
108141	1682	4181448333
108143	1695	4182723191
108145	1750	4182759199
108146	1721	4182841980
108164	1720	4188833070
108165	1712	4188843338
108166	1695	4188908282
108167	1700	4189431497
108172	1673	4190487013
108184	1726	4194510008
108199	1701	4199500606
108205	1749	4199921262
108217	1688	4203810600
108220	1729	4204830157
108223	1716	4205089473
108235	1723	4208279608
108237	1737	4208459736
108238	1698	4208561987
108256	1717	4212243432
108257	644	4212443669
108263	912	4216638725
108275	1685	4221198248
108277	953	4221494427
108292	1703	4225942592
108301	1748	4227127792
108312	1713	4230264710
108334	1728	4238527230
108335	1700	4238678974
108339	1738	4239904006
108343	1618	4241547408
108366	1712	4247977689
108383	1729	4252166473
108412	1739	4261351329
108423	1714	4263587767
108430	1658	4265171262
108433	1729	4266096962
108445	1680	4269238068
108449	1698	4270122371
108454	1706	4270910150
108458	1625	4272357728
108461	1682	4273029645
108462	1710	4273256136
108475	1726	4275836720
108481	1738	4278869156
108485	1701	4279466127
108502	1668	4284874639
108508	1779	4286856430
108509	1685	4286966206
108513	1690	4288019710
108515	1742	4288762497
108524	1707	4290907057
108542	1695	4676589
108545	1760	5230884
108546	1705	5265961
108548	1679	5290611
108565	1733	9579541
108573	1735	11555979
108576	1689	12174042
108583	1690	15126545
108590	1719	18061288
108591	1692	18593762
108608	1741	23473273
108620	635	27193044
108632	1733	30315068
108639	1692	33097998
108643	1712	33823644
108644	1717	34091669
108656	1731	38892770
108678	1761	46811594
108685	1665	49185710
108686	1687	49458307
108692	1746	51578514
108731	1741	67346704
108763	1636	76870758
108787	1737	86727050
108793	1711	88284418
108799	1708	89080769
108800	1726	89139660
108810	1683	93609724
108815	1754	94455244
108827	1730	97906847
108830	1691	98559526
108839	1744	99955613
108842	1702	100911288
108846	1706	101599786
108850	1707	105179575
108864	1720	108917864
108867	1748	109303136
108881	1698	112977554
108883	1651	114169580
108895	647	116665335
108899	1686	118398708
108902	1689	118911959
108903	1096	119514060
108915	1710	121737178
108916	1059	121838748
108923	1723	125838550
108928	1722	127487921
108943	1705	131553502
108946	1707	132190258
108955	1730	134309914
108959	1755	136156554
108967	1683	140853378
108969	1697	141046410
108981	1675	146316514
108998	1728	148697526
109005	1741	149508702
109015	1708	152317114
109018	1701	152795131
109026	1672	153933138
109033	1675	157574049
109049	1763	160447685
109059	1728	166738762
109062	1714	167475947
109073	1655	170736178
109077	1707	171594019
109080	1672	171803518
109088	1722	173496921
109089	1714	173598723
109104	1754	177543811
109110	1665	180560957
109117	1727	182040856
109125	1696	183157857
109131	1708	188176657
109147	1741	192405267
109154	1734	195168265
109159	1768	196998725
109167	1710	198550410
109168	1698	199152208
109170	1667	199580207
109171	1675	199782192
109177	1671	202487814
109203	1730	212885233
109206	1729	213655042
109215	1651	216545479
109216	1678	216555821
109236	1759	221606477
109239	1736	223817020
109244	1762	227529311
109247	1688	227962399
109262	1753	231728737
109264	1718	232024496
109308	1672	246995926
109312	1713	248920723
109318	1709	250761886
109326	1708	253117549
109339	1720	258445192
109350	1748	262838260
109354	1689	263632226
109362	1744	265372547
109376	1735	270817405
109393	1749	274897172
109402	1662	278059261
109416	1730	283266568
109423	1778	284538469
109425	1735	284961218
109427	1718	285374273
109433	1677	288638982
109436	1716	289573000
109439	1712	290588267
109445	1690	293282858
109448	1742	293722258
109450	1752	294267996
109457	1719	297435783
109459	1725	298253653
109463	560	298662708
109472	1717	301363831
109476	1721	302043903
109477	1745	302107561
109494	1680	307101858
109521	1699	316472055
109528	1719	318448997
109540	1731	321982765
109549	1742	323969175
109550	1713	324168984
109554	1743	325140498
109563	1718	326546461
109564	1693	326582611
109574	1737	330619464
109577	1718	331719930
109584	1665	334087643
109590	1665	335410628
109601	1786	337471254
109604	1755	339815019
109605	1726	339838520
109609	1692	340156297
109626	1659	346474392
109633	1756	348727195
109652	1679	355859632
109655	1734	356523641
109662	1678	358599270
109665	1751	359146398
109675	1762	361682035
109687	1687	365583058
109692	1703	366319014
109696	1726	368635731
109697	1731	370498579
109704	1739	371340997
109723	1736	374139184
109726	1690	374788134
109739	1651	376938756
109744	1713	377877415
109750	1680	379472669
109754	1743	380867328
109771	1680	384652761
109772	1697	385114526
109775	1713	385884711
109777	1512	387508184
109778	1752	388164284
109783	1683	391219741
109791	1686	393620886
109794	1726	393916318
109801	1710	395853159
109803	1720	396648945
109804	1719	396873768
109819	1680	399526546
109853	1703	412241471
109856	1752	413081658
109869	1671	417333603
109872	1673	417668655
109873	1699	417979205
109874	1767	418029251
109877	1774	418679860
109878	1665	418850118
109885	1691	421233636
109887	1654	421449211
109896	1707	424955143
109904	1693	427072930
109910	1703	428499145
109920	1692	430622755
109922	1689	432909831
109925	1739	434271577
109926	1692	434419172
109939	1691	439265932
109947	1745	441654633
109950	1736	442028028
109954	1776	443489569
109971	1738	448247305
109972	1702	449322289
109974	1690	449940410
109975	1708	450616682
109978	1708	453981937
109991	1688	458059397
110003	1676	462937802
110005	1715	464681113
110007	1678	465044493
110011	1429	466135811
110012	1773	466514654
110017	1729	470368586
110019	1740	470946194
110021	1704	471127117
110026	1730	474177846
110027	1690	474229491
110033	1474	476197666
110039	1707	478168763
110050	923	482305538
110064	1709	487015586
110071	1664	487640126
110073	1692	488254541
110079	1713	488630404
110083	1663	490960438
110085	1598	491565555
110096	1691	495557375
110097	1666	495662240
110107	1765	498695445
110117	1731	502280808
110118	1753	502566732
110122	1310	503825380
110123	1718	504182579
110126	1673	504837539
110141	1767	508628505
110148	1684	510996089
110150	1704	512296962
110152	1737	514738576
110153	1683	514867400
110155	1682	515537587
110168	1619	521760908
110173	1698	522385785
110174	1696	522464028
110176	1702	522619236
110179	1710	523411741
110183	1715	525309851
110188	1745	526021941
110192	1718	526639984
110223	1682	536660757
110227	1724	538163286
110241	1714	542831151
110254	1686	545547929
110257	1642	546220965
110262	1726	547136982
110272	1658	550666869
110274	1725	551445947
110275	1726	552112173
110282	1719	555565767
110289	1723	557931544
110297	1707	560724175
110314	1730	566296727
110316	1744	566557521
110327	1710	570350717
110344	1742	573915717
110345	1724	574022766
110356	1778	578895870
110364	1680	581263460
110366	1686	582200702
110373	1746	583817530
110374	1683	583862744
110393	948	588200263
110403	1721	591026717
110405	1765	591512027
110406	1667	591965002
110407	1772	592185875
110411	1728	593196113
110417	1742	593887472
110419	1783	594465602
110428	1716	598251205
110435	1733	599916978
110448	1744	604710363
110464	1690	611924370
110469	1675	612691102
110480	1689	617576906
110481	1007	617671396
110485	1752	618780731
110523	1678	627614233
110541	1716	633030458
110543	1695	633252619
110544	1741	633270681
110546	1684	633338799
110560	1713	638492305
110562	1711	638661005
110574	1678	640059239
110583	1707	641934013
110585	1675	642289542
110586	1684	642560776
110591	1732	643703925
110606	1703	648269003
110610	1719	649131508
110614	1742	649697184
110617	1706	650342495
110619	1757	650695116
110628	1689	653787192
110629	1654	654035380
110630	1737	654282302
110631	1737	654313344
110641	1768	658641407
110675	1710	670009996
110682	1736	671649072
110700	1689	676523019
110707	1714	681003496
110726	1655	687295023
110733	1697	688357956
110734	1775	688553763
110737	1678	689005894
110746	1690	691139020
110760	1735	694088973
110761	1710	694658323
110771	1664	695966892
110775	1756	696694224
110780	1779	699683086
110790	1719	704251465
110799	1710	707052236
110803	1687	707978410
110806	1691	708461764
110814	1714	710051138
110822	1675	712366786
110825	1705	712943225
110829	1642	713641468
110832	1741	713988206
110834	1696	714226143
110863	1656	724716973
110864	1701	724878743
110874	1664	727627113
110890	1740	732827477
110900	1736	735273706
110908	1701	737680577
110911	1694	740944950
110917	1681	742103930
110920	1714	743928682
110928	1722	745791258
110938	1716	748363792
110948	1696	749982571
110975	1706	759046315
111007	1765	768591588
111013	1733	769877099
111022	1707	771684685
111042	1379	777065026
111043	1716	777231779
111044	1715	777288188
111047	1666	777956139
111055	1718	783652948
111066	1664	786944852
111081	1683	792574692
111086	1675	793512580
111089	1659	794718287
111095	1690	795796273
111107	1705	801630807
111110	1706	801977562
111115	1704	802936924
111118	1651	804221321
111119	1695	804275333
111135	1673	808350373
111142	1708	810150628
111143	1721	810519391
111145	1678	810957586
111151	1717	812851162
111168	1765	817988822
111176	1636	819677392
111179	1758	822418501
111181	1707	823903226
111182	1748	824214685
111183	1767	824228761
111189	1687	826795073
111193	1682	827480197
111195	1710	827936401
111196	1693	828007014
111200	1722	829512104
111210	1763	831301295
111224	1694	834285636
111237	1681	836928301
111245	1735	839041985
111247	1747	839352164
111249	1724	839673523
111265	1698	844938619
111269	1706	846729716
111275	1681	849164394
111277	1693	850030753
111281	1764	850528065
111288	1729	853514668
111303	1712	858976464
111305	1740	859612444
111306	1707	860368109
111307	1663	862644855
111309	1742	863599715
111331	1701	867832250
111339	1740	871387442
111341	1729	872378640
111342	1670	872788127
111348	1760	874771820
111352	1731	876330808
111354	1709	876726656
111357	1682	878602625
111363	1747	882474015
111367	1677	883202178
111370	1682	883716730
111379	1724	885734021
111380	1747	885788968
111400	1740	893290442
111404	1749	894012153
111408	1714	894290360
111409	1722	894299321
111424	1687	898734289
111444	1772	904896581
111460	1727	909919064
111472	1679	912214997
111476	1703	913368883
111479	1686	914423462
111492	1739	918644929
111495	1725	919725714
111496	1707	919874444
111499	1704	920185201
111523	1661	929136281
111531	1715	932172078
111540	1697	935230786
111541	1739	935520965
111542	1712	935611866
111554	1706	938565083
111557	1760	939200504
111570	1692	941252054
111573	1726	944149622
111577	847	944790979
111581	1698	945689102
111585	1750	948291424
111609	1743	954681659
111629	1734	959903296
111632	1695	961531304
111633	1739	961814381
111634	1702	961868350
111648	1748	968660527
111649	1667	968825001
111654	1721	970111607
111660	1736	971324563
111661	1738	971454302
111672	1689	974383414
111690	1751	980021502
111694	1705	981688777
111714	1647	987639520
111741	1726	994482218
111745	1756	997025211
111746	1691	997412290
111789	1760	1010312378
111791	1721	1011490263
111801	1742	1015457171
111807	1723	1016440319
111809	1739	1016899960
111811	1734	1017202632
111813	1761	1017522065
111815	1675	1017859166
111830	1730	1020016039
111835	1698	1022767735
111836	1754	1023078480
111851	1739	1030881031
111886	1710	1039434000
111904	1674	1047135250
111905	1697	1047237334
111906	1722	1047512619
111908	604	1048454644
111910	1679	1049535472
111918	979	1051040156
111931	1726	1055440363
111950	1729	1060463604
111958	1684	1062125971
111959	1735	1062540051
111969	1693	1065874871
111977	1738	1069583657
111982	1696	1071983891
111984	1722	1072952799
111993	1689	1074165258
111994	1726	1074257302
112014	1748	1079583757
112021	1662	1081355517
112023	1689	1081486583
112032	1746	1083178513
112034	1685	1083648980
112056	1700	1091004125
112063	1625	1093131041
112076	1713	1097850950
112084	1619	1099307508
112090	1668	1100155218
112091	1724	1100159593
112096	1655	1102636924
112097	1687	1103065034
112132	901	1115283169
112135	1707	1115793275
112149	1635	1120638332
112158	1670	1124315404
112162	1651	1125400255
112171	1660	1127385223
112176	1675	1128192101
112181	1694	1131192692
112187	1738	1132510151
112191	1709	1132927090
112192	1774	1133164077
112201	1740	1137272747
112203	1731	1137846106
112219	1700	1142612953
112229	1697	1145779789
112236	1743	1147423544
112239	1745	1147803012
112241	1713	1147887764
112244	1703	1148733883
112261	1726	1156189967
112265	1671	1157045291
112271	1688	1158408608
112273	1697	1158732782
112275	1697	1158920368
112279	1741	1159503753
112283	1742	1162270305
112300	1741	1168492141
112305	1682	1169166591
112307	1698	1169828755
112309	1730	1172404714
112310	1706	1172551992
112311	1732	1172940326
112320	1678	1177603183
112323	1710	1178238042
112337	1696	1182838593
112340	1732	1183330328
112341	1718	1183963081
112358	1716	1188396351
112359	1653	1188463953
112361	1728	1189192857
112375	805	1195612037
112384	1652	1199623893
112396	1737	1202275159
112398	1663	1202535045
112401	1722	1203093482
112402	1726	1203191357
112405	1728	1203471900
112409	1788	1204154774
112411	1695	1204282211
112424	1733	1207995377
112434	1709	1213520709
112435	1713	1213621947
112437	1731	1213731481
112468	1351	1222677218
112480	1762	1226057046
112481	1683	1226548584
112483	1719	1228098706
112496	1703	1231155753
112514	1710	1237472849
112524	1706	1239661662
112559	1686	1250420744
112566	1713	1252811172
112580	1745	1259924461
112587	1692	1262567348
112588	1730	1262657799
112591	1713	1263577946
112593	1743	1264261058
112608	1732	1270448521
112612	1747	1271727777
112616	1745	1272438016
112620	1684	1275850078
112623	1726	1276509147
112626	1703	1277093400
112627	1691	1278144376
112633	1716	1281098484
112640	1708	1283820923
112644	1745	1284641704
112653	1664	1287001080
112657	1716	1287932868
112668	1742	1290158052
112671	1361	1291219264
112696	1762	1298207457
112714	1699	1302814256
112715	1757	1302878824
112718	1743	1303685725
112722	1685	1305259300
112742	1715	1313492576
112746	1748	1314364891
112751	1698	1317427990
112758	1735	1320674713
112760	1712	1321508749
112765	1740	1322710882
112766	1689	1322740054
112790	1655	1328468431
112792	1672	1329372931
112795	1739	1329605439
112800	1683	1330309856
112805	1722	1332767434
112816	1673	1338024250
112824	1755	1339885848
112838	1660	1343719135
112839	1706	1343746824
112842	1676	1344552764
112843	1707	1345145274
112859	1708	1350879454
112860	1775	1351131409
112868	1769	1352498849
112869	1684	1353511067
112873	1713	1353831089
112885	1740	1358202327
112894	1770	1361403880
112900	1764	1362727651
112907	1726	1363858177
112910	1707	1365084351
112921	1677	1368712765
112926	1713	1370054045
112931	1745	1371729756
112949	1701	1378627099
112951	1780	1379409190
112967	1708	1385098868
112968	1721	1385346430
112971	1721	1385809446
112973	1714	1387039201
112984	1688	1389107892
112994	1697	1393554607
112997	1735	1395461429
113004	1714	1398499434
113007	1647	1398864343
113017	1523	1401473524
113018	1695	1402067742
113021	1642	1403014483
113022	1711	1403207473
113033	1664	1405031952
113036	1667	1405707362
113043	1688	1407901377
113052	1668	1410252425
113054	1682	1411035582
113059	1719	1412814410
113069	1743	1415497371
113075	1731	1420037200
113076	1747	1420430110
113085	1661	1422761349
113099	1722	1425021218
113105	1740	1426934105
113109	1667	1427507314
113117	1741	1431013265
113119	1743	1432078336
113135	1763	1436997563
113136	1690	1437436077
113137	1732	1439626037
113142	1684	1440529338
113146	1491	1442053928
113156	1716	1444250198
113167	700	1449030740
113168	1699	1449168838
113177	1723	1450873871
113185	1688	1452757685
113190	1786	1455235263
113196	1726	1455941664
113205	1687	1459825930
113218	1748	1464140843
113230	1677	1468265190
113239	1752	1471620964
113245	1745	1473143182
113263	1727	1477205051
113266	1773	1480886013
113272	1713	1483329979
113277	1713	1484224805
113283	1717	1485168251
113284	1768	1485281872
113293	1065	1486941895
113296	1719	1487998995
113298	1712	1488100128
113299	1661	1488774626
113300	1680	1489067814
113304	1710	1489901022
113310	1689	1491643215
113319	1710	1495838562
113321	1720	1497167209
113330	1723	1500296300
113334	1666	1501360780
113335	1697	1501668973
113337	1238	1502737124
113339	1718	1502837947
113342	1692	1503162709
113343	1712	1503712702
113350	1699	1505052584
113354	1664	1506346229
113362	1708	1508375479
113375	1755	1512170957
113389	1741	1515838445
113391	1752	1516028714
113413	1681	1523438032
113428	1685	1527221031
113431	1718	1528082251
113446	1677	1532370306
113447	1740	1532662406
113449	1706	1533316290
113453	1730	1534382642
113458	1698	1535967822
113466	1703	1538395212
113476	1728	1544025158
113484	1698	1547928077
113491	1672	1549393894
113500	1691	1551983840
113503	1725	1553104949
113513	1712	1556322929
113537	1695	1563955039
113538	1716	1563984882
113552	1700	1569372248
113554	1680	1570210985
113562	1752	1571680066
113565	1693	1572327085
113569	1664	1572861889
113574	1695	1573779534
113578	1755	1575250884
113588	1691	1578008816
113617	1718	1586051274
113627	1723	1588056981
113644	1717	1593860025
113647	1672	1594243004
113648	1776	1594723920
113654	1702	1595768873
113658	1173	1598101630
113662	1721	1598996081
113666	1666	1599326560
113687	1670	1604628690
113690	1723	1605060063
113705	1707	1610126865
113734	1651	1620575133
113739	1677	1623859922
113746	1677	1626708266
113776	1705	1634829811
113782	1720	1637197884
113789	1691	1640205807
113805	1669	1649005174
113808	1703	1649961479
113822	1679	1653626046
113825	1722	1654339923
113831	1754	1656398327
113833	1685	1657237320
113835	1704	1657926401
113847	1730	1663706051
113848	1692	1664191420
113854	1705	1666025189
113856	1163	1667283452
113866	1705	1669595561
113870	1675	1670203363
113881	1796	1672237592
113889	1683	1673977846
113908	1759	1679050016
113911	1677	1679913870
113912	1724	1679959910
113919	1746	1684215906
113941	1727	1692551261
113942	1729	1692643903
113944	1708	1693116352
113945	1754	1693631113
113953	1762	1695567604
113954	1719	1696330116
113957	1731	1696627880
113958	1699	1696892609
113971	1708	1701033708
113975	1671	1704486451
113985	1718	1706770458
114030	1736	1718913799
114054	1722	1728273267
114071	1708	1733856207
114072	1718	1734231241
114073	1703	1734584233
114091	1706	1739805534
114096	1738	1744775539
114099	1726	1745627004
114106	1737	1748141548
114113	1710	1751612931
114119	1660	1752530536
114120	1685	1752631767
114134	1629	1756647564
114140	1705	1757861616
114141	1690	1757909326
114154	1755	1761201746
114167	1678	1766574148
114168	1753	1766826610
114174	1199	1768281617
114182	1719	1770129858
114184	1759	1771728511
114187	1384	1772362112
114190	1692	1773015747
114196	1692	1775204668
114208	1747	1777982049
114211	1689	1779247647
114213	1703	1779321072
114215	1701	1779602082
114221	1745	1782104205
114238	1691	1788574824
114242	1752	1789151278
114252	1661	1790345112
114268	1726	1794138171
114287	1698	1800582040
114288	1706	1801335911
114299	1747	1803480116
114301	1727	1803962515
114303	1727	1806151338
114309	1722	1807842767
114313	1445	1809506466
114324	1756	1812799419
114325	1709	1812906861
114328	1705	1813726158
114347	1711	1819900763
114355	1702	1822053172
114363	1737	1826741732
114371	1733	1828288783
114375	1726	1830965250
114379	1728	1831602751
114385	1652	1833181143
114389	1707	1834477379
114390	1747	1834671742
114395	1702	1836101011
114401	1654	1838339662
114411	1684	1842000702
114419	1689	1843072017
114422	1743	1843712631
114443	1727	1853703638
114446	1670	1854868177
114453	1717	1856115584
114457	1714	1857160238
114461	1658	1857633592
114462	1674	1858085236
114465	1751	1858529048
114473	1631	1861748867
114477	1743	1864018037
114492	1737	1869377368
114493	1740	1869822595
114498	1744	1871614117
114508	1726	1873658870
114509	1733	1873879118
114516	1696	1875251046
114520	1759	1876442649
114526	1764	1879418421
114527	1754	1879505835
114539	1787	1882408696
114540	1708	1882667419
114555	1712	1891076514
114562	1746	1893826542
114569	1713	1896651079
114570	680	1896931584
114574	1735	1899217651
114580	1700	1900778171
114585	1725	1901903471
114591	1678	1903776408
114593	1694	1904370107
114604	1747	1905858804
114620	1690	1911254563
114627	1703	1913467699
114629	1712	1914028920
114633	1754	1915806968
114640	1646	1918241820
114649	1699	1919924412
114663	1666	1924982874
114667	1718	1925723440
114675	1682	1927477136
114680	1756	1930421618
114707	1681	1938136558
114724	1707	1942221325
114725	1713	1942400693
114732	1684	1944545365
114734	1675	1945907436
114739	1704	1947819812
114754	1726	1953414320
114759	1716	1953984794
114777	1710	1959471145
114785	1730	1960387870
114788	1686	1961165210
114793	1725	1961510094
114796	1732	1961848678
114798	1724	1962814339
114801	1738	1962902372
114807	1700	1964974241
114818	893	1966801569
114824	1735	1968718117
114834	1717	1972684518
114848	1708	1977151235
114854	1731	1979062419
114873	1661	1982925670
114890	1651	1990303488
114897	1797	1993457951
114909	1687	1996240649
114935	852	2007019523
114938	1727	2007742090
114939	1762	2007875007
114942	1664	2010083369
114958	1740	2016731886
114961	1684	2017829244
114978	1701	2021699125
114982	1723	2022544967
114986	1722	2023444233
114993	1689	2026986986
114994	1678	2027190579
115003	1709	2029228403
115007	1736	2030102888
115008	1702	2030414855
115028	1729	2036335386
115032	1671	2037122849
115034	1715	2037819121
115041	1695	2038776357
115047	1712	2040077122
115053	1745	2041823862
115058	1702	2042822781
115069	1721	2045724355
115071	1711	2045895759
115077	1711	2047400784
115086	1771	2049821200
115089	1702	2050052445
115090	1705	2050496951
115091	1691	2051377356
115097	1721	2055225872
115116	1722	2060456120
115150	1669	2069608770
115158	1695	2070707952
115165	1735	2073785918
115167	1775	2073835170
115179	1702	2075429071
115184	1281	2078309245
115187	1699	2079208899
115192	1710	2080771235
115200	1759	2082137496
115212	1733	2085453807
115213	1744	2085656403
115214	1695	2085888521
115218	1742	2087338221
115222	1752	2088061777
115242	1700	2096969494
115253	1730	2100253247
115256	1645	2100741034
115272	1713	2108128520
115283	1658	2110693703
115286	1720	2112029095
115290	1740	2116957518
115293	1711	2117169102
115296	1652	2118817680
115299	1682	2120035857
115303	1725	2120638240
115309	1660	2122079418
115317	1633	2124507031
115324	1675	2126254354
115327	1696	2126839934
115335	1690	2128781712
115346	1723	2133010809
115350	1691	2136452723
115354	1675	2138466004
115378	1727	2147050917
115379	1723	2147844969
115380	1719	2148085617
115387	1737	2149377884
115403	1668	2154813211
115406	1674	2158092891
115417	1752	2161356519
115434	1742	2167023819
115435	1741	2167703724
115437	1697	2168853219
115442	1765	2170075356
115443	1752	2170109795
115464	1679	2178863992
115465	1708	2179443676
115471	1734	2180319297
115472	1657	2180716696
115480	1694	2184144884
115483	1681	2185719480
115488	886	2186265903
115491	1668	2186888525
115492	1720	2187342813
115496	1720	2188415392
115500	1703	2189569570
115508	1651	2192178057
115512	1697	2193021975
115556	1691	2207797507
115559	1751	2208156011
115562	1739	2209429100
115580	1724	2213452106
115590	1717	2215825766
115603	1655	2221435805
115612	1647	2224192776
115627	1696	2229082646
115635	1692	2231053216
115646	1733	2232809734
115648	1735	2233725741
115649	1705	2234038414
115677	1708	2241982543
115685	1709	2243735621
115688	1739	2244930694
115690	1759	2245419944
115696	1723	2247197411
115699	1695	2247790598
115701	1687	2248316280
115707	1733	2250725099
115708	1708	2251091039
115713	1718	2252037378
115721	1706	2254954897
115724	1709	2256758956
115731	1656	2258268431
115755	1714	2268477568
115759	1679	2269549437
115762	1731	2270181966
115765	1704	2271076195
115778	1774	2276061116
115785	1719	2278637629
115790	1679	2282266497
115799	1706	2284376046
115802	1738	2285951595
115807	1734	2287575679
115813	1720	2290031687
115814	1716	2290354140
115836	1671	2296142884
115852	1746	2303485577
115854	1646	2303879554
115875	1715	2308771979
115881	1698	2310403491
115889	1738	2312589093
115892	1732	2314228378
115895	1673	2315057434
115897	1683	2316426232
115903	1721	2318619274
115904	1723	2319457946
115905	1659	2319797583
115910	1723	2321213045
115955	1644	2337558842
115963	1715	2338675754
115965	1708	2339272911
115973	1702	2343736277
115983	1674	2348750650
115986	1704	2349158163
115992	1694	2350153787
116002	1695	2352617517
116005	1707	2353178934
116012	1730	2355665873
116018	1175	2356800476
116020	1749	2357271985
116027	1373	2359392953
116031	1711	2360490430
116037	1745	2363998035
116040	1730	2365278601
116051	1737	2367682946
116053	1679	2367694491
116070	1695	2372480691
116072	1701	2372910624
116074	1721	2373012530
116076	1703	2373595702
116079	1688	2373982326
116082	1664	2374280743
116090	1744	2376131757
116093	1708	2377171744
116094	1703	2377217638
116105	1736	2379620652
116111	1720	2384032175
116125	1679	2389055045
116140	1728	2394966733
116158	1753	2404356800
116161	1731	2405530421
116167	1750	2406656672
116172	1703	2407000366
116175	1677	2407701234
116212	1705	2417123664
116217	1680	2418065578
116223	1733	2420778046
116237	1723	2427456338
116241	1711	2428311296
116245	1682	2429010963
116251	1679	2431538052
116265	1732	2437849362
116267	1746	2438576194
116268	1688	2438648535
116270	1670	2439942412
116274	1697	2440682037
116278	1669	2441546692
116281	1649	2442234431
116284	1747	2442723027
116287	1684	2445640420
116288	1694	2445985695
116289	1747	2446337194
116298	1743	2447715696
116301	1699	2447983338
116302	1008	2448734935
116308	1737	2450658994
116311	1750	2451363352
116336	1724	2458721689
116337	1695	2459112595
116339	1687	2460483090
116361	1734	2467998394
116365	1729	2469438338
116380	1716	2475374533
116388	1734	2477806336
116392	1687	2478810764
116393	1737	2479028840
116394	1080	2479458582
116402	1697	2481288675
116412	1657	2483002672
116413	1741	2483828128
116423	1698	2490066514
116424	1757	2490169454
116427	1724	2490917264
116433	1721	2492855097
116434	1699	2492950421
116439	1666	2494175583
116440	1672	2494183814
116442	1757	2495064735
116450	1683	2497997854
116472	1709	2506801679
116476	1707	2508039968
116486	1694	2509478679
116494	1738	2512271813
116496	1701	2512623822
116507	1684	2515985569
116517	1697	2519582274
116518	1748	2519955917
116520	1479	2520005282
116526	1679	2521327837
116536	1559	2526608827
116543	1694	2530031012
116546	1742	2530924898
116571	1660	2537631875
116575	1697	2538273075
116582	1713	2540862382
116588	1695	2542408195
116591	1709	2543704084
116592	636	2543836803
116599	1729	2545084017
116602	1682	2547969004
116615	1704	2552509166
116617	1703	2552740841
116622	1717	2554452003
116631	1041	2556566942
116634	1703	2558094438
116643	1650	2560764859
116660	1742	2565110308
116663	1743	2568440477
116664	1697	2568446384
116670	1757	2569982324
116677	1762	2572825691
116680	1706	2573324890
116681	1727	2573330569
116687	1737	2574915069
116691	1731	2575460239
116701	1639	2577412567
116705	1657	2579435848
116708	1674	2580760429
116710	1719	2581406823
116723	1665	2585027669
116726	1703	2585921615
116739	1709	2591295953
116746	1727	2592523462
116748	1675	2593044639
116749	1706	2593769210
116750	1711	2594313329
116755	1736	2595222753
116759	1674	2595738650
116772	1735	2599812401
116783	1710	2602245767
116787	1710	2603018103
116801	1707	2610698570
116803	1719	2611097508
116806	1699	2612481925
116807	1682	2612856438
116809	1702	2613397076
116811	766	2614702645
116817	1677	2616329642
116846	1721	2621982669
116850	1702	2622553393
116872	1691	2630690604
116876	1683	2632519764
116881	1674	2634642022
116883	1687	2634737408
116890	1746	2636069968
116891	1708	2637471618
116896	1663	2639437574
116899	1727	2640667785
116903	1717	2641735160
116916	1689	2645429971
116920	1693	2646344209
116927	1737	2649376975
116932	1640	2650727073
116938	1660	2654309229
116942	1678	2655545179
116949	1724	2656477518
116959	1707	2659412310
116965	1711	2660340756
116966	1714	2660433321
116971	1681	2661748906
116975	1701	2662219447
116977	1722	2663168624
116989	1676	2665986803
116992	1646	2666752378
116996	1723	2667798703
117006	1690	2671602162
117010	1664	2674610740
117030	1700	2678666868
117034	1705	2679722406
117037	1699	2680797484
117041	1705	2681906747
117043	1744	2682075527
117053	1742	2684350474
117067	1724	2689131040
117072	1655	2692301587
117081	1698	2694418928
117083	1720	2694970383
117090	1662	2696719646
117101	1723	2701746036
117102	1734	2701853296
117111	1699	2703851633
117114	1708	2704772043
117122	1750	2707634181
117132	1727	2712456514
117135	1712	2713358683
117137	1684	2713431406
117139	1681	2714233818
117149	1709	2717333577
117150	1721	2718598235
117153	1721	2719510445
117155	1751	2719669071
117157	1726	2720005929
117168	1684	2723443845
117180	1718	2725790880
117183	1774	2726265336
117189	1742	2727514160
117190	1730	2727908904
117203	1700	2734317261
117211	1696	2736992114
117212	1690	2737001060
117216	1737	2737694801
117233	1746	2747231260
117234	1721	2747348162
117244	1743	2749486497
117246	1713	2749780678
117247	1717	2749802730
117250	1717	2752878665
117255	1728	2756019038
117258	1724	2757049688
117259	1722	2757278212
117265	1663	2758423510
117266	1753	2758476731
117269	1722	2758698462
117275	1674	2760913014
117276	1735	2760915646
117299	1685	2766697638
117300	1671	2767289464
117303	1674	2768151241
117305	1678	2768234940
117312	1706	2770608322
117336	1681	2779104165
117338	1707	2779653041
117341	1733	2780740831
117344	1752	2782044467
117345	1710	2782286739
117353	1672	2783996915
117366	1787	2786316247
117381	565	2789575885
117382	1734	2789671542
117389	1654	2792066427
117400	1655	2796290624
117401	1708	2796869152
117402	1725	2796889454
117426	1704	2805314976
117431	1702	2806756818
117438	1721	2807947908
117443	1696	2808138644
117446	1672	2809059914
117449	1699	2809673880
117451	1751	2810229789
117456	1731	2814516801
117464	1753	2816083387
117483	1687	2821517472
117485	1706	2821882481
117487	1569	2822960269
117492	1688	2824180740
117514	1752	2829070126
117519	1770	2831397237
117530	1710	2835373950
117557	1709	2842290867
117558	1686	2842334135
117563	1736	2843032530
117571	872	2845983712
117573	1738	2847332705
117574	1704	2847571878
117577	1712	2848921793
117592	1775	2853089573
117595	1661	2856042189
117602	1688	2858732763
117605	1687	2859137443
117613	1653	2861591845
117619	1706	2863080520
117621	1755	2863356622
117628	1736	2865365783
117634	1709	2866517212
117641	1760	2868310664
117666	1676	2878995097
117667	728	2879035879
117675	1722	2881252814
117678	1666	2881658853
117679	1736	2881661576
117686	1707	2884338099
117697	1744	2886579413
117710	1678	2890014158
117729	1685	2893686798
117738	1727	2897475816
117742	1732	2898751799
117748	1743	2901191087
117773	933	2906550916
117776	1712	2907052877
117779	1743	2907123234
117791	776	2910615258
117795	1561	2911575538
117811	1758	2922373259
117817	1736	2923121950
117823	1681	2925667252
117829	1705	2927926186
117835	1735	2930896141
117849	1701	2935423787
117864	1714	2940497637
117884	1655	2947108055
117887	1759	2949055399
117888	1736	2949479527
117889	1739	2949488394
117898	1664	2951686624
117899	1714	2952279987
117909	1723	2954143895
117918	1649	2959465193
117928	1670	2962511512
117930	1715	2963699404
117938	1663	2965606422
117942	1698	2966451952
117948	1772	2967275018
117958	1690	2970440970
117960	1735	2970689330
117967	1698	2973712752
117968	1698	2973761125
117974	1083	2974350247
117977	1692	2975247521
117984	1732	2978354098
117986	1712	2979757019
117988	1718	2980689328
117996	1724	2982972311
118000	1749	2983670441
118009	1703	2985878449
118014	1736	2988040375
118018	1713	2988975349
118020	1707	2989407563
118025	1699	2989962913
118033	1709	2990999279
118034	1685	2991011472
118036	1687	2991080589
118038	1679	2991787351
118044	908	2993063028
118055	1752	2998673162
118056	1697	2998863401
118059	1701	3000702149
118069	1321	3002985585
118071	1725	3003392086
118079	1713	3006104183
118087	1736	3007556130
118095	1686	3010060719
118098	1728	3010547776
118104	1669	3012182453
118123	1722	3016722987
118139	1731	3022403515
118142	1728	3023072983
118148	1683	3025156665
118155	1727	3026115223
118164	1668	3029038726
118168	1722	3029659879
118182	1723	3034805509
118189	1650	3036022349
118206	1562	3044314268
118209	1716	3046268430
118210	1729	3046400963
118212	1731	3047091397
118215	1701	3047714285
118219	1662	3048718374
118235	545	3054025636
118241	1752	3056606899
118243	1672	3056952441
118244	1731	3057145224
118253	1692	3062010129
118263	1672	3066252575
118268	1729	3067428188
118270	1753	3067625794
118285	1654	3071720576
118292	1743	3074027884
118307	1720	3077844814
118309	1688	3080299204
118310	1741	3080412070
118313	1766	3081530254
118323	1754	3086124787
118338	1709	3089322327
118351	1686	3093561293
118354	1697	3095024198
118355	1676	3095737340
118356	1730	3096006474
118371	1696	3103486913
118384	1766	3107991959
118388	1702	3108946891
118390	1702	3109104560
118392	1720	3109746415
118402	1770	3111893355
118406	1718	3114656048
118447	1721	3129054375
118457	1737	3131381482
118471	1707	3135573639
118475	1682	3136425553
118481	1775	3142104807
118497	1759	3145661705
118505	1726	3147708797
118514	1698	3150748400
118515	1697	3150845678
118517	1729	3151023273
118527	1699	3154102188
118538	1697	3157902602
118545	1718	3162278666
118556	1663	3165398663
118564	1725	3168304884
118584	1708	3172795549
118597	1707	3177642102
118602	1729	3179736101
118626	1712	3188263967
118641	1731	3194414219
118642	1723	3194538902
118648	1646	3195728776
118649	842	3195929549
118654	1713	3196423828
118655	1718	3196568866
118672	1747	3201960656
118682	1737	3205063580
118696	1692	3208103559
118709	1717	3211983940
118710	1724	3212213279
118711	1718	3212382923
118727	1706	3218421221
118740	1740	3225698729
118741	1756	3226089652
118753	1760	3228062335
118759	1712	3229230777
118765	1706	3231977142
118775	1710	3234062975
118791	1684	3239160861
118803	1710	3244554573
118804	1695	3244722073
118812	1681	3247919821
118815	1727	3248628605
118827	1668	3252253861
118834	1731	3253417032
118840	1695	3255915854
118848	1697	3257941361
118854	1785	3259301161
118861	728	3262792990
118864	1700	3263245799
118888	1728	3269282715
118894	1721	3271628953
118895	1673	3271940948
118900	1705	3273883831
118910	1721	3276254143
118913	1736	3277518450
118917	1736	3280048091
118918	1702	3280247359
118929	1681	3285628322
118932	1682	3285975469
118942	1728	3289724791
118943	1694	3291634807
118945	1690	3292164860
118957	1717	3296405789
118963	1702	3298209544
118972	1749	3304317303
118984	1756	3308224140
118985	1679	3308275357
118986	1702	3308374815
119005	1749	3313576014
119017	1725	3317185811
119032	1759	3322205210
119034	1678	3324386001
119035	1712	3324620114
119047	1708	3327828999
119051	1694	3328336526
119054	937	3328922986
119056	1706	3329003483
119059	1680	3330027918
119061	1702	3330070965
119062	1738	3330327185
119066	1687	3331577280
119072	1706	3333028367
119078	1729	3334270092
119096	1719	3340641837
119097	1680	3341016117
119109	1732	3343563427
119122	1721	3348644526
119123	1703	3348987787
119128	1728	3351001920
119141	1656	3355741121
119143	1727	3355851596
119166	1711	3363696650
119167	1762	3364025940
119172	1733	3367134205
119175	1708	3367921434
119179	1735	3369238017
119182	1715	3371264781
119184	1702	3371998388
119185	1684	3372279685
119186	1726	3372602650
119187	1718	3372813174
119190	1706	3373908591
119196	1680	3374328362
119208	1691	3378430198
119210	1690	3379391205
119219	1668	3381203259
119231	1683	3387756457
119259	1726	3396122836
119264	1052	3397436421
119278	1760	3401695334
119298	1647	3408250093
119303	1728	3409868734
119316	1740	3412857278
119317	1751	3412968568
119323	1682	3414851994
119347	1673	3421173061
119351	1753	3421986377
119355	1692	3423136153
119363	1680	3424685247
119368	1698	3425506964
119380	1682	3432228209
119381	1712	3432391891
119382	1694	3432493867
119404	1680	3438344311
119414	1665	3440310517
119422	1718	3442337052
119439	1718	3445500650
119454	1678	3451572009
119462	1746	3453469161
119483	1687	3459047089
119485	1676	3460199799
119497	1761	3462688977
119516	1725	3470629067
119517	1699	3470866121
119520	1643	3471494447
119534	1758	3477039901
119551	1695	3481201149
119557	1743	3482990454
119558	1756	3483070136
119569	1764	3485110253
119570	1721	3485456418
119582	1717	3491891640
119583	1743	3491934720
119593	1722	3495144638
119596	1674	3496866876
119603	1728	3499643341
119605	1678	3500297114
119606	1717	3500356770
119607	1681	3501649197
119608	1682	3501824917
119610	1697	3501928457
119613	1664	3503042423
119627	1674	3507216048
119631	1644	3510841650
119638	1721	3511501082
119648	1755	3514013118
119649	1652	3514026060
119652	1054	3516470226
119657	1671	3517575814
119661	1675	3518839435
119671	1731	3521348461
119678	1717	3523462866
119680	1678	3523675331
119683	1753	3524784889
119692	1682	3530018285
119697	1694	3532447716
119701	1748	3534838962
119723	1697	3539994396
119726	1669	3540403553
119728	1733	3541334264
119730	1720	3543232969
119731	1702	3543418907
119732	1680	3543591982
119748	1694	3552144531
119754	1727	3553019691
119758	1699	3554666388
119761	1759	3555807103
119763	1695	3556537845
119770	1762	3557975422
119784	1698	3563003049
119788	1719	3564414956
119791	1729	3564973675
119798	1726	3567213925
119803	1685	3568918584
119810	1710	3572560172
119823	1671	3577618106
119827	1717	3578625839
119832	1692	3580305864
119835	1740	3580973607
119842	1676	3583230697
119846	1669	3585591897
119847	1726	3585750405
119855	1744	3588503096
119859	1709	3589119319
119861	1729	3591383384
119864	1679	3592182009
119873	1703	3595211879
119874	1724	3595277458
119878	1729	3595852465
119886	1677	3597552054
119906	1696	3603031478
119912	1755	3605384253
119913	1756	3605568671
119916	918	3606614468
119917	1725	3606637953
119921	1724	3607351167
119923	1767	3608936474
119927	1774	3609237191
119928	1719	3609494101
119937	1712	3612495734
119948	1767	3615499098
119956	1732	3617290756
119962	1661	3618519094
119963	1766	3619344223
119969	1686	3620218030
119974	1072	3621562771
119977	1752	3621881089
119985	1677	3623277253
119997	1682	3626619887
119998	1695	3627112600
119999	1711	3628538260
120007	1749	3629910441
120014	1713	3634925528
120026	1758	3639245022
120027	1603	3639262871
120030	1704	3639628300
120041	1719	3645269090
120042	1715	3645453939
120043	1749	3645897182
120045	1732	3646293539
120052	1724	3648084693
120076	1734	3657560701
120078	1723	3657693627
120081	1656	3658302605
120086	1737	3659856290
120095	1759	3663530454
120102	1741	3666535004
120106	1741	3667782760
120112	1748	3670307799
120119	1714	3674430575
120121	1762	3674936249
120122	1686	3675355997
120126	1702	3675905059
120138	570	3681528396
120144	686	3683035285
120161	1745	3686852874
120181	1722	3694167974
120182	1701	3694197889
120185	1734	3694597020
120192	1721	3695855591
120198	1783	3698174954
120204	1726	3701338978
120215	1732	3703917673
120220	1700	3704816265
120221	1735	3704825929
120228	1673	3706847321
120246	1701	3715570730
120254	1707	3717908224
120255	1732	3717997767
120265	1702	3720850270
120272	1744	3722181640
120288	1715	3728203216
120325	1667	3741106068
120327	1725	3741251875
120330	1726	3741591944
120334	1670	3744417291
120339	1667	3745212529
120341	1714	3746789842
120348	1689	3748177475
120354	1695	3749540881
120356	1710	3749603862
120358	1746	3749767420
120362	1724	3751058163
120367	1706	3754297816
120368	1773	3754644224
120369	1428	3755305433
120375	1752	3757205626
120377	1755	3757887457
120388	1728	3761208477
120391	1676	3761921266
120395	1685	3763089596
120403	1693	3765772969
120414	716	3767476618
120415	959	3767645601
120426	1725	3769753728
120436	1741	3774871270
120438	1721	3775132868
120443	1652	3777240594
120467	1730	3782780262
120474	1693	3784124442
120481	1673	3785007761
120491	1727	3786105189
120515	1679	3797172905
120523	1733	3799871335
120535	1685	3803808528
120573	1707	3817722697
120576	1770	3818077110
120589	1689	3822817931
120591	1715	3822947159
120599	1660	3827023623
120600	1721	3827322470
120616	1660	3830101941
120622	1747	3832088958
120631	1706	3836705204
120633	1735	3837344529
120635	1726	3837881527
120637	1752	3838120645
120639	1721	3838318653
120648	1695	3841049400
120650	1695	3841377307
120653	1719	3843577554
120668	1736	3847205068
120676	1724	3849202102
120682	1723	3850939761
120685	1773	3853298497
120687	1701	3855512981
120688	1726	3855552310
120689	1405	3855580804
120695	1692	3856173003
120705	1702	3860548765
120709	1673	3862344932
120717	1734	3864041493
120721	1703	3864797895
120726	1684	3865556146
120729	1789	3866318779
120752	1631	3872416401
120769	1700	3882458886
120770	1669	3883706023
120771	1668	3884472679
120789	1723	3890218473
120792	1710	3892591100
120805	1727	3900362009
120811	1691	3901938315
120812	1689	3902110400
120829	1718	3907863144
120831	1711	3908358902
120835	1721	3910159199
120838	1736	3910987101
120840	1705	3912215938
120841	1727	3912365271
120844	1684	3913026892
120847	1029	3916142209
120860	1729	3919831622
120872	1682	3921193207
120874	1740	3921676429
120886	1731	3925369591
120887	1738	3925681309
120891	1662	3927790895
120899	1725	3929833292
120911	1655	3932099777
120913	1667	3933396658
120916	1519	3933661959
120928	1716	3939299791
120932	997	3940694411
120933	1782	3940782917
120956	1707	3949485432
120962	1675	3951157076
120967	1691	3952260492
120968	1790	3952894317
121004	1692	3970871242
121014	1646	3977758527
121029	1693	3983252358
121037	1753	3984726383
121041	1730	3985845862
121043	1688	3986069791
121053	1720	3989821272
121072	1740	3995568597
121079	1727	3998736622
121081	1659	3999832614
121089	1750	4002067283
121093	1688	4003311444
121095	1764	4003682750
121103	1730	4006696661
121108	1703	4007401010
121116	1658	4009975441
121132	968	4015563587
121134	1665	4016065501
121135	1694	4017701666
121140	1757	4018479859
121142	1674	4019368627
121143	1682	4019529204
121147	1732	4021453347
121152	1686	4022267736
121154	1695	4022515759
121159	1746	4024022704
121162	1687	4025157925
121171	1690	4027438130
121176	1738	4028872144
121178	1736	4029040910
121180	1699	4029220611
121203	1702	4039399848
121231	1654	4044375688
121239	1760	4046714743
121243	1704	4048083670
121245	1697	4048587443
121260	1699	4053163725
121267	1713	4054021788
121275	1703	4059578962
121276	1753	4059801541
121279	1724	4061438241
121282	1633	4061831740
121288	1683	4063815191
121292	1746	4065407900
121298	1761	4066766428
121310	1691	4069594756
121314	1703	4070125372
121333	1680	4076966033
121349	1639	4082134490
121356	1739	4085513441
121357	1697	4085763460
121361	1792	4086348999
121371	1685	4088606708
121379	1775	4090886604
121396	1703	4098164554
121398	1715	4100242274
121409	1713	4103816440
121422	1682	4108045179
121428	1687	4109479002
121433	1723	4110746808
121438	1698	4112680594
121441	1656	4113391714
121443	1701	4114352820
121446	1689	4114673548
121457	1755	4116554841
121459	1735	4120865043
121462	1451	4121889528
121467	1710	4122465741
121472	1736	4123213418
121473	1578	4123313716
121478	1748	4124845853
121479	1755	4124952850
121485	1736	4128408452
121487	1696	4128750950
121491	1728	4130733965
121493	1716	4131592588
121521	1737	4137350754
121534	1689	4143724067
121535	1701	4145597344
121538	1758	4147083255
121539	1760	4147139637
121562	1689	4151784637
121567	1773	4152999158
121575	1684	4154599721
121578	1620	4155080965
121585	1723	4156452263
121586	1688	4156559998
121589	1711	4157326050
121590	1754	4157353863
121593	1766	4157767595
121605	1726	4162732551
121611	1705	4164725982
121636	1734	4172554253
121652	1700	4177982926
121653	1683	4177989812
121659	1707	4183000012
121665	1696	4183883189
121670	1710	4184904954
121672	1755	4185708194
121674	1731	4186412109
121676	1733	4186774954
121683	1735	4187976045
121684	1774	4188579868
121698	1736	4193927961
121706	1748	4196344321
121711	986	4198147491
121714	1709	4198432146
121722	1735	4203300250
121726	981	4203636701
121732	938	4204911886
121733	1686	4205067870
121738	1690	4206279000
121750	1704	4210531520
121773	1658	4218843094
121775	1776	4219219100
121776	1723	4219770737
121777	1788	4220344331
121788	1666	4225814387
121790	1786	4226443855
121793	1691	4227978040
121795	1716	4228373548
121797	1760	4229046908
121800	1772	4229446314
121801	1688	4229461270
121810	1226	4232075227
121813	1790	4233934022
121814	1681	4234209655
121817	1704	4235606497
121823	1735	4237292620
121827	1680	4238381419
121835	1740	4240694059
121838	1670	4241276780
121841	1758	4241897603
121846	1692	4245390300
121855	1692	4249788245
121856	1227	4250387647
121861	1733	4251704789
121866	1707	4253438834
121882	1710	4259386448
121892	1717	4265049311
121894	1683	4265260601
121900	1710	4266638042
121937	1730	4273030011
121938	1697	4273333319
121944	1674	4274111833
121945	1724	4274200219
121963	1720	4280275515
121964	1702	4280930058
121974	1700	4285163170
121992	1708	4290480132
121995	1655	4290623374
121997	1732	4290887909
122016	1682	1857703
122023	1671	3354136
122025	1727	5942262
122031	1707	7363550
122034	1720	8644396
122056	1650	17893064
122059	1669	19631063
122062	1695	21227273
122067	1686	24645955
122073	1677	26368456
122075	1733	27339109
122076	1665	27671770
122081	1700	28448636
122094	1675	35051280
122095	1246	35528339
122107	1676	39627125
122126	1751	46759865
122128	1664	47936599
122134	1709	51055364
122141	1698	53912110
122149	1712	56058601
122158	1748	57698794
122173	1717	63329286
122188	1709	67778255
122198	1705	72729603
122199	1713	73315691
122208	1770	76721439
122213	1675	78199339
122216	1686	78669532
122225	1664	80971814
122231	1699	82084939
122239	1733	88026154
122248	1748	92045391
122251	1646	93266275
122255	1700	94172409
122270	1742	100451469
122279	1744	103095927
122284	1685	104628083
122297	1736	107269519
122305	1670	112264744
122306	1740	112470643
122310	1725	113495316
122317	1695	115126409
122321	1654	116301556
122326	1693	117901832
122342	1752	122872722
122352	1768	127868222
122362	1651	133701942
122363	1701	133962588
122367	1754	135614342
122369	1574	135934956
122371	1697	136263006
122374	1680	137028019
122377	1669	138406869
122381	1727	139549901
122389	1678	141894457
122391	1720	142686427
122398	1716	144165232
122399	1765	144175398
122403	1720	144835902
122406	1692	145329133
122409	1676	146575903
122425	1153	153964796
122435	1769	157497135
122442	1716	160837744
122444	1785	161383389
122448	1757	161979535
122457	1672	164827724
122459	1700	166169008
122464	1702	168527873
122467	1700	168792993
122482	1696	174009701
122485	1722	175009826
122494	1702	177097923
122495	1692	177490869
122502	1345	179577110
122509	1741	180879531
122512	1723	181684241
122519	1682	184277121
122522	1723	184557158
122543	1724	191005014
122550	1731	195237928
122558	1729	196921530
122564	1677	197939826
122567	1757	198620209
122568	1656	199051546
122570	1681	199160721
122571	1748	199591030
122578	1707	201701232
122581	1084	203183619
122589	1124	205771036
122607	1766	214084216
122610	1657	215359532
122611	1732	215605965
122621	1717	219026190
122622	1323	219083638
122632	1749	221196039
122635	1690	222376988
122646	1673	225935011
122648	1686	227519061
122650	1707	227602477
122684	1687	239635265
122697	1694	241250168
122707	1730	243158721
122714	1690	245644349
122715	1694	245662093
122717	1697	246461326
122734	1748	251616800
122746	1706	256490620
122750	1699	257598720
122754	764	258350858
122758	1688	259012952
122778	1713	263893344
122783	1753	265283806
122787	1739	265571318
122803	1665	271080854
122804	1723	271277058
122809	1748	275434968
122824	1688	279006428
122840	1741	283532398
122842	1743	284634029
122843	1724	284835894
122844	943	284877203
122852	1728	288258202
122853	1705	288841866
122858	1704	290698067
122859	1668	291102779
122869	1698	295261777
122871	1680	296678976
122872	1698	296873370
122879	1711	298879358
122882	1725	299918187
122884	1742	300907686
122893	1680	303198220
122896	1713	304393260
122902	1712	305999930
122903	1719	306636863
122904	1690	306645748
122906	1733	307376669
122921	1751	312998017
122922	1718	313115483
122924	1742	313572520
122930	880	317878505
122933	1744	318283582
122940	1661	319804680
122943	1694	320668086
122945	1698	321219663
122950	1681	322267939
122957	1674	324199677
122970	1646	328187253
122972	1693	329068666
122974	1722	330679659
122982	1726	332989357
122983	1670	333525120
122984	1701	333641237
122993	1654	337851073
122994	1763	338645534
123002	1694	342114480
123003	1724	342256158
123011	1726	344323361
123012	1681	344338497
123018	1734	345962746
123027	1711	350156546
123042	1700	355402850
123048	1734	359557067
123052	1386	361239326
123063	1713	364680952
123067	1703	367129216
123069	1696	367295554
123072	1662	368128040
123079	1690	370274515
123081	1719	371200483
123089	1684	372883574
123093	1688	373334627
123096	1722	374302796
123103	1745	379224037
123128	1725	386252877
123134	1716	388639937
123151	1713	393925125
123157	1773	395743273
123164	1742	396813505
123171	1707	400225602
123173	1652	402510612
123179	768	405293209
123190	1682	407889278
123205	1759	411277390
123209	1743	412844505
123210	1717	412856440
123231	1724	422207553
123247	1738	427659599
123249	1753	428667263
123260	1696	433411628
123266	1732	436241875
123273	1593	440037069
123299	1712	445044761
123301	1733	445263602
123302	1735	445384152
123312	1741	448922993
123331	1682	454045249
123342	1750	456582685
123363	1739	466666695
123393	1722	474865855
123399	1749	476239934
123417	1710	482889551
123423	1714	484012007
123425	1717	485213638
123427	1677	485966221
123431	1730	488105195
123434	1694	489143011
123447	1778	493310493
123450	1724	494093762
123454	1731	496402260
123461	1758	498458152
123465	1756	501232483
123470	1761	502477396
123472	1701	502820204
123479	950	505119690
123484	1729	506810890
123486	1732	506967320
123487	1728	507381631
123495	1688	509238862
123502	1717	510858917
123506	1719	512086617
123507	1685	512403884
123508	1747	512485644
123509	1720	513142833
123511	1692	513401499
123512	1669	514032242
123516	1771	515477412
123524	1700	517351720
123531	1710	519082973
123536	699	522545976
123540	1344	523338811
123561	1722	529771769
123562	1734	530425451
123568	664	531454440
123574	1675	533098538
123585	1725	535381156
123587	1738	535824622
123589	1732	535938104
123598	1702	538022440
123604	1668	542732358
123610	1713	543600824
123621	1732	547693683
123627	1697	548291473
123628	1700	548641347
123630	1748	549392427
123645	1726	554148994
123646	1719	554164844
123658	1714	556654319
123661	1697	557174541
123670	1676	560420972
123674	1701	561160335
123677	1687	563880743
123690	1681	567102059
123691	1719	567246116
123704	1741	571506564
123718	1717	577552275
123727	1752	579383620
123736	1757	583652282
123741	1739	585419106
123743	1674	585579036
123748	1711	586617208
123752	1696	587300634
123755	1718	587577074
123759	1712	587931261
123778	1687	596488205
123779	1714	596540142
123780	1262	596852631
123787	1721	599608664
123795	1753	601853387
123804	1677	604962884
123810	1734	606232173
123826	1755	610051573
123831	1726	612689076
123835	1703	613818236
123851	1703	616931931
123864	1718	619283919
123872	1731	621026816
123876	1694	622070787
123877	1662	622168361
123882	1733	625145969
123900	1723	629355143
123902	1680	630182608
123904	1677	631152539
123906	1715	631754298
123908	1692	632374235
123914	1730	634525154
123915	1662	634534786
123918	1710	635667650
123930	1727	639556358
123932	1708	639838702
123935	1696	640320100
123942	1680	642649654
123951	1675	648739866
123967	1723	653367958
123974	1748	654693994
124013	1704	667113996
124014	1739	668122143
124020	1736	671884126
124022	1532	672463293
124024	1740	673176763
124030	1744	674788594
124036	1310	675758267
124043	1719	677445429
124047	1697	678500663
124052	1721	680166161
124065	1703	682699366
124068	1777	683643983
124077	1704	687621598
124094	1725	692400553
124098	1678	693726630
124099	1722	693729270
124101	1694	694579007
124106	1760	695504760
124113	1748	697851517
124141	1709	708014376
124142	1734	708175617
124143	1675	708242688
124147	1692	708788835
124149	1752	709841090
124155	1719	711606890
124160	1711	712375544
124172	1695	715135879
124175	1757	716246282
124177	1725	716405211
124186	1754	717627035
124190	1739	718541199
124202	1701	721386508
124206	1645	722468604
124215	1730	723847093
124219	1715	726333402
124222	1383	727040756
124243	1660	734134264
124245	1649	734690375
124263	1729	740886948
124272	1674	742862281
124274	1724	743175963
124278	1667	743916078
124285	1695	747026766
124305	1697	753597095
124308	1750	753792329
124313	1697	754936668
124315	1743	755117769
124320	1684	755999029
124323	1718	756837268
124329	1727	758643669
124343	1757	761632655
124352	1719	764315515
124368	1723	770494689
124371	1766	771149891
124373	1708	772196183
124380	1729	773959249
124385	1714	774973193
124391	1684	776310131
124410	1711	781147918
124418	1705	784013683
124424	1636	788076218
124431	1677	790171281
124432	1693	790342598
124434	1754	791580164
124459	1716	800922400
124465	1656	803370848
124466	1743	803465646
124477	1701	805199071
124480	1743	806184747
124493	1705	811003831
124498	1104	812300902
124504	1761	813648991
124506	1674	814422190
124508	1690	814947978
124513	1753	816014646
124524	1659	818962223
124526	1744	819386033
124532	1704	820354155
124551	1770	825556765
124553	1727	825815501
124556	1737	826169021
124566	1737	830593598
124578	1736	836249507
124579	1739	836349253
124580	1696	836560603
124583	1719	837239396
124584	1706	837522890
124586	1729	838344916
124593	1725	839582250
124603	1736	842984577
124622	1718	848975832
124624	1715	849242846
124628	1679	850761771
124630	1724	851254817
124631	1760	851372876
124644	1718	857074250
124652	1697	859489750
124659	1732	861863406
124660	1725	861951249
124669	1708	866066226
124670	1705	866171669
124674	1692	867286143
124682	1700	870231870
124695	1708	876504630
124706	1714	878915776
124722	1757	883794374
124735	1701	886695141
124744	1726	892100465
124751	1756	894723090
124761	1712	897100298
124771	1673	899683178
124787	1718	906905349
124792	1706	908322400
124797	1703	911027463
124801	1675	911657724
124805	1705	912644417
124809	1733	914151445
124821	1709	917448092
124822	1719	917675802
124840	1761	920480867
124846	1702	921353999
124849	1736	923327997
124852	1704	924357217
124854	1687	924660450
124863	1684	925823090
124866	1747	926701478
124869	1766	927486275
124871	1733	928212410
124897	1715	936833399
124899	1703	937081609
124903	1702	937849518
124904	1668	937920385
124920	1707	942326642
124926	1699	944047854
124928	1702	944072977
124930	1730	944718889
124941	1737	948137852
124942	1710	948173436
124943	1772	948319559
124947	1710	949677820
124962	1690	955123161
124967	1731	956155144
124970	1736	957609044
124984	1705	963135183
125002	1706	967729139
125020	1722	973657921
125043	1698	979416009
125045	1696	979611607
125050	1695	981472606
125053	1644	982608000
125056	1731	983107052
125057	1706	983830020
125073	1733	988330950
125085	1714	994919466
125094	1722	999182272
125097	1719	999733536
125115	1682	1003686700
125126	1720	1006336501
125132	1727	1006953204
125135	1288	1007916151
125140	1709	1010335741
125153	1749	1011808909
125161	1686	1015263274
125167	1727	1016580734
125177	1740	1018829311
125180	1691	1019970513
125182	1722	1020261373
125183	1711	1020385784
125184	1712	1020512232
125186	1754	1020897572
125203	1684	1025104896
125207	1742	1026263186
125208	1769	1026287852
125209	1707	1026714254
125212	562	1028335553
125213	1777	1028510602
125216	1741	1029535036
125224	1669	1031546736
125227	1701	1032263002
125234	1715	1035142974
125252	1706	1041706789
125256	1668	1043207186
125258	1667	1044690714
125277	1683	1052052258
125283	1692	1055363272
125286	1763	1056058521
125294	1660	1057862303
125298	1721	1058716497
125299	1662	1058728150
125302	1727	1059281274
125315	1714	1063690090
125322	1518	1065733635
125334	1699	1071972784
125335	1700	1072540627
125337	1674	1073208842
125339	1718	1076483484
125345	1747	1078304569
125346	1707	1078306926
125373	1763	1084646892
125382	1750	1086634615
125389	1736	1088921963
125390	1715	1089141252
125406	1703	1094394206
125414	1675	1098984841
125418	1691	1099185400
125442	1674	1103684811
125444	1717	1103959610
125448	1675	1104691717
125449	1694	1106381386
125450	1692	1106967803
125453	1682	1107447374
125454	1669	1107627268
125469	1756	1112748627
125474	1745	1115645284
125475	1697	1116853659
125489	1735	1120345533
125493	1718	1121498222
125496	1749	1123317393
125497	1764	1123387959
125505	1678	1126353730
125508	1701	1126652682
125513	1638	1128343218
125524	1746	1130593420
125544	1726	1134976789
125552	1750	1138618087
125566	1730	1142264335
125572	1698	1144535986
125575	1742	1145494661
125580	1723	1146865988
125587	1718	1148379468
125596	693	1151578787
125601	1128	1153007976
125609	1683	1154645970
125614	1711	1157532287
125626	1732	1160617140
125630	1764	1161036993
125644	1668	1163266424
125656	969	1165807395
125670	1729	1168872242
125672	1725	1170076732
125691	1757	1175003498
125703	1717	1180544147
125710	1700	1183637775
125713	1734	1185458419
125715	1269	1185826961
125728	1753	1189522603
125735	1730	1191854462
125743	1700	1193405181
125744	1307	1193579501
125753	1761	1195156801
125759	1730	1198670289
125764	1723	1199289273
125783	1732	1207220892
125809	1726	1213680951
125811	1738	1214030849
125813	1718	1214531268
125819	1678	1219146015
125824	1712	1219882901
125849	1734	1227910725
125850	1748	1228443549
125851	1753	1228526629
125860	1702	1230220668
125866	1713	1230669743
125877	1722	1234991729
125878	1697	1235065599
125885	1719	1237033005
125888	1681	1239821987
125894	1721	1241362640
125902	1689	1243319361
125908	1733	1245576671
125919	1696	1247771331
125928	1733	1250253383
125930	1691	1250866451
125936	1705	1252984659
125942	1699	1254952032
125959	1775	1259961036
125963	1727	1260940679
125978	1682	1265031320
125989	1724	1267697226
125997	1756	1269388140
126005	1696	1271732024
126015	1686	1275081180
126023	1680	1279674541
126035	1740	1283559949
126037	1710	1284549618
126039	1734	1285380771
126055	1718	1288791628
126057	1721	1288988842
126074	1702	1295052154
126077	1741	1295668044
126081	1730	1296940890
126085	1774	1299594405
126102	1730	1302502380
126105	1588	1304169105
126110	1737	1304910265
126117	1722	1306495142
126118	1756	1307595860
126129	1729	1309344005
126130	1718	1309573590
126139	1675	1310922145
126144	1747	1314089139
126148	1713	1315017939
126151	1708	1315405584
126164	1697	1321579491
126170	1705	1322721553
126171	1706	1322748371
126178	1704	1324459806
126189	1666	1329872449
126202	1708	1335148122
126207	1661	1336399827
126213	1717	1337683425
126220	1677	1339287655
126222	1648	1341652853
126231	1711	1343886416
126236	1724	1344948823
126237	1779	1345668031
126242	1787	1346531675
126244	1713	1346774637
126252	1694	1348629636
126255	1697	1349199709
126262	1646	1351191752
126264	1705	1351593705
126265	1689	1351860315
126282	1724	1358563462
126289	1774	1362096057
126294	1730	1364250239
126295	1745	1364798470
126296	1781	1364936313
126299	1770	1365079390
126315	1761	1372771191
126317	1736	1373478058
126321	1773	1374947973
126325	1727	1375743963
126329	1746	1376942794
126345	1739	1381732655
126349	1731	1382298339
126363	1744	1385962196
126379	1748	1390953267
126384	1702	1392981324
126404	1678	1397842984
126408	1704	1398879296
126411	1802	1400174700
126417	1693	1403104030
126420	1672	1403621024
126421	1742	1403965638
126437	1688	1409519324
126447	1726	1411900449
126461	1714	1414798123
126462	1739	1414830168
126463	1765	1414892533
126476	1701	1416862884
126478	1713	1417827878
126482	1761	1419489968
126485	1665	1420383261
126487	1732	1446138428
126496	1693	1450677072
126500	1681	1451840204
126507	1720	1453772679
126508	1665	1453846879
126524	1545	1457409311
126533	1679	1460276950
126539	1720	1461961076
126543	1661	1462618735
126547	1710	1463192320
126550	1729	1463350910
126551	1741	1463379090
126555	1749	1464709210
126565	1743	1470050195
126567	1720	1471122523
126571	1705	1472479791
126581	1742	1476191014
126583	1682	1476907795
126594	1686	1479372128
126604	1704	1482283320
126614	1710	1483417630
126615	1694	1483799285
126620	1771	1484632092
126632	1740	1486564540
126646	1695	1492468549
126653	1679	1493832139
126656	1755	1493929946
126667	1759	1497637130
126670	1685	1498358364
126678	1723	1501691359
126689	1706	1504597569
126691	1699	1505041676
126700	1738	1506741962
126713	1539	1512477696
126715	1703	1512657859
126722	1339	1514588581
126731	1694	1516114756
126739	1044	1519858625
126741	1758	1520475537
126743	722	1520919119
126748	1649	1521749112
126751	1736	1522154491
126753	1697	1522406074
126756	1742	1522753513
126768	1684	1526142364
126783	1748	1530927363
126788	1701	1532689812
126794	1749	1533190660
126799	1699	1534784134
126801	1706	1534984453
126808	1716	1536078819
126823	1696	1540316270
126826	1715	1541707487
126828	1741	1542141079
126830	1658	1543204454
126834	1667	1543734433
126844	1729	1547129326
126852	1684	1551364323
126853	1673	1551517575
126863	939	1553357117
126865	1729	1554058347
126870	1705	1555604495
126874	1712	1556246748
126878	1740	1557338335
126879	1703	1557969172
126884	1743	1558309434
126900	1721	1562416848
126903	1673	1563232495
126904	1740	1563237356
126908	1712	1564684044
126909	1727	1564895446
126911	1717	1565840061
126912	1723	1565883781
126941	1761	1575334206
126952	1675	1578186565
126971	1700	1586457870
126972	1724	1586535775
126975	1687	1586894822
126977	1730	1587969456
126991	1759	1593730778
126999	1710	1594532422
127007	1705	1596688875
127009	1702	1597009680
127014	1684	1598127259
127017	1737	1598514064
127033	1701	1602130057
127039	1720	1603149002
127051	1733	1606691951
127057	1737	1607257664
127069	1728	1612860358
127076	1687	1614570613
127093	1741	1619389459
127107	1712	1623173986
127109	1131	1623369203
127117	1721	1625592486
127124	1723	1629464041
127129	749	1632495382
127132	1685	1633303819
127138	1757	1635121644
127141	1752	1636300266
127143	1706	1636510554
127144	1726	1636665325
127150	1749	1638565984
127159	1673	1640260271
127173	1717	1643996947
127175	1747	1645631698
127178	1733	1646636547
127186	1702	1648119953
127187	1701	1648140276
127193	1674	1649849442
127200	1738	1653827610
127201	1688	1654454891
127210	1712	1656991766
127220	1766	1659453457
127232	1730	1662723945
127237	1674	1664126885
127243	1716	1666632162
127255	1700	1668769673
127259	1688	1670502893
127263	1723	1671538334
127264	918	1671609269
127268	1726	1674621257
127274	1762	1675772740
127276	1709	1677791322
127278	1671	1678892099
127280	1694	1679134016
127282	1730	1680788043
127324	996	1690524784
127327	1764	1691225780
127336	1754	1696001081
127350	1719	1701267056
127352	1664	1701624803
127354	1716	1702637063
127364	1652	1705157387
127370	1678	1707208103
127394	1725	1711906060
127408	1698	1717887967
127412	1702	1718595749
127414	1690	1719182653
127423	1754	1721154678
127436	1640	1724634873
127438	1711	1725166095
127442	1722	1727010699
127446	1719	1728276352
127448	1746	1728536066
127450	1708	1728797950
127455	1725	1729925806
127475	1728	1736546870
127476	1240	1736691205
127478	1739	1737292539
127493	1724	1742300279
127495	1768	1742511904
127496	1734	1742678303
127498	1704	1743346564
127513	1614	1748445555
127525	1739	1752400697
127542	1732	1759210233
127552	1723	1762535144
127561	1709	1765373501
127582	1356	1773021004
127587	1692	1777457909
127591	1759	1779504245
127613	1755	1784559466
127615	1717	1785550820
127618	1710	1786196004
127625	1665	1787801190
127634	1743	1788717346
127637	1633	1789465864
127638	1742	1789529832
127656	1717	1798081499
127667	1761	1800364903
127677	1699	1801930298
127681	1709	1802929561
127686	1687	1803793583
127690	1682	1804263937
127692	1677	1805502615
127693	1657	1805568886
127699	1701	1806751046
127706	1725	1808685064
127716	1709	1811677507
127718	1724	1811716006
127725	1678	1813629276
127728	730	1814781882
127754	1705	1822564097
127755	1666	1822893103
127756	1704	1823024426
127761	1733	1824313996
127766	1684	1825661150
127772	1756	1826933983
127773	1688	1826983072
127783	1718	1830870318
127786	1726	1831776057
127805	1713	1839358159
127812	1714	1841140545
127821	1684	1843100904
127822	1758	1843119426
127823	1701	1843199443
127830	1697	1845302695
127835	1716	1846840261
127838	1712	1847627357
127842	1701	1850574005
127848	1637	1853311166
127859	1738	1857911966
127862	1742	1859285885
127874	1715	1861693910
127882	1715	1863763017
127884	1754	1863895227
127888	1712	1866837217
127892	1668	1868088139
127896	1696	1869978236
127900	805	1871757147
127908	1680	1874761944
127911	1733	1875337326
127914	1731	1878202486
127917	1693	1878447678
127919	1690	1879002050
127924	1721	1881365877
127929	1730	1883247513
127949	1730	1890546824
127952	1668	1891957090
127954	1681	1892963832
127955	1709	1893925663
127964	1737	1895354526
127965	1688	1895390460
127970	1670	1897066916
127973	1659	1899367379
127976	1663	1900241334
127979	1719	1901068041
127985	1740	1902467691
127990	1703	1904115913
128022	1747	1913873944
128023	1707	1914154222
128024	1729	1914578313
128027	1751	1915201336
128070	1715	1928330361
128077	1708	1929754026
128094	1741	1934791827
128111	1720	1941218711
128119	1695	1943631598
128127	1756	1945221295
128128	1660	1945448973
128134	1692	1946645169
128135	1698	1946939838
128137	1748	1947054010
128140	1759	1948846468
128141	1754	1949452668
128153	1746	1952673731
128162	1722	1957220827
128165	1691	1957350025
128178	1745	1962467136
128180	1703	1962867920
128181	1724	1963081158
128183	1726	1963335616
128195	1660	1966021504
128197	1572	1966534650
128198	1721	1966702832
128199	1694	1966706204
128200	1709	1966817271
128206	1713	1968128920
128209	1713	1968816859
128215	1736	1970694967
128222	1767	1972027368
128224	1754	1972332015
128240	1717	1976788483
128249	1699	1981500103
128255	1712	1983570857
128259	1697	1986424203
128267	1730	1988361809
128279	1715	1991772607
128286	1672	1993631078
128296	1652	1996178328
128300	1693	1997569061
128306	1728	2001769231
128308	1729	2002110217
128314	1771	2003640860
128319	1766	2005370296
128320	1747	2005586192
128322	1742	2006070366
128338	1743	2010442719
128339	1683	2010662346
128340	1676	2010977038
128352	1684	2014791826
128354	1730	2015171055
128378	1744	2023024175
128380	1700	2023224744
128382	1710	2024118354
128406	1757	2029619441
128408	1754	2029832065
128410	1745	2030247248
128417	1691	2032986740
128421	1675	2033856432
128430	1718	2036342663
128431	1687	2036732330
128444	1703	2039397829
128453	1720	2043239936
128456	1677	2044192794
128457	1737	2044261264
128467	1723	2047612352
128468	1718	2048089861
128472	1702	2049178383
128480	1690	2052389979
128485	1683	2052954068
128494	1710	2054838704
128497	1694	2055594184
128504	1737	2059792647
128505	1715	2060568359
128506	1698	2062267751
128508	1694	2063426052
128528	1723	2069242354
128534	1684	2071247195
128537	1728	2071859361
128549	1756	2073443842
128554	1680	2075771752
128581	690	2083285908
128586	772	2085367436
128600	1679	2088566486
128601	1693	2088717890
128609	1697	2090746270
128612	1737	2091331665
128614	1754	2091716719
128616	1702	2092437799
128627	1719	2096741772
128638	1724	2100386012
128645	1651	2104398555
128653	1706	2106403968
128658	1680	2108180844
128660	1688	2108337752
128676	1751	2112919404
128692	1719	2116923671
128693	1719	2117442089
128714	1719	2125306793
128723	1706	2127288187
128725	1673	2129022722
128728	1724	2130434207
128737	1695	2133071370
128754	1777	2138804872
128757	1658	2139804905
128762	1752	2140259593
128764	1705	2140830008
128765	890	2140953691
128769	1733	2144489379
128781	1730	2149770642
128782	1694	2150268089
128798	1725	2155913554
128800	1768	2156421708
128801	1713	2156645204
128822	1700	2161662496
128832	1214	2165294965
128833	1716	2165519460
128834	1765	2166168630
128839	1747	2167347646
128851	1716	2170615840
128867	1700	2177139289
128868	1699	2177151228
128874	1711	2180004578
128880	1699	2182630316
128884	1708	2185060032
128907	1640	2190785038
128914	1688	2191681392
128921	1693	2193367263
128923	1727	2194352717
128935	1718	2198868861
128940	1663	2200766256
128941	1707	2201764786
128945	1721	2202360070
128950	1693	2205579976
128956	1679	2207911668
128957	1753	2208296449
128960	1725	2208570340
128962	1716	2209149370
128963	1683	2209186599
128964	1661	2209262303
128972	1665	2211331633
128975	1748	2211845310
128984	1742	2212952998
128989	1757	2215060655
129000	1664	2216809853
129002	1466	2217035012
129018	1749	2222850709
129026	1756	2227435425
129033	1739	2230792507
129035	1721	2232026425
129048	1707	2237196296
129049	1708	2237288539
129057	1722	2240378823
129064	1734	2240890498
129066	1739	2242337580
129070	1700	2242681888
129096	1696	2254077326
129097	1759	2255212347
129101	1712	2256835840
129105	1689	2258455768
129110	1745	2259273310
129112	1737	2261240420
129116	1693	2262851798
129117	1732	2263502889
129124	1761	2267625980
129127	1727	2268184357
129131	1701	2269179727
129132	1647	2269701244
129133	1712	2269753327
129138	1746	2271441654
129140	1748	2272225198
129142	1663	2273040910
129143	1725	2273105654
129149	1712	2276268776
129151	1709	2276333420
129153	1677	2276560952
129154	1722	2277488638
129161	1724	2279571189
129162	1687	2280214074
129163	1690	2280218397
129164	1692	2280511894
129166	1635	2281444739
129176	1750	2283870200
129181	1698	2287529296
129191	1728	2289714716
129195	1696	2291826216
129213	1770	2296216300
129222	1747	2298813430
129224	1712	2299177722
129238	1731	2303266101
129239	1745	2303872606
129242	1678	2304683304
129259	1679	2311107560
129272	1780	2312748698
129277	1713	2313438510
129297	1726	2318723435
129307	1706	2321982806
129312	1725	2323077677
129321	1698	2327506039
129340	1693	2332035390
129341	1707	2332311550
129348	1731	2333887553
129349	1736	2334026174
129358	1763	2337105937
129370	1737	2340545057
129373	1722	2341800206
129376	1714	2342283635
129382	1688	2343300302
129388	1727	2344805343
129391	1752	2345397871
129413	1674	2357420187
129419	1342	2358959752
129425	1756	2359755352
129428	1731	2360563593
129433	1693	2361295507
129440	1743	2362837681
129444	1695	2363776749
129451	1727	2365783784
129454	1723	2367126997
129457	1695	2369922914
129464	1609	2371881571
129479	1654	2375850850
129484	1731	2376856550
129511	1681	2386877612
129528	1699	2392794046
129529	1669	2393723242
129537	1736	2395431700
129540	1700	2396072749
129543	1687	2396939727
129546	1695	2398467843
129558	1697	2401193815
129576	1688	2405535612
129578	1705	2406620213
129592	1681	2410633885
129602	1737	2411974971
129607	1715	2414760117
129609	1697	2415396988
129613	1702	2417195914
129614	1713	2417262581
129619	1719	2418244495
129626	1620	2421104601
129637	1732	2422972856
129655	1725	2428065816
129674	1775	2434402359
129696	1693	2441483365
129700	1683	2443630368
129705	1723	2444148177
129710	1721	2446079109
129711	1703	2446163041
129712	1743	2446248829
129714	1700	2447550979
129719	1739	2449174909
129720	1688	2449428800
129723	1672	2452345477
129724	1712	2452837305
129725	1754	2453055850
129731	1697	2454357819
129735	1723	2456183973
129739	1763	2458151282
129746	1706	2459232559
129755	1689	2461784625
129762	1728	2464751909
129763	1689	2465433898
129764	1710	2465485719
129774	1700	2468139453
129776	1716	2468927268
129785	1651	2474323612
129793	1753	2475435135
129795	1746	2476338456
129796	1777	2476482402
129799	1751	2476958396
129803	1691	2477476419
129804	1684	2477869399
129806	1678	2478273973
129830	1717	2485706883
129831	1696	2486037681
129845	1682	2489258957
129857	1753	2493733335
129862	1689	2493938790
129874	1719	2495899175
129875	1702	2496342526
129883	1662	2498667084
129890	1684	2501178463
129900	1759	2502915932
129917	1685	2508706706
129927	1711	2511837059
129935	1703	2515443290
129960	1737	2522044639
129961	1683	2522138088
129966	1640	2523159213
129975	847	2525759755
129981	1720	2527496326
129982	1732	2527556268
129989	1735	2529301264
129990	1700	2529704030
130015	1702	2537006546
130017	1712	2537506781
130021	1766	2538824845
130022	1720	2539134718
130035	1711	2544306242
130037	1724	2545974563
130054	1752	2551226406
130066	1676	2557439673
130068	1692	2557958082
130081	1701	2561367468
130086	1759	2562953681
130105	1661	2568206829
130107	1781	2568971814
130111	1738	2570450581
130112	1683	2570785589
130115	1699	2571761702
130130	1604	2578994362
130133	1721	2579981777
130138	1740	2581597263
130155	1641	2588051329
130156	1729	2588054206
130158	1774	2588146186
130161	1728	2588610293
130165	1739	2589455780
130166	1662	2590245829
130172	1655	2591819507
130173	1748	2592243526
130174	672	2592820289
130178	1767	2593474156
130185	1745	2598115990
130186	1684	2598228930
130193	1724	2600760906
130210	1695	2606174854
130214	1765	2607478385
130215	1720	2607953603
130219	1711	2608689690
130226	1729	2610992523
130228	1738	2611271888
130236	1707	2613652191
130241	1686	2616916515
130250	1738	2617909142
130265	1722	2620186016
130269	1694	2620531826
130277	1716	2621407902
130285	1725	2623778668
130286	1733	2624404223
130291	1747	2625835701
130299	1725	2628565415
130321	1639	2637111352
130336	1726	2640276929
130345	1704	2642245634
130364	1722	2646101450
130371	1734	2649494353
130376	1709	2651380510
130378	1671	2651539809
130379	1682	2651718673
130387	1746	2653385968
130390	1751	2654612388
130417	1735	2662911542
130427	1729	2664768575
130435	1697	2666350921
130445	929	2669675587
130461	1665	2673810810
130466	1732	2674387074
130474	1697	2679482397
130480	1714	2681911961
130484	1734	2683316692
130498	1691	2685857946
130504	1715	2687068292
130509	1767	2688214636
130510	1738	2688411276
130512	1696	2688716131
130524	1713	2692313630
130525	1686	2693086396
130541	1705	2698800356
130542	1723	2699234349
130582	1666	2709872576
130585	1776	2710464161
130590	1711	2711931280
130595	1732	2713726135
130599	1738	2714375036
130602	1688	2714968192
130604	1678	2715164024
130614	1724	2716863557
130615	1725	2717327736
130617	1714	2720092617
130629	1689	2721947410
130639	1669	2725206231
130647	1686	2728043875
130654	1750	2730890307
130655	1690	2731328096
130659	1697	2732674992
130660	1687	2732733209
130662	1733	2732851211
130663	1701	2733100364
130664	1728	2734289040
130670	1661	2735056446
130673	1698	2735982998
130685	1720	2742871831
130699	1666	2746685952
130701	1678	2747724233
130703	1716	2748522533
130705	1714	2748751828
130707	1712	2749052613
130714	1756	2751448973
130738	1779	2760837340
130744	1738	2762652257
130756	1748	2765429909
130762	1717	2766701516
130777	1681	2769886836
130779	1728	2770474328
130784	1722	2771444610
130791	1729	2773327499
130793	1732	2773469637
130794	1749	2773634455
130795	1723	2773700259
130809	1693	2777597542
130814	1671	2780825588
130818	1702	2781750306
130823	1766	2783047994
130839	1690	2787532790
130840	1711	2787580358
130843	1710	2789268500
130860	1751	2793774626
130864	1706	2795247996
130868	1705	2795575932
130874	1733	2797004747
130887	1697	2801447414
130890	1738	2802132563
130894	1714	2803479900
130895	1705	2803741583
130902	1681	2805058756
130907	1659	2806644355
130914	1696	2808599379
130917	1753	2809112425
130921	1702	2809884700
130923	1711	2810556882
130924	1672	2810774256
130931	1679	2813740180
130936	1643	2814913822
130937	1676	2814968105
130947	1651	2816806389
130950	1746	2818561907
130959	1760	2822297531
130961	1740	2822527478
130977	1680	2826271437
130979	1770	2827158251
130984	1752	2828635187
131002	1733	2833207154
131017	1735	2835866861
131022	1725	2838627184
131032	1687	2841455973
131033	1681	2842948323
131034	1749	2843135880
131035	1717	2843413817
131039	1755	2845079213
131059	1741	2851121105
131062	1714	2851648453
131070	1696	2853883034
131071	1680	2854056216
131084	1747	2860214404
131085	1699	2860325095
131098	1709	2865506379
131100	1672	2865903413
131108	1665	2868250594
131109	1668	2868260281
131125	1723	2873643278
131126	1760	2873744239
131127	1673	2873897396
131129	1756	2874777800
131139	1759	2877966442
131140	576	2877978725
131159	1709	2883979255
131164	1726	2886401442
131165	1748	2886519256
131167	1698	2887102167
131168	1759	2887116026
131170	1719	2888632680
131171	1667	2888768444
131181	1701	2893795035
131183	1712	2894077925
131195	1634	2897853389
131197	1681	2898002790
131211	1695	2904916313
131215	1739	2905503012
131219	1701	2906750305
131220	1717	2906872199
131229	1658	2908897659
131231	1701	2909480951
131234	1719	2910066076
131235	1729	2912837377
131236	1691	2913085084
131246	1773	2913905526
131249	1723	2915394801
131253	1737	2918005634
131255	1688	2918273011
131256	1711	2918695511
131264	1663	2921989764
131265	1756	2922141266
131267	1722	2924466081
131272	1744	2926674178
131273	1739	2926792905
131275	1661	2926809173
131287	678	2929540081
131294	1731	2931211401
131310	1724	2935389959
131315	1738	2936065437
131328	1704	2939644756
131337	1709	2942184296
131345	1717	2946647559
131346	1727	2946934672
131356	1768	2948782149
131357	1752	2948806254
131359	1678	2949200251
131365	1685	2950780388
131384	1717	2958345721
131387	1759	2959403239
131392	1708	2962061212
131396	1676	2962682585
131405	1760	2968075567
131410	1743	2968942754
131420	1712	2971959484
131423	1715	2973014414
131430	1713	2975859948
131435	1059	2976902310
131436	1702	2977095265
131439	1681	2978344245
131441	1670	2978698654
131443	1760	2979014245
131453	1742	2983794529
131454	1648	2986086880
131457	1672	2986573559
131461	1720	2988320874
131469	1710	2991696726
131477	1718	2994903315
131486	1716	2997860873
131490	1668	2998888061
131499	1728	3000899821
131502	1715	3002505703
131504	1728	3003293551
131514	1745	3006708499
131519	1729	3008460696
131520	1749	3008679521
131530	1774	3010634319
131533	1680	3011294836
131539	1695	3013136454
131553	1727	3015908302
131564	1688	3018719793
131595	1714	3029627815
131604	1744	3031753368
131626	1657	3038980477
131628	1175	3039614101
131632	1709	3041249886
131633	1688	3041759020
131640	1699	3043051284
131647	1686	3047711295
131649	1672	3047881865
131651	1757	3048844235
131661	1748	3052544618
131666	1738	3053867777
131677	1724	3056333208
131709	1695	3067375363
131724	1699	3069642296
131752	1691	3078971917
131754	1744	3079336828
131779	1715	3088942980
131784	1726	3091177120
131792	1725	3093817373
131795	1731	3094906375
131796	1719	3095405113
131798	1767	3095570271
131799	1679	3095754470
131805	1722	3097257249
131812	1722	3098786255
131816	1750	3099174354
131828	1706	3102332645
131837	1657	3104567182
131847	1756	3110274871
131851	1736	3111616061
131886	1683	3122008453
131891	937	3123712867
131892	1722	3124070331
131895	1682	3125477699
131898	1715	3128895825
131911	691	3133048262
131912	1705	3133595786
131916	1699	3134067009
131917	1647	3134201277
131936	1758	3137659573
131951	1712	3144046409
131953	1686	3144466537
131964	1726	3149629138
131969	1770	3150836440
131981	1730	3153501187
131983	1710	3153681195
131985	1685	3153885671
131993	1715	3156251586
131994	1725	3156686486
131996	1652	3156946347
132000	1738	3157452046
132003	1734	3158480702
132008	1741	3160332309
132014	1689	3162199156
132015	1694	3162646070
132024	1763	3164693329
132026	1702	3164735063
132028	1719	3165513599
132039	1671	3171450606
132040	1751	3171620174
132046	1747	3172671753
132049	1730	3172929031
132057	1722	3174650934
132074	1738	3181306049
132088	1697	3186180641
132095	1705	3190498653
132106	1708	3194230108
132112	1691	3197722494
132114	1695	3198550700
132115	1741	3198634560
132117	1744	3198813283
132120	1685	3200493473
132122	680	3201271507
132124	1689	3203016470
132128	1743	3203864858
132131	1688	3204974063
132133	1698	3205194988
132140	1749	3206603734
132151	1751	3212128533
132152	1686	3212348316
132156	1723	3212971119
132170	1728	3217061916
132176	1678	3217886734
132186	1726	3222443705
132193	1262	3223953344
132195	1693	3224828445
132204	1730	3228767195
132209	1757	3230861297
132214	1736	3232668311
132218	1732	3234305991
132220	1706	3235173225
132229	1706	3237680563
132248	1726	3243040735
132256	1726	3245546422
132260	1727	3246052929
132261	1732	3246672687
132277	1670	3251334522
132290	1720	3257650704
132292	1720	3258465460
132302	1737	3261405777
132303	1679	3261525020
132307	1706	3262529505
132309	1723	3262733135
132318	1727	3264967210
132319	1732	3265272035
132327	1719	3267914029
132329	1723	3268770402
132350	1727	3274677912
132382	1743	3281657970
132392	1721	3283658479
132393	1717	3284090923
132398	1736	3285109793
132414	1731	3288544553
132422	1688	3292566798
132453	1659	3302822770
132459	1737	3304773957
132481	1723	3309205771
132487	1746	3312652283
132502	1711	3316709470
132503	1659	3316750222
132509	1697	3318484372
132512	1383	3319214923
132518	1737	3319891189
132525	1732	3320954839
132526	1704	3321698558
132529	1717	3322326014
132535	1710	3323866478
132539	1672	3325342502
132541	1749	3326243182
132548	1711	3327780367
132557	1687	3329971223
132559	1667	3332416954
132579	1704	3339849826
132581	1711	3340765345
132589	1690	3343957762
132608	1673	3347997494
132609	1706	3348105799
132627	1774	3351579585
132628	1690	3353149980
132635	1675	3355312527
132643	1666	3357116125
132645	1740	3357320845
132652	1677	3358617509
132653	1747	3359137900
132655	1377	3359551116
132659	1722	3360141519
132660	1734	3360649283
132669	1711	3362627356
132672	1678	3363409706
132677	1714	3365409401
132684	1741	3367911283
132687	1731	3368543658
132703	1689	3376783437
132706	1702	3377095079
132716	1716	3380165317
132721	1710	3381288716
132724	970	3382387297
132737	1697	3386323497
132741	1690	3388280476
132749	1731	3389164221
132754	1676	3390426866
132756	1674	3391240430
132757	1734	3391457155
132763	1672	3394715601
132767	1680	3395382615
132775	1336	3399326148
132781	1682	3402357588
132783	1677	3402675602
132786	1714	3403009415
132793	1727	3405941401
132796	1732	3407211767
132811	1697	3411204595
132814	1688	3412016093
132821	1736	3415863964
132825	1672	3416983865
132832	1718	3419546414
132883	1690	3432669343
132886	1711	3433479136
132894	1724	3436615246
132898	1696	3437429894
132899	1728	3437660583
132921	1744	3445822472
132923	1682	3446751480
132931	1740	3448924527
132935	1744	3450063829
132937	1733	3450647098
132942	1332	3452820744
132943	1769	3453038686
132945	1684	3454424170
132963	1745	3461331374
132968	1755	3462752099
132973	1700	3464407516
132975	1727	3464908832
132987	1709	3468780940
132995	1749	3472360161
132997	1753	3473224776
133009	1710	3477394378
133013	1746	3478197768
133015	1774	3478417344
133020	1699	3479076456
133022	1685	3479529173
133032	1676	3484200515
133033	1737	3485317056
133067	983	3497113511
133078	1743	3499169380
133085	1674	3501467923
133087	1728	3501819544
133091	1726	3503336724
133093	1705	3503632301
133098	1740	3505664651
133099	1658	3506318985
133100	1730	3506660678
133102	1771	3506799889
133103	1776	3506863440
133105	1712	3507176248
133120	1681	3510802565
133126	1697	3512123176
133130	1675	3513665269
133147	1731	3520886668
133149	1766	3521437593
133166	1723	3526776330
133167	1721	3526923751
133169	1728	3527122312
133199	1716	3536507015
133200	1703	3536629173
133201	1750	3537182788
133206	1699	3540824385
133226	1740	3547257939
133249	1711	3551850347
133252	1728	3552716747
133257	1670	3554549102
133263	1776	3560075297
133267	1710	3561586391
133269	1720	3561967508
133285	1726	3568777437
133294	1745	3572132168
133295	1770	3572141482
133299	1697	3573447857
133300	1698	3574071177
133304	1696	3574573727
133305	1735	3574668728
133312	1520	3577309697
133325	1687	3582688557
133331	1707	3583942721
133335	1740	3584548474
133337	1740	3585072283
133341	1712	3585508101
133342	1717	3585619669
133362	1478	3591069041
133364	1718	3591481072
133369	1668	3594182021
133373	1692	3595202866
133376	1715	3595613528
133377	1756	3595787010
133378	1688	3595831705
133385	1747	3597505391
133393	1692	3598891301
133397	1714	3601712180
133422	1747	3607980608
133440	1751	3612217880
133447	1673	3614657197
133456	1748	3616538825
133461	1666	3617348455
133467	1697	3618278216
133468	1685	3618525987
133469	1682	3618564983
133491	1768	3627218699
133493	1699	3627417061
133495	1753	3627601483
133497	1747	3628334698
133501	1699	3629975241
133503	1750	3630475813
133522	1735	3634203902
133543	1156	3642984668
133551	1665	3646527977
133552	1709	3646923032
133558	1707	3649687356
133571	1741	3652476850
133579	1678	3654726584
133584	1691	3655521296
133602	1650	3662849584
133605	1701	3663920291
133626	1733	3669255076
133647	1697	3675775501
133660	1706	3679729232
133681	1714	3687703603
133683	1706	3687954576
133685	1676	3688528030
133695	1688	3691523587
133699	1744	3692844147
133705	1728	3694027536
133716	1739	3697998861
133717	1723	3698077171
133723	1746	3698820400
133725	1683	3699139651
133730	1714	3700208528
133736	1708	3702910688
133739	1701	3704013201
133785	1738	3717993564
133788	1600	3718513479
133806	1704	3725120324
133813	1699	3728875493
133815	1742	3729066778
133819	1754	3731366919
133826	1717	3734470605
133827	1766	3735191360
133838	1722	3743777327
133847	1701	3746611638
133853	1688	3748007821
133854	1703	3748548565
133863	1748	3750578526
133869	1713	3751456183
133870	1709	3751941628
133897	1658	3759182125
133902	1692	3759882843
133905	1701	3760277603
133908	1702	3760786647
133917	1688	3764647918
133919	1718	3765460824
133922	1644	3766983315
133924	1705	3767473119
133927	1695	3768864510
133928	1719	3769049674
133935	1672	3770708386
133937	1687	3771025695
133947	1737	3772735060
133948	1719	3773012683
133951	1694	3774779877
133966	1725	3780478125
133969	1688	3780914569
133970	1673	3781868386
133973	1680	3782217601
133976	1718	3782526622
133993	1649	3788256841
134007	1697	3792243717
134008	1665	3792266441
134029	1743	3796399766
134031	1734	3796690841
134032	1697	3797396561
134037	1758	3799645226
134041	1712	3801713968
134046	1715	3802987385
134052	1752	3804680750
134056	1716	3807250828
134064	1722	3809476190
134066	1734	3809662271
134081	1691	3814782594
134086	1729	3816510992
134093	1700	3817842540
134094	1764	3818363700
134101	1705	3819827277
134109	1735	3821198783
134120	1718	3824628081
134124	1705	3825449455
134126	1735	3826312023
134139	1685	3833667021
134143	1684	3835680354
134145	1689	3836272284
134162	1708	3839841755
134170	1675	3841527888
134174	1376	3843757318
134177	1737	3845483290
134178	1737	3845551249
134192	1731	3850186353
134206	758	3855921968
134214	1755	3858697374
134224	1734	3861791914
134227	1669	3862508080
134239	1701	3865959226
134259	1706	3871653061
134264	1758	3873247983
134268	1711	3874805262
134280	1733	3878533532
134295	1673	3882777823
134298	1721	3883803509
134302	1729	3884442333
134305	1704	3884895287
134312	1712	3889263808
134322	1715	3891044868
134329	1759	3891811801
134339	1742	3893853721
134341	1656	3894347260
134347	1744	3895699447
134348	1698	3896037794
134355	1749	3898152170
134356	1708	3898168827
134357	1668	3898648274
134360	1721	3899489969
134374	1692	3905441053
134376	1690	3906148222
134378	1740	3906324337
134383	1685	3907381618
134386	1685	3909472212
134399	1727	3914810648
134415	1679	3919167224
134422	1685	3921394387
134427	1707	3922758936
134432	1691	3924629716
134434	1736	3924899662
134440	1714	3926300076
134449	1685	3930625996
134458	1750	3932568158
134468	1661	3935723565
134477	1733	3937973100
134481	1710	3938928905
134484	1771	3939947189
134485	1704	3940885600
134490	1695	3941521965
134492	1709	3942591240
134496	1630	3944125037
134499	1721	3945162713
134519	1706	3953222950
134520	1692	3954387382
134523	1719	3955608944
134528	1728	3956816086
134531	1718	3957903800
134538	1678	3960547116
134561	1724	3967669081
134567	1755	3970747243
134570	1695	3972204559
134577	1715	3974307841
134578	1735	3974331838
134583	1742	3974935937
134587	1700	3976314240
134594	1719	3977061993
134600	1736	3978032603
134608	1723	3980946888
134614	1751	3982366514
134615	1694	3982451870
134622	1678	3984519651
134623	1729	3984586740
134641	1688	3988337758
134643	1683	3988548034
134652	1744	3992368279
134662	1696	3995631150
134663	1711	3995791937
134664	1721	3995856292
134668	1730	3996496637
134676	1708	3999059429
134681	1768	4000043567
134695	1685	4004477594
134703	1697	4006840363
134704	1711	4006921042
134710	1726	4010043805
134714	1700	4013600842
134716	1763	4014332848
134745	1731	4021935952
134747	1743	4022447468
134750	1649	4023498160
134786	1667	4035137368
134789	1727	4036406097
134806	1680	4043290886
134808	1690	4043394233
134816	1730	4044284546
134820	1736	4045172887
134825	1674	4046843988
134833	1774	4048052364
134844	1721	4053927639
134845	1686	4054137572
134852	1723	4056783771
134855	1713	4057982688
134870	1761	4061098230
134871	1685	4061293932
134873	1704	4061612661
134890	1706	4064768135
134892	1709	4065109436
134893	1762	4065171735
134899	1735	4067121686
134902	1720	4068337075
134910	921	4070764172
134928	1648	4077033609
134932	1740	4077652979
134937	1740	4079373522
134940	1689	4080820326
134948	1717	4082270866
134956	1722	4084843082
134962	1740	4086653996
134976	1744	4093917484
134978	1721	4094260511
134979	1679	4094498771
134981	1647	4095267135
134983	1769	4095545838
134991	1718	4098219595
134997	1715	4099202523
135016	1698	4102788967
135035	1721	4106415170
135037	1753	4106791003
135045	1765	4108357074
135067	1745	4117097574
135068	1711	4117535688
135072	1683	4118793793
135104	1698	4128205463
135111	1711	4131059231
135125	1683	4133642983
135127	1697	4134544049
135128	1363	4136607118
135133	1720	4137820551
135134	1722	4137869513
135137	1717	4138278753
135148	1665	4141428374
135149	1697	4141905292
135152	1689	4142841931
135153	1688	4143060320
135159	1673	4144845927
135165	1686	4145284279
135167	1702	4145636980
135186	1712	4152452675
135187	1698	4152485395
135194	1740	4154907669
135222	1716	4163601129
135223	1747	4163827924
135226	1759	4165346025
135234	1669	4167574573
135236	1757	4168490041
135249	1694	4172231667
135252	1710	4172610434
135264	1762	4177390382
135266	1227	4177854155
135272	1690	4178765890
135273	1736	4179030733
135278	1746	4180736011
135297	1751	4186687511
135305	1705	4188490847
135318	1692	4191566058
135325	1703	4194181198
135330	1711	4197518019
135334	762	4198909611
135350	1684	4203944628
135352	1728	4204580243
135355	1737	4204855023
135356	1712	4205201956
135360	1732	4208076317
135363	1779	4208862247
135382	1722	4213835645
135383	1677	4213957821
135384	1736	4213989469
135388	1683	4215693838
135390	1722	4218176766
135397	1697	4220507323
135406	1742	4223643460
135418	1730	4225981898
135434	1700	4230940986
135440	1761	4232828327
135453	1678	4234717550
135456	1714	4235692667
135463	1697	4239017654
135467	1708	4240792131
135470	1722	4241178031
135494	1698	4247427008
135508	1698	4250243063
135515	1698	4253006952
135520	1718	4255024547
135522	1726	4255261076
135526	1668	4255826058
135527	910	4256147167
135535	1714	4260671057
135539	1718	4262173010
135542	1416	4262905573
135560	1747	4267618528
135575	1761	4271711520
135582	1647	4274086256
135604	1696	4280674317
135614	1647	4282302183
135616	1688	4283032841
135618	1729	4283670754
135645	1677	4290026304
135646	1733	4290370792
135674	1680	7455125
135680	1693	8868904
135681	1736	8897742
135692	1723	11289205
135704	1723	14560272
135707	1778	15607741
135708	1690	15887063
135713	1668	16903014
135726	1685	20697586
135740	1695	26915664
135742	1730	27433701
135767	1631	34842069
135768	1723	35022004
135775	1715	36172018
135780	1707	37420098
135789	1737	39574378
135791	1772	40168354
135792	1674	40296940
135795	1752	40523817
135830	1708	50043936
135831	1674	50223703
135834	1727	51642134
135843	933	55754299
135848	1717	56876861
135863	1699	59873975
135869	1671	60634955
135870	1691	60894957
135878	1688	63686987
135886	1695	64876784
135889	1662	67711431
135914	1688	73928532
135915	1750	74008971
135917	1674	74173248
135951	1743	83078047
135954	1712	84255483
135964	1759	87740496
135976	1784	92454380
135984	1795	94565855
135986	1714	94726234
135991	1732	95470226
135997	1697	97053901
136005	1679	98983295
136009	1748	99411806
136014	1718	100680345
136035	1704	108975189
136038	1740	109385702
136045	1752	110924087
136051	1772	113829834
136060	1763	115620994
136061	1662	115806688
136106	1749	130862499
136117	1745	134157858
136123	1767	135024543
136124	1761	135075410
136126	1756	135250750
136134	1733	136519907
136145	1733	138807315
136148	1719	138998497
136157	1737	140672611
136171	1670	146691780
136173	1692	148868055
136179	1700	152195054
136191	1678	155217197
136193	1670	155506486
136194	1735	156061595
136195	1673	156115422
136198	1747	156871878
136200	1687	157904047
136202	1718	159015884
136210	1665	160985755
136211	1779	161058187
136215	1268	161510364
136222	1717	162625364
136234	1674	166285463
136240	1704	167124791
136254	1706	171746283
136256	1700	172074215
136279	1731	176968834
136281	1713	177507197
136284	1677	178110775
136285	1694	178597983
136286	1724	178785820
136295	1676	180453361
136307	1717	184731182
136323	1711	190562636
136324	1705	190890054
136340	1744	197469157
136351	868	199947952
136353	1740	200423373
136360	1672	202560627
136363	1688	204153980
136371	1667	205383415
136378	1697	206821633
136384	1681	208405765
136400	1685	216032460
136402	1755	217078993
136405	1743	218407141
136410	1682	219680750
136414	1734	220592234
136425	1678	222490768
136427	1754	223228712
136443	1725	228136268
136465	1703	234818740
136487	1710	240998366
136505	1705	246836358
136507	1742	246937138
136513	1687	250918604
136514	1698	251062601
136518	1705	251979906
136527	1676	255141032
136528	1752	255511237
136544	1760	258773618
136547	1690	259574225
136555	1717	262194295
136556	1741	262423650
136557	1692	262455934
136570	1739	265529052
136575	1661	266639473
136584	1652	271804052
136602	1686	277987766
136607	1683	279195424
136615	1678	281764297
136654	1702	296291591
136667	1761	298830983
136669	1775	299358462
136675	1722	300940116
136679	1747	301672835
136684	1702	302795286
136717	1702	312037305
136720	1686	312870733
136730	1708	315282149
136744	1696	320156071
136746	1730	320423915
136749	1705	321029539
136752	1682	321269628
136758	1688	323305298
136777	1757	327386759
136786	1719	328294284
136790	1689	329497214
136800	1764	335269450
136812	1659	338574410
136815	1684	339451715
136821	1740	340733621
136824	1728	341944478
136832	1661	344534311
136834	1729	345660805
136868	1701	356570888
136870	1692	356792267
136879	1697	361028170
136880	1727	361281907
136882	1742	361358515
136884	1708	361758128
136885	1728	361786704
136893	1700	364133603
136895	1712	364253443
136897	1702	364499745
136907	1730	366215418
136912	1698	367898976
136914	1695	369503879
136917	1705	370186902
136925	1692	371055252
136929	1779	371996055
136942	1679	378257996
136951	1681	383847011
136963	1762	386965354
136964	1678	387001954
136977	1685	389842842
136988	1710	396569013
136995	1693	397629673
137003	1736	399052425
137008	1723	400089476
137010	1722	400743428
137011	1736	400976707
137034	1706	405762896
137054	1741	412761697
137068	1711	416764446
137071	1715	418056544
137075	1748	420503919
137082	1694	422002319
137084	1765	422346939
137092	1704	425949410
137106	1714	428957540
137115	1731	431674431
137128	1693	437176310
137130	1690	437439331
137131	1723	437447095
137148	1680	442664719
137149	1703	443368451
137159	1742	446062673
137160	1711	446396454
137179	1716	450856170
137197	1718	457416936
137208	1726	462007900
137219	1731	463578769
137233	1724	467679479
137237	1727	468399334
137238	670	468584224
137249	1718	470515843
137250	1730	471180532
137254	1700	472324103
137259	1714	473176238
137269	1730	477761062
137284	1765	481589313
137287	1707	482076526
137292	1721	483245679
137296	1706	484582194
137304	1721	486332521
137305	1722	486438936
137312	1714	488031223
137315	1720	489634613
137328	1665	492481949
137333	1677	494429318
137336	1670	497402309
137355	1749	502672319
137356	702	502940349
137365	1748	505202559
137366	1678	505734428
137369	1689	506082019
137371	1717	506581992
137373	1720	507713596
137380	1678	510468339
137389	1712	511966662
137392	1211	512183481
137397	1701	513614386
137403	1683	514360377
137432	1702	522422652
137437	1700	523052518
137461	1689	529588620
137466	1662	531065544
137468	1703	531321312
137471	1695	531966287
137473	1448	532488692
137474	1746	533067448
137478	1714	534193650
137480	1705	534782184
137481	1730	534825295
137486	1698	536242410
137487	1713	536507051
137490	1690	536898953
137492	1718	537165411
137497	1688	539848713
137507	1711	542133374
137544	1721	551340426
137552	1661	553378911
137559	1737	554418870
137564	1680	555653096
137568	1748	556900054
137573	1641	557467327
137574	1651	557639516
137575	1738	557855317
137580	1727	561217639
137592	1659	563648212
137599	1743	565306646
137605	1707	566399348
137613	1713	568996303
137616	1710	569603538
137619	1737	570008430
137627	1701	572976968
137630	1735	574189077
137634	1733	575490772
137645	1729	578824249
137647	1733	579002585
137651	1729	581469436
137656	1726	583094475
137658	1669	583906530
137665	1707	586036343
137675	1661	588631037
137682	1670	589697141
137696	1670	593813991
137712	1740	597768059
137716	1724	598683173
137718	1382	598910142
137721	1723	602458931
137747	1741	607675548
137757	1720	609939858
137759	1708	610367947
137788	1674	622069007
137789	1687	622480964
137797	1701	624155028
137798	1719	624609472
137800	1684	625256516
137803	1704	626413163
137806	1701	627053645
137811	1671	627757634
137847	1689	635511849
137866	1708	643127886
137867	1721	643959243
137868	1754	644154831
137895	1686	651334529
137896	1708	652064203
137901	1679	653836157
137919	1704	659345216
137926	1705	663140596
137931	1486	663792860
137937	1709	665732057
137944	1653	668287695
137951	1715	670087454
137956	1693	671840920
137962	1691	673532855
137972	1697	674896148
137974	1681	675296268
137977	1737	676682334
138005	1743	685642408
138006	1709	685807968
138019	1017	691081503
138035	1717	695609821
138036	1719	695868886
138050	1723	699024358
138056	1705	700181012
138084	1685	709028997
138111	1704	717324045
138118	1719	719265330
138120	1701	719571318
138138	916	726850093
138141	1710	727365445
138145	1713	727622276
138149	1711	729339763
138156	1697	730578945
138186	1693	740013176
138187	1732	740084525
138193	1680	742121002
138194	1737	742173600
138201	1736	746469271
138206	1711	747593651
138208	1709	748135836
138209	1775	748252048
138210	1679	748762842
138213	1664	749339112
138216	1767	749806093
138229	1726	753888303
138233	1699	754772250
138258	1689	760517293
138259	1735	760600115
138261	1718	760985240
138273	1700	765201031
138278	1696	767327878
138279	1694	767424739
138280	1698	768445056
138284	1724	769684720
138288	1729	770420136
138305	1705	775914743
138306	1733	776392919
138344	1719	788719651
138347	1718	789434114
138348	1747	789477081
138353	1697	791383053
138357	1684	793255162
138362	1690	795390332
138364	1753	795474715
138368	1674	796413096
138387	1701	802633173
138421	1736	815025842
138432	1714	817971689
138436	1761	818472079
138448	1722	821072240
138453	1330	821617025
138474	1701	829842328
138481	1689	832201319
138507	1697	838872168
138508	1732	838958546
138513	1722	840456725
138518	1723	841818172
138522	1694	843099677
138541	1730	850214656
138544	942	850790269
138562	1710	856164705
138572	1751	858740698
138573	1682	858978876
138586	1749	862768235
138587	1723	863133991
138593	1132	864397973
138603	1693	869611095
138616	1696	874185188
138631	1684	877413846
138638	1697	879144454
138644	1737	880495564
138657	1725	882993788
138661	1772	884722377
138664	1735	885555643
138676	1652	890639854
138681	1744	892033495
138684	1670	892546378
138695	1704	894880423
138700	1703	895451397
138703	1690	895901999
138705	1724	896828687
138713	1693	899413402
138715	1689	900504700
138733	1737	903749794
138735	1716	904038280
138741	1711	905957131
138753	1764	909844188
138756	1728	910408129
138758	1706	910678488
138762	1679	911479827
138764	1745	912289397
138772	1704	913747340
138773	1697	914023024
138777	1727	915619122
138780	1713	915817178
138783	1678	915951162
138786	1711	917575096
138788	1760	918471616
138789	1662	918526394
138791	1729	918691002
138799	1679	921780420
138802	1757	922102530
138805	1674	922329817
138813	1700	924401107
138814	1674	924406318
138825	1743	928480856
138826	1706	928493690
138827	1736	929025860
138835	1707	930995568
138841	1718	932028267
138852	1718	933527354
138868	1769	938535486
138872	1709	938799930
138874	1675	938995961
138875	1711	939263046
138884	1718	941339208
138892	1676	942454546
138898	1701	944293162
138914	1713	950095535
138919	1684	950793775
138923	1699	951506695
138932	1689	954223738
138933	1764	954699864
138934	1717	955079680
138935	1179	955325413
138945	1683	957676824
138958	1764	959110593
138961	1732	960172827
138969	1695	961220013
138972	1712	962261038
138976	1726	964037016
138990	1703	967407959
139000	1675	971618927
139004	1729	972713699
139006	1736	973134860
139021	1690	977053819
139027	1687	978664458
139032	1733	979763369
139033	1729	979953534
139046	1710	983044230
139061	1709	986883502
139072	1701	990999729
139079	1778	993501474
139088	1710	996274803
139099	1679	1000287794
139106	1697	1001923161
139107	1715	1002612690
139121	1717	1007565541
139132	1659	1012565551
139140	1732	1015815625
139147	1736	1017106095
139158	1734	1021233140
139163	1678	1022183894
139176	1696	1025685268
139182	1696	1027519588
139183	1666	1027813674
139191	1711	1029744093
139196	1755	1033050945
139201	1727	1034452178
139210	1705	1037309489
139238	1749	1047726012
139242	1725	1048606222
139253	1678	1050716431
139270	1703	1057400291
139271	1742	1057686844
139274	1711	1058703725
139279	1726	1060081736
139295	1259	1063401810
139311	1711	1067938513
139316	1753	1070701249
139329	1758	1077673293
139336	1672	1078825647
139349	1734	1082146844
139358	1739	1085259891
139378	1706	1090542547
139387	1690	1092842668
139391	1710	1096157899
139406	1684	1100856723
139421	1709	1104735293
139432	1756	1107723494
139447	1743	1114952926
139454	1036	1118800663
139457	1725	1119142284
139459	1725	1119618367
139465	1714	1121308281
139473	1723	1122931604
139476	1697	1123808027
139480	1704	1125371612
139488	1687	1128084625
139498	1701	1130366621
139500	1705	1131160382
139508	1715	1132296139
139514	1748	1136179258
139523	1726	1140600943
139540	1708	1144895200
139546	1705	1145962828
139561	1690	1150199286
139589	1644	1157637538
139593	1712	1158671189
139609	1682	1162476322
139611	1727	1162705288
139618	1713	1164839224
139625	1716	1166558784
139633	1733	1168652841
139634	1754	1169004715
139637	1724	1169556340
139647	1659	1171961805
139664	1682	1176504220
139680	1708	1181600456
139691	1681	1184286793
139698	1729	1184992564
139699	1757	1185290517
139704	1407	1186089615
139707	1701	1186690161
139711	1740	1187313884
139714	1755	1187907564
139729	1785	1193190669
139734	1705	1196635710
139736	1686	1196802878
139744	1710	1199986275
139748	1714	1201036356
139767	1664	1207055505
139770	1732	1207679828
139773	1707	1208490771
139794	1705	1219881047
139806	1687	1223182579
139810	1686	1224082592
139812	1720	1224294091
139813	1699	1225645535
139829	1679	1231347792
139831	1694	1231738296
139837	1683	1232700660
139840	1690	1233373548
139841	1744	1233832254
139842	1767	1234474730
139859	1713	1241611748
139860	1749	1241846816
139868	1701	1243440157
139870	1707	1243752520
139886	1707	1248219300
139895	1660	1251165242
139904	1729	1254090325
139908	1735	1254668883
139920	1709	1258904026
139924	1738	1259872815
139930	1687	1261203002
139938	1729	1262408123
139948	1715	1265104827
139949	1687	1265146879
139952	1695	1265392330
139954	1663	1265561506
139965	1702	1268282440
139978	1767	1271167926
139980	1679	1271758767
139984	1739	1273076534
139985	1741	1273235813
139986	1732	1273392776
139987	1653	1273481105
139991	1760	1274865588
139992	1714	1275457804
139997	1724	1279855662
140001	1700	1280678479
140008	1746	1283489452
140017	1674	1285898346
140025	1753	1287819883
140028	1718	1288831363
140031	1723	1290225725
140033	1760	1290340571
140060	1709	1299438582
140080	1738	1306292361
140081	1713	1306421545
140084	1694	1306680725
140096	1740	1310141851
140107	1752	1314900413
140120	1708	1319643213
140123	1725	1321083708
140125	653	1321478960
140130	1737	1322729848
140131	1731	1322759674
140133	1662	1323173862
140148	1729	1327104404
140149	1716	1327145062
140151	1682	1328979484
140155	1740	1330422349
140170	1691	1335723252
140177	1723	1339838323
140185	1708	1342681939
140191	1724	1345074060
140193	1682	1345735278
140199	1658	1348298699
140217	1669	1352814437
140218	1653	1353740107
140224	1652	1355618670
140225	1711	1355940339
140241	1749	1363920588
140242	1690	1364398782
140244	1750	1365752607
140254	1736	1369465720
140257	1669	1369994972
140262	1689	1371947257
140266	1702	1372368637
140269	1681	1373717471
140274	1778	1374891836
140277	1614	1375153594
140283	1683	1376474305
140285	1742	1376635361
140290	1715	1379261914
140292	1767	1379687266
140297	1678	1381334409
140298	1749	1381690846
140305	1687	1383941748
140310	1718	1385114365
140332	1655	1392744793
140338	1702	1394217456
140340	1669	1394682916
140341	1662	1394697914
140347	1676	1396009548
140350	1704	1396920088
140359	1682	1399936285
140360	1701	1400025886
140385	1720	1408509263
140388	1721	1409189006
140407	1680	1415490750
140411	1701	1416157725
140412	1734	1416402981
140432	1751	1422930573
140435	1770	1423479084
140436	1661	1423543026
140439	1700	1424495001
140445	1684	1426747884
140446	1684	1427030457
140450	1702	1428436096
140459	1743	1431118486
140462	1687	1431704482
140466	1732	1432480680
140467	1684	1432521195
140496	1707	1440567137
140501	1743	1441182424
140507	1688	1443049762
140508	1688	1443284424
140511	1755	1444997441
140526	1735	1450014251
140535	1677	1451278151
140537	1701	1451505088
140539	1734	1452107268
140554	1736	1456103009
140565	1672	1458233366
140570	1697	1460553494
140573	1699	1460709319
140580	1738	1462198031
140607	1734	1469256247
140612	1764	1471676058
140641	1738	1477764224
140642	1752	1477879369
140645	1751	1481847675
140667	1685	1487383998
140668	1734	1487625147
140670	1070	1488237234
140677	1703	1488743264
140688	1669	1493351113
140689	1695	1493749458
140696	1641	1494342806
140699	1712	1494703692
140711	1726	1497071637
140712	1698	1497193342
140726	1696	1502624783
140752	1712	1511694366
140758	1711	1513486725
140765	1709	1515002179
140773	1755	1516392414
140776	1716	1517416239
140785	1686	1521967282
140787	1702	1522469415
140793	1730	1523257776
140799	1746	1525965216
140805	1685	1526636814
140814	1733	1529293944
140817	1747	1530221156
140820	899	1530732267
140826	1738	1532422543
140834	1718	1534783616
140838	1757	1536392701
140840	1662	1536954404
140866	1642	1545840424
140874	1730	1548064498
140902	1747	1554665835
140923	1709	1562034281
140933	1704	1565554172
140935	1706	1565830954
140939	1690	1566880471
140945	1731	1568199285
140951	1708	1569433423
140971	1777	1573544113
140995	1707	1578989173
141012	1670	1584733918
141014	1756	1585254195
141015	1728	1585950661
141018	1767	1586478608
141023	1121	1587627439
141024	1710	1587718648
141026	1708	1587799764
141027	1706	1588527160
141045	1644	1594795101
141052	1689	1595766023
141062	1670	1597502455
141066	1693	1597815289
141071	1709	1598985793
141092	1667	1605426296
141125	1721	1613009006
141126	1690	1613222049
141128	1654	1613426210
141134	1699	1614577031
141148	1712	1618621900
141155	1654	1619934964
141157	1644	1620169963
141158	1724	1620373492
141161	1682	1620778674
141162	1742	1621080476
141166	1751	1623579044
141172	1748	1625789994
141176	1696	1626663856
141182	1708	1628322555
141189	1732	1629551020
141197	1713	1631504177
141199	1708	1631810178
141203	1733	1632511642
141204	1638	1632764130
141206	1744	1633677457
141207	1730	1633785353
141211	1700	1634482723
141216	1697	1635502167
141239	1672	1640168222
141245	1699	1642298212
141259	1110	1646848406
141260	1731	1647120739
141262	1733	1647564742
141273	1699	1651068207
141275	1704	1651179953
141288	1646	1654137966
141291	1752	1655617778
141296	1147	1656546628
141299	1708	1656968892
141300	1761	1657089624
141321	1749	1661904036
141328	1715	1664996051
141345	1683	1670910704
141364	1740	1675761949
141371	1753	1676622827
141372	1702	1676819545
141377	1690	1678167781
141386	1685	1679825093
141409	1673	1686384728
141420	1730	1689354638
141439	1761	1694617989
141455	1743	1699319181
141456	1701	1699503653
141478	1723	1703414760
141480	1707	1705490421
141490	1683	1709864685
141492	1690	1710507043
141499	1750	1712474222
141508	1711	1714476055
141513	1694	1716271304
141521	1643	1718000165
141524	1727	1718415926
141526	1647	1719001343
141531	1737	1720702595
141533	1721	1721282168
141535	1765	1721650118
141541	1652	1723561815
141550	1594	1726901594
141551	1703	1726977243
141553	1731	1727453841
141561	1738	1730064159
141585	1672	1734356192
141587	1755	1735033142
141592	1685	1735602113
141610	1751	1740588904
141623	1680	1742788741
141653	1705	1753087019
141658	1701	1753660874
141660	1685	1754133210
141668	1737	1755540413
141672	1466	1756261081
141678	1724	1758163240
141691	1776	1760913415
141713	1700	1763982419
141717	1730	1767081109
141723	1719	1767956321
141725	1696	1768179657
141745	1756	1771661665
141753	1753	1772488501
141754	1706	1772570984
141756	1720	1773837736
141758	1732	1773966983
141772	1702	1778208634
141776	1730	1778924801
141781	1666	1779866270
141786	1711	1780478473
141793	1676	1783253947
141808	1721	1788520064
141816	1708	1791856115
141819	1731	1792814324
141828	1773	1795283086
141835	670	1797223119
141848	1644	1800162204
141850	1720	1800536201
141859	1697	1803008845
141873	1750	1808755263
141893	1666	1815530662
141904	1667	1818199112
141908	1783	1818764598
141944	1739	1825220994
141947	1715	1827470830
141949	1672	1827598285
141981	1730	1835112597
141987	1708	1836207912
141992	1671	1836925663
142003	1650	1839323145
142007	1709	1841001046
142012	1667	1841767121
142013	1702	1841949806
142015	1683	1842211194
142023	1735	1844192626
142032	1692	1846617394
142034	1729	1848761851
142049	1687	1853919562
142054	1731	1854665641
142059	1654	1855681038
142069	1675	1858467072
142093	1693	1862103503
142097	1671	1862635036
142114	1716	1869712018
142131	1714	1872895293
142137	1752	1874398449
142143	1658	1875213129
142145	1699	1877139109
142149	1703	1877895094
142150	1741	1878553303
142155	1693	1879626927
142164	1712	1881382025
142169	1721	1882392271
142176	1694	1883046122
142177	1733	1883206837
142179	1722	1883762482
142182	906	1885306549
142206	1698	1892318128
142211	1714	1893161842
142212	1705	1893326808
142242	1708	1900790387
142255	1703	1906147220
142259	1724	1906639619
142266	1706	1909957406
142276	1739	1912019576
142277	1668	1912121101
142296	1703	1917644493
142297	1702	1918398508
142298	1721	1918527275
142299	1713	1918678754
142309	1711	1922123327
142316	1689	1923369205
142322	1705	1924431293
142323	1681	1924525081
142326	1699	1925185332
142334	1715	1926895638
142357	1744	1934444258
142359	1682	1934905754
142365	1719	1936476381
142367	1734	1936850176
142375	1707	1938590421
142376	1666	1939984759
142381	1776	1940811376
142384	1697	1941281980
142390	1745	1943154717
142400	1721	1950822452
142403	1716	1951397990
142405	1694	1951990109
142410	1753	1952389839
142413	1688	1953353402
142428	1719	1957677350
142429	1730	1957810509
142431	1708	1958347313
142432	1763	1958677307
142447	1755	1962508843
142449	1694	1962716750
142460	1635	1964736464
142461	1691	1964965355
142482	1654	1971972359
142489	1677	1973547818
142491	1702	1974069103
142495	1747	1974439627
142498	1663	1974723082
142517	1655	1980859876
142522	1711	1981515330
142525	1720	1982279423
142544	1701	1988054650
142549	1682	1991236768
142550	1679	1991451329
142551	1752	1991604619
142552	1677	1991627170
142559	1718	1992709078
142560	1388	1992942926
142564	1679	1994232487
142568	1666	1994563189
142572	1701	1995486900
142580	1738	1997622203
142585	1725	1998441731
142587	1713	1998721054
142604	1752	2002603021
142607	1687	2003176620
142608	1680	2003764240
142609	1720	2004083350
142629	1690	2012207323
142637	1734	2013120304
142656	1703	2016464930
142665	1735	2018380467
142669	1732	2019699451
142674	1688	2020801930
142698	1628	2026826439
142714	1705	2033003080
142716	1673	2033609611
142724	1741	2035820584
142728	1717	2036912200
142729	1747	2037717655
142747	1724	2041563708
142755	1720	2043259094
142761	1657	2045059734
142763	1713	2045640906
142794	1709	2054371409
142809	1716	2059263319
142812	1681	2059906444
142826	1702	2065645721
142830	1718	2066119005
142850	1704	2073548342
142857	1685	2074717559
142881	1684	2081420995
142882	1684	2081585589
142899	1703	2085060460
142917	1767	2090518436
142918	1706	2090723730
142924	1668	2094302496
142925	1740	2095051175
142927	1659	2095108754
142931	1657	2096676253
142942	1720	2098635929
142946	1703	2099502798
142948	1676	2099702611
142950	617	2099960566
142951	1738	2100070562
142961	1715	2102404414
142962	1713	2102804107
142965	1714	2103370313
142969	1731	2104553338
142973	1672	2105030744
142975	1743	2106149229
142984	1723	2108545587
142993	1727	2110334605
142994	1702	2110380800
142998	1695	2111727875
143015	1739	2118425333
143027	1677	2121044865
143028	1713	2121732471
143034	1722	2122850610
143041	1726	2124560494
143044	1671	2125227102
143045	1695	2125329828
143052	1718	2128169786
143060	1720	2129591636
143071	1675	2131481640
143075	1714	2134986887
143090	1724	2136803695
143093	1654	2137744896
143094	1679	2137920717
143096	1693	2138174999
143097	1742	2138178716
143106	1707	2139701669
143112	1716	2141178702
143118	1715	2142330117
143126	1732	2143846734
143128	1656	2144223569
143132	1757	2145142763
143134	1683	2146304723
143143	1731	2147872410
143148	1705	2148729722
143150	1727	2148787297
143152	1686	2149113179
143155	1740	2149768062
143158	1750	2150368963
143168	1733	2152446821
143175	1732	2156545142
143179	1707	2157608835
143185	1703	2159237599
143195	1678	2163497233
143202	1697	2165664646
143212	1745	2167366807
143215	1099	2168164118
143222	1680	2170009940
143225	1696	2171109422
143226	1681	2171218384
143241	1651	2175356107
143245	1703	2178165400
143248	1702	2178323166
143267	1687	2183604057
143270	1713	2184324859
143273	1691	2185191954
143287	1742	2187871743
143306	1693	2192659997
143316	1731	2194197822
143321	1714	2197014055
143330	1669	2200684267
143331	1683	2200860043
143335	1709	2201366663
143347	923	2203290282
143356	1686	2205530719
143362	1731	2206917180
143378	1738	2210972970
143382	1749	2212751670
143383	1714	2212979664
143396	1673	2216756294
143404	1747	2220406851
143416	1721	2223229795
143417	1710	2224045378
143420	1698	2226918940
143440	1724	2233003654
143451	1748	2238103696
143452	1737	2238426667
143461	1519	2241448725
143463	1748	2241710087
143468	1712	2244065703
143475	1580	2246130615
143484	1710	2248375027
143498	1737	2254594155
143506	1729	2258019676
143507	1689	2258482755
143509	1692	2259640379
143513	1746	2261337560
143527	1742	2263458188
143530	1719	2263819366
143541	1741	2265737523
143545	1588	2267212836
143547	1657	2268169216
143553	1683	2269724011
143554	1697	2269765234
143571	1709	2274481809
143576	1682	2275428984
143580	1698	2275824974
143582	1756	2276613655
143590	1760	2280439373
143596	1732	2281099387
143600	1695	2281748753
143601	1728	2282149159
143614	1702	2286812569
143615	1761	2287150360
143618	1685	2287555206
143638	1734	2292467728
143646	1735	2294219710
143649	1707	2294413411
143650	1748	2294797963
143660	1724	2296663934
143670	1710	2302380058
143671	1741	2302538440
143679	1684	2303573959
143686	1735	2305122115
143691	1736	2308061623
143693	1711	2308761917
143702	1694	2310326312
143719	1698	2313222008
143725	1733	2314972090
143731	1683	2316312993
143734	1695	2316676565
143747	1672	2322305631
143757	1691	2323948383
143758	1741	2324040432
143760	1702	2324141030
143763	1682	2325174204
143772	1679	2329347806
143774	1699	2329609738
143778	1715	2330698845
143780	1687	2331000622
143783	1745	2331696226
143784	1696	2331754676
143799	1706	2335727128
143824	1659	2341618649
143828	1669	2342619304
143829	1723	2342790377
143836	1686	2345327712
143842	1687	2346431620
143845	1730	2347857814
143852	1671	2349137113
143871	1728	2354773379
143888	1738	2359093240
143904	1719	2365314782
143909	1652	2366529911
143923	1737	2370947129
143936	1744	2374781942
143939	1767	2375200316
143951	1671	2377667743
143953	1750	2378484620
143961	1751	2380029472
143963	1713	2380641208
143967	1749	2383180652
143971	1702	2384238910
143977	1701	2385526336
143999	1714	2390053267
144009	1679	2393038247
144015	1738	2394258625
144020	1710	2394817648
144026	1693	2396616888
144037	1691	2399932020
144045	1694	2404468161
144049	1705	2406142243
144050	1710	2406376357
144053	1582	2406812252
144062	1728	2409681987
144072	1701	2411392146
144074	1721	2412432814
144108	1567	2424763034
144114	1750	2427336386
144119	1712	2429796186
144123	1078	2430702903
144128	1739	2431571064
144139	1682	2433573794
144141	1760	2433677552
144143	1712	2434240891
144174	1698	2441325253
144176	1721	2441808340
144180	1732	2444471085
144183	1709	2445161126
144191	1690	2447148570
144195	1740	2448333957
144196	1694	2448736674
144206	1677	2450947939
144207	1698	2451345033
144215	1677	2452886222
144228	1717	2456769334
144249	1703	2461217717
144251	1664	2461798140
144261	1732	2465172261
144274	1720	2467274233
144277	1705	2467711248
144280	1648	2468184386
144288	1763	2470952937
144289	1718	2471031024
144293	1716	2472551630
144320	1681	2482862312
144326	1724	2486045685
144327	1720	2486064249
144329	1738	2486441270
144337	1735	2488222063
144342	1677	2489019874
144350	1724	2491076244
144363	1708	2494386237
144364	1705	2494591395
144367	1720	2495133317
144368	1715	2495755613
144376	1742	2497789480
144382	1683	2498559754
144389	1722	2500918909
144393	1700	2501588724
144394	1704	2501881371
144396	1661	2502515917
144400	1788	2503324398
144401	1716	2503704377
144414	1716	2507646261
144415	1662	2507991891
144420	1679	2510146446
144433	1712	2512449538
144435	1674	2512515033
144436	1698	2513350808
144443	1695	2514249981
144444	1658	2514727039
144445	1695	2514850107
144452	1679	2517259960
144454	1754	2517759629
144458	1709	2519692413
144460	1709	2520336867
144467	1711	2521638369
144477	1660	2526541564
144488	1739	2528815408
144489	1735	2528876872
144493	1737	2529563657
144502	1720	2531618887
144513	1741	2534273286
144534	1700	2540769185
144536	1695	2541044011
144556	1751	2547351320
144561	1715	2548427753
144562	1681	2548648401
144564	1787	2549726885
144569	1691	2550442398
144571	1730	2550767997
144572	1669	2550843445
144575	1092	2551791374
144576	1704	2552073326
144580	1712	2553403603
144589	1700	2554933926
144590	1671	2555185145
144592	1699	2555986305
144598	1668	2557095432
144611	1749	2560629877
144615	1704	2561480253
144617	1694	2561670717
144618	1753	2561905062
144625	1726	2564033464
144626	1685	2564112090
144633	1769	2565818249
144637	1729	2567908381
144641	1666	2568701924
144645	1736	2569126928
144651	1714	2569959237
144683	1720	2575798693
144689	1750	2576535698
144695	1728	2577702755
144701	1717	2578958890
144712	1680	2581680192
144723	1662	2585381001
144725	1689	2585653778
144733	1698	2588765435
144744	1713	2591148710
144748	1281	2592322106
144755	1725	2594095730
144756	1742	2594696881
144764	1750	2596284445
144766	1738	2596353133
144781	1682	2598997138
144782	1672	2599337525
144795	1745	2602354080
144818	1641	2609899958
144824	1701	2611425076
144825	1739	2611725102
144826	1657	2611825179
144834	1678	2614451625
144838	1239	2615644425
144848	1730	2617961804
144859	1680	2620456600
144870	1741	2622804896
144879	1702	2625500754
144899	1713	2633364435
144903	1746	2634547379
144905	1761	2634803386
144914	1697	2636610608
144928	1681	2639578516
144929	1732	2639736365
144948	1700	2643766072
144960	1257	2649070108
144968	1690	2651141629
144981	1681	2654570291
144992	1683	2657769699
144994	1699	2658085067
144995	1709	2658140704
145005	968	2660590570
145010	1670	2661355523
145018	1723	2663077194
145032	1669	2669258733
145041	1669	2671299490
145043	1697	2671723120
145049	1730	2673085449
145052	1756	2673727946
145062	1725	2678009313
145067	1730	2679576256
145073	1741	2681423576
145082	1682	2683201264
145105	1758	2692278454
145120	1748	2698449813
145132	1746	2702433647
145135	1695	2702763466
145159	1550	2711127652
145160	1672	2711260904
145162	1722	2711565534
145190	1690	2718003792
145219	1731	2727040488
145223	1702	2727860232
145243	1734	2734248977
145259	1726	2738730125
145260	1744	2738813896
145267	1727	2739879182
145280	1726	2742720185
145301	1689	2747698480
145305	1706	2747808521
145307	1726	2748408222
145312	1713	2751764819
145314	1721	2753152820
145316	1683	2753573183
145333	1750	2759149457
145343	1721	2762430335
145344	1726	2763608827
145346	1707	2763962386
145348	1732	2764449572
145352	1693	2765881817
145362	1698	2768626710
145372	1716	2773373613
145377	1705	2774874941
145395	1755	2779999326
145414	1731	2784729521
145419	1672	2786231969
145434	1708	2790139311
145438	1706	2792635459
145442	1730	2793062983
145446	1743	2793725955
145450	1687	2795226633
145467	1704	2799216368
145468	1711	2799227261
145476	1678	2801042226
145485	1681	2802579464
145486	1761	2802979175
145500	1674	2805922604
145506	1713	2809150370
145513	1676	2812859372
145517	1736	2813556072
145522	1593	2814835785
145527	1691	2815140717
145528	1761	2815247277
145531	1684	2815557998
145534	1705	2815896615
145536	1716	2816043409
145537	1703	2816116475
145544	1714	2817384623
145546	1716	2817882053
145547	1746	2817967096
145559	1714	2819665735
145572	1748	2824069181
145576	1697	2825408506
145577	1690	2825864820
145582	1675	2827608774
145608	1709	2837678476
145613	1705	2840403747
145618	1655	2840700176
145622	1009	2841355894
145631	1701	2843068941
145633	1681	2843251524
145638	1682	2844364391
145640	1659	2845109575
145645	1701	2847105424
145651	1703	2849039499
145654	1715	2849824787
145655	1731	2850013012
145667	1663	2854442024
145668	1774	2854594793
145677	1700	2855761093
145692	1713	2858784522
145716	1658	2864289149
145726	1718	2866804604
145734	1679	2870415580
145735	1693	2870643482
145736	1699	2870855950
145746	1643	2872747238
145753	1736	2876685833
145756	1718	2877324146
145762	1708	2878893365
145768	1728	2880740442
145770	1661	2880858936
145784	1688	2883956404
145800	1724	2889520227
145801	1727	2889565213
145806	1230	2891016551
145830	1735	2900915790
145833	1721	2901351693
145836	1701	2902067676
145849	1675	2904233769
145860	1684	2907401418
145869	1688	2910062371
145873	1658	2910833481
145877	1558	2912728016
145878	1717	2913263887
145885	1689	2916522378
145890	1732	2917865024
145892	1746	2919208677
145893	1563	2919386243
145900	1733	2921130211
145907	1765	2923314902
145909	1702	2923782239
145938	1675	2929707738
145941	1728	2930687323
145944	1719	2931727112
145949	1723	2932972966
145958	1675	2938261852
145964	1643	2940239607
145971	1659	2941833199
145980	1700	2944300254
146001	1709	2949313579
146002	1686	2949835760
146004	1716	2951157108
146014	1707	2953352265
146018	1725	2953551348
146032	1720	2958346659
146033	1695	2958378771
146067	1720	2967310747
146069	1688	2968247257
146070	1708	2968349185
146072	1709	2969025298
146092	1692	2973657215
146095	1564	2974641172
146100	1711	2975416293
146126	1695	2986847773
146128	1750	2987299746
146135	1721	2989592734
146137	1756	2990284618
146143	1709	2991622527
146153	1647	2994903440
146177	1697	3004572815
146193	1667	3008150336
146203	1713	3010910716
146204	1685	3011289737
146207	1709	3011842688
146212	1672	3012572028
146224	1708	3018931397
146256	1732	3028026141
146260	1740	3028582491
146273	1702	3032684292
146287	1716	3038756047
146290	1658	3039529400
146291	1712	3039873828
146320	1694	3045891749
146321	1750	3046311732
146337	1746	3052546223
146346	1433	3055610972
146355	732	3060394183
146359	1676	3061355865
146368	1685	3064082901
146380	1682	3066513858
146398	1690	3069978690
146403	1676	3070902441
146405	1714	3071152254
146417	1743	3073719100
146427	1741	3076339837
146439	1651	3078557539
146448	1762	3083329780
146456	1719	3084547677
146463	1721	3086278029
146466	1717	3087389975
146482	1699	3090406650
146492	1751	3093363853
146505	1688	3095955457
146506	1752	3096089077
146512	1757	3097750535
146521	1688	3099268509
146535	1704	3104319559
146537	1708	3105027465
146548	1713	3107058567
146551	1738	3108397246
146553	1716	3108967319
146564	1707	3112466701
146601	1721	3122714447
146604	1720	3123216143
146628	1777	3130389254
146647	1743	3133949063
146648	1732	3134214860
146650	1733	3134745888
146673	1689	3140124415
146675	1710	3142197496
146684	1717	3144965459
146686	1724	3145281159
146691	1711	3146059261
146712	1738	3153349334
146723	1745	3155400045
146739	1705	3159735450
146743	1718	3160529035
146748	1712	3163414324
146752	1722	3164736574
146765	1684	3168602751
146792	1694	3175143107
146814	1706	3180975031
146818	1664	3183691327
146819	1729	3183875182
146821	1700	3183916980
146830	1715	3185522983
146839	1721	3187745297
146853	1728	3193354246
146855	1727	3193761456
146868	1715	3196960292
146869	1723	3197228396
146874	1685	3197847172
146879	1640	3198819851
146882	1677	3199625916
146888	1720	3201092811
146893	1716	3204085122
146912	1689	3208572873
146915	1742	3209136351
146919	1745	3210462788
146929	1753	3212506118
146930	1652	3212792872
146955	1732	3219468860
146974	1660	3224879338
146978	1693	3225780765
146983	1686	3226416215
146992	1697	3228356190
147010	1682	3233696565
147011	1698	3233934893
147012	1665	3234094721
147014	1707	3234823842
147020	1670	3237293170
147035	1727	3241036154
147037	1677	3241693136
147046	1708	3245415035
147070	1772	3253087722
147079	1716	3256734139
147083	1735	3257260447
147084	1631	3257371118
147087	1726	3259276389
147097	1757	3262321632
147098	1690	3262549655
147102	1694	3265994985
147118	1658	3268786179
147132	1712	3272454567
147137	1658	3273254675
147138	1669	3273362482
147141	1398	3273680241
147145	1676	3274209894
147161	1703	3277265278
147166	1756	3278378518
147169	1717	3278771824
147179	1720	3280329084
147190	1675	3284001670
147191	1663	3286216398
147194	1760	3287161221
147210	1698	3292742919
147215	1764	3294139625
147223	1694	3296344853
147226	1508	3296572590
147227	1696	3296574590
147229	1676	3296987954
147235	1714	3297650357
147240	1635	3298778309
147245	1679	3299644480
147259	1687	3304010297
147260	1738	3304282686
147283	1712	3313391403
147290	1669	3315731795
147291	1722	3315783012
147303	1713	3319574776
147308	1706	3320832667
147320	1726	3326679618
147325	1719	3327307688
147340	1677	3330416351
147346	1677	3332523480
147356	1724	3334805893
147357	1722	3336163829
147368	1675	3338739859
147370	1764	3338851356
147384	1709	3342371083
147387	1713	3343405516
147392	1576	3346619449
147398	1683	3348749142
147402	1704	3349737942
147406	1672	3351745184
147407	1692	3351765232
147408	1726	3351864276
147423	1690	3354535609
147426	1684	3355886886
147432	1733	3357602419
147439	678	3359023396
147446	1722	3360011776
147452	1771	3361619563
147464	1711	3365624470
147473	1716	3369100619
147476	1687	3369323983
147483	1695	3371144408
147493	1764	3373740336
147498	1729	3375207748
147508	1722	3378398620
147517	1700	3380279069
147518	1668	3380368050
147520	1725	3380533740
147532	1716	3383166192
147552	1776	3388714247
147576	1735	3393275415
147589	1742	3395598024
147600	1640	3398724779
147601	1689	3398936811
147606	1723	3400097328
147631	1763	3409185547
147643	1726	3412152889
147651	1699	3416136803
147653	1682	3416739126
147656	1682	3417824983
147663	1773	3418772801
147664	1736	3418958312
147668	1718	3420631400
147681	1683	3426222946
147686	1665	3429145724
147689	1703	3430068358
147704	1689	3434596881
147721	1710	3440380527
147729	1769	3441959279
147730	1321	3442466301
147731	1683	3442523877
147734	1653	3443634020
147735	1749	3443660170
147746	1753	3449579716
147751	1729	3450638755
147755	1717	3451085411
147756	1677	3451561496
147759	1690	3452082366
147774	1697	3454773310
147775	1733	3454888606
147776	1706	3454949327
147778	1780	3455100573
147781	1721	3455968551
147790	1712	3457746650
147799	1716	3460805214
147815	1026	3464605285
147816	1694	3464649055
147834	1755	3471542953
147841	1678	3472239504
147864	1707	3479250042
147867	1737	3479652614
147872	1659	3482924426
147876	1529	3483960438
147878	1740	3484840788
147893	1703	3490481693
147896	1703	3490876930
147915	1716	3496933599
147931	1726	3505443254
147934	1697	3505926229
147936	1751	3506571696
147938	1684	3507348056
147939	1664	3507697313
147943	1702	3508252084
147944	1727	3508540519
147954	1412	3512021990
147956	1729	3512424980
147961	1667	3513102893
147972	1735	3516873840
147977	1736	3518524520
147982	1743	3519824932
147990	1703	3521000846
147997	1692	3522289182
148009	1729	3525319060
148010	1709	3525442630
148014	1723	3526150217
148031	1725	3532586394
148047	1656	3538711826
148056	1699	3540654768
148058	1687	3541323467
148063	1750	3543852432
148065	1718	3543874313
148071	1683	3546060656
148074	1677	3547544845
148075	1711	3547552635
148077	1710	3548023153
148081	1721	3548616539
148090	1724	3552564358
148095	1697	3554382307
148097	1737	3554554856
148098	1663	3554702015
148102	1753	3555893918
148105	1677	3556858557
148106	1731	3556930015
148128	1731	3561622646
148141	1723	3564122509
148146	1742	3564882138
148154	1719	3567366765
148157	1753	3567837505
148162	1708	3569706302
148165	1695	3572345267
148170	1762	3573578825
148175	1731	3574324935
148179	1718	3575286469
148191	1689	3578934583
148196	1761	3580194302
148209	1717	3583961674
148212	1688	3584411121
148218	1745	3586227804
148235	1726	3594763909
148240	1676	3595241363
148244	1642	3596074386
148246	1705	3596550222
148248	1725	3597183326
148252	1765	3597744039
148259	1684	3599844204
148262	1749	3600006154
148263	1678	3600184713
148307	1730	3609604763
148317	1712	3614559274
148326	1760	3616482713
148347	1729	3621965239
148350	1740	3622504382
148364	1735	3625433474
148367	1690	3626000217
148376	1711	3628582948
148394	1661	3634946188
148395	1681	3634976327
148403	1717	3637428297
148405	1734	3637512957
148406	1681	3638189793
148409	1756	3638528731
148411	1715	3639211955
148416	1704	3642002092
148418	1750	3642339576
148423	1732	3643293677
148432	1729	3645336078
148440	1702	3647233951
148448	1697	3648423915
148453	1734	3650118815
148460	1706	3652692609
148469	1683	3657738993
148473	1779	3658603858
148477	1753	3659533249
148479	1730	3659882213
148480	1714	3660172971
148484	1683	3660733365
148485	1701	3661239014
148487	1713	3661281918
148489	1715	3661454905
148497	1671	3662912153
148502	1737	3663631251
148506	1735	3664420304
148509	1761	3664954380
148519	1742	3669238249
148524	1731	3670499081
148527	1733	3671159253
148530	1717	3671674802
148533	1738	3672498830
148535	1661	3672968964
148537	1678	3673919676
148541	1728	3676327642
148552	1730	3679030257
148557	1752	3681037202
148582	1698	3687341187
148591	1702	3692558653
148602	1783	3697195775
148605	1747	3698071699
148613	1653	3701543883
148631	1709	3705852112
148640	1789	3710638517
148643	1738	3711943122
148650	1712	3713553779
148652	1729	3714008983
148653	1759	3714106075
148663	1700	3717686603
148665	1734	3718408430
148693	1691	3726946965
148707	1709	3731704639
148709	1740	3732017353
148721	1619	3733973764
148724	1759	3734760346
148734	1683	3739233067
148736	1660	3740593861
148737	1727	3740871687
148750	1708	3745628024
148758	1778	3747196045
148760	1675	3747622770
148761	1635	3747794539
148762	1715	3747843699
148763	1653	3747977387
148783	1648	3752891533
148788	1758	3753587381
148807	1649	3758778460
148813	1762	3759939485
148820	1709	3761571658
148824	1682	3762666086
148831	1726	3764124522
148844	1684	3767498408
148870	1721	3777018710
148877	1701	3778115517
148879	1733	3779027016
148897	1705	3785092985
148911	1693	3788409309
148912	1709	3788624207
148914	1704	3789614905
148922	1710	3791334765
148928	1703	3793915011
148930	1791	3794235726
148933	1742	3795261098
148942	1690	3799817888
148943	1794	3799884546
148948	1651	3801686734
148951	1760	3802647115
148954	1746	3802964568
148957	1714	3803826457
148966	1642	3806277625
148971	1763	3809023568
148996	1711	3816470139
148998	1712	3818357868
149014	1695	3823188295
149036	1747	3832164979
149039	1698	3833292934
149041	760	3833763299
149057	1690	3835741441
149059	1675	3836089953
149066	1696	3840005775
149071	1701	3841947094
149072	1735	3842292294
149077	1587	3843257918
149086	1694	3845754582
149093	1745	3847208981
149094	1755	3847503748
149106	1752	3850120792
149110	1678	3851439812
149119	1697	3853596580
149123	1710	3855501288
149128	1684	3856499105
149156	1747	3863630328
149157	1753	3864178910
149167	1753	3865310371
149175	1729	3869688258
149176	1727	3870285364
149181	1697	3871613409
149182	1686	3872014578
149183	1730	3872108494
149185	1720	3872799498
149193	1732	3873655952
149194	1737	3873781380
149209	1726	3877850040
149225	1662	3884473870
149234	1703	3886476400
149259	1724	3893169027
149268	1750	3895406909
149270	1755	3895961075
149273	1698	3896398879
149288	1683	3899927918
149305	1716	3906228234
149320	1773	3908870065
149335	1691	3911891483
149344	1747	3913986624
149350	1721	3914614090
149377	1708	3919578555
149387	1739	3924044214
149392	1681	3925675985
149409	1749	3931161890
149419	1661	3934199644
149423	1678	3934718788
149424	1712	3935317658
149431	1738	3936785740
149435	1744	3937706966
149454	1685	3944400353
149459	1704	3945246143
149464	1760	3946048626
149483	1714	3950820559
149499	1742	3955461889
149500	1704	3956339086
149503	1721	3957049396
149512	938	3959436269
149518	1753	3963652849
149529	1736	3965072517
149540	1696	3967968438
149545	1464	3968441675
149552	1697	3968826924
149566	1730	3972135938
149568	1744	3973264148
149576	1701	3975794417
149580	1707	3977161937
149600	1743	3983840234
149634	1714	3992177508
149636	1702	3992584863
149645	1790	3996253591
149665	1703	4000986933
149672	1678	4002994439
149676	1705	4005209522
149677	1735	4005225669
149686	833	4008605388
149689	1683	4009096819
149721	1721	4017413510
149726	1662	4018516142
149728	1759	4019190165
149731	1729	4019606297
149743	1730	4026179625
149746	1701	4026670164
149755	1681	4030175991
149773	1814	4034971025
149780	1730	4036955229
149789	1705	4039014298
149791	1737	4039676740
149797	1681	4040812564
149798	1679	4040949806
149803	1679	4044769799
149813	1685	4047108650
149849	1718	4057759086
149850	1691	4057795245
149852	1745	4057814949
149855	1751	4058509901
149860	1714	4060039115
149875	1688	4063315211
149877	1727	4065414990
149887	1675	4068096980
149888	1714	4068257194
149893	1688	4071736291
149897	1669	4072031352
149914	1711	4075945277
149926	1733	4078632227
149927	1732	4078780153
149933	1689	4080389301
149934	1732	4080767204
149940	1704	4083306228
149949	1707	4087402357
149950	1728	4087561718
149955	1713	4088193779
149991	1755	4097571599
149993	1716	4098251566
149999	1732	4099384116
150002	1691	4100296328
150014	1726	4103748678
150020	1706	4107113493
150021	1744	4107562174
150022	1735	4107605552
150041	1719	4113250843
150050	1673	4114907734
150057	1762	4117589536
150058	1681	4117685828
150072	1682	4120487926
150079	1648	4122045952
150080	1704	4122655462
150089	1705	4126704215
150097	1684	4130495382
150103	1730	4132687218
150104	1680	4132920381
150106	1668	4133408427
150108	1684	4133723606
150115	1689	4135669312
150126	1687	4137411620
150139	1722	4141045642
150150	1671	4146647073
150189	1686	4156955278
150190	1635	4157468539
150192	1743	4157973467
150209	1716	4163988141
150210	1721	4164289513
150214	1730	4166876224
150215	1729	4166922668
150222	1730	4168508133
150224	1719	4169278965
150225	1706	4169313663
150231	1718	4171355070
150232	1670	4171645470
150250	1722	4177352551
150252	1760	4177958240
150263	1711	4180791042
150265	1656	4180886791
150271	1720	4182133997
150280	1683	4184432014
150286	1680	4188279575
150295	1724	4190138058
150317	1726	4196879542
150318	1709	4197339161
150348	1715	4209986986
150357	1701	4211556730
150366	1721	4213068283
150374	1700	4216359679
150378	1695	4217614066
150380	1767	4218481714
150381	1690	4218532509
150383	1689	4219100231
150394	1761	4221978924
150395	1762	4222176857
150399	1655	4222808108
150407	1773	4224979519
150413	1240	4228691790
150416	1717	4229467403
150419	1756	4229581560
150439	1740	4235552797
150440	1763	4235912597
150446	1733	4237229686
150449	1695	4237592138
150472	1717	4242161048
150489	1707	4245086021
150494	1688	4248440175
150502	1737	4251803154
150521	1708	4256721566
150522	1759	4256723668
150525	1710	4257063251
150528	1756	4258232524
150530	1693	4258520375
150536	1660	4259252495
150571	1774	4270237574
150591	1679	4275933778
150599	1655	4278473833
150616	1733	4284500393
150620	1747	4286142394
150640	1726	4292532837
150644	1766	4293853894
150656	1673	343517
150659	1672	982524
150668	1680	2907010
150674	1713	4855711
150679	1701	5086279
150681	1756	5599983
150686	1733	6995482
150696	1683	8728999
150709	1691	14316862
150714	1705	16834284
150720	1690	17913654
150725	1705	19656557
150726	1696	20475795
150729	1720	20658499
150733	1742	21474289
150734	936	21554655
150740	1672	22050143
150744	1691	22466697
150747	1589	23101541
150749	1696	23846682
150751	1735	24262141
150755	1662	25491767
150758	1708	27906902
150791	1770	39125121
150804	1749	41724280
150806	1705	41841430
150809	1747	42302928
150811	1744	44535086
150814	1747	45441918
150817	1745	46100057
150820	1696	47192937
150825	1683	48577543
150835	1663	49965906
150837	1706	50556185
150841	1704	51523878
150849	1750	55436525
150853	1726	56247211
150856	1708	56685726
150857	1745	57202954
150858	1693	57535657
150860	1319	58935057
150865	1762	59668655
150868	1681	59824515
150876	1754	61320137
150886	1676	65143192
150890	1731	66362398
150896	1733	67469909
150908	1693	70135744
150912	1663	70913009
150916	1733	71902703
150922	1726	72876715
150923	1685	73787523
150953	1690	82140476
150954	1717	82264977
150956	1684	84086653
150957	1769	84167031
150966	1694	86613008
150973	1729	88673619
150976	1717	89051434
150989	1715	92029378
151010	1707	101754160
151012	1753	102487593
151025	1729	105784195
151036	1643	108892165
151049	1696	111936985
151052	1704	112931243
151057	1690	113662370
151061	1724	117175306
151068	1696	119754051
151072	1734	122177757
151076	1662	123183136
151079	1741	123640817
151091	1741	125693593
151119	1687	132491533
151124	1741	133366745
151125	1445	133583934
151132	1726	136687195
151135	1688	137333498
151139	1748	138285494
151146	1757	141558801
151151	1722	142863793
151163	1698	144965920
151168	1708	145710988
151173	1725	146636093
151184	1744	149402700
151201	1759	154490561
151222	1665	161394515
151228	1663	162543319
151231	1720	162712939
151232	1702	163201869
151241	1713	164918952
151244	1732	165574273
151254	1687	167868701
151257	1677	168467903
151266	1670	170449601
151305	1719	187848121
151308	1770	188070605
151312	1737	188617122
151317	1736	189971692
151325	1726	192738089
151329	1753	193457240
151330	1691	193572979
151337	1695	195776834
151348	1680	200703517
151349	1735	201295689
151365	1737	206166267
151383	1476	208983546
151387	1774	210757118
151389	1747	211323539
151396	1704	212630321
151402	1701	214729643
151449	1712	230859092
151455	1744	232290966
151457	1704	232740133
151459	1766	232959022
151464	1741	234917312
151476	1690	240140912
151481	1747	241425975
151484	1715	242349187
151496	1768	245423304
151499	1770	245843355
151500	1763	246097704
151509	1688	248780297
151510	1683	248937518
151511	1744	248954276
151518	1733	250787447
151529	1709	253989973
151539	1674	256297484
151583	1726	268270581
151590	1715	270944767
151607	1729	275831995
151617	1710	279752199
151646	1676	287898662
151648	1722	288240119
151657	1729	289376728
151660	1478	290145044
151667	1675	292023898
151669	1724	292372782
151671	1684	293436616
151684	1707	297793830
151696	1663	302930621
151698	1716	303620673
151707	1692	306312486
151721	747	309630606
151724	1718	310318460
151742	1757	315251482
151752	1702	316404001
151753	1744	317543594
151758	1665	321683018
151759	1661	321806462
151771	1714	324265077
151777	1659	326049692
151780	1689	326545362
151784	1695	327482409
151785	1765	327490423
151789	1759	328531219
151794	1700	329253361
151796	1697	330623207
151797	1655	331317106
151805	1676	334135665
151809	1684	335738766
151810	1730	335999067
151812	1730	336461172
151814	1664	337086514
151817	1694	337753606
151824	1725	341223066
151827	1721	342253740
151834	1720	343898347
151838	1710	344869822
151852	1683	348665905
151854	1755	349999435
151857	1723	351134853
151866	1689	353723751
151884	1649	361314590
151894	1708	363141666
151901	1718	364227445
151909	1746	365801391
151912	1706	366245089
151918	1681	367709183
151927	1289	370057570
151936	1677	372069340
151947	1684	376043977
151948	1738	376131713
151953	1687	377148277
151991	1748	392180236
152000	1673	395731248
152001	1712	395919693
152004	1753	396224722
152006	1722	396908748
152009	1697	397824544
152015	1736	399176793
152031	1734	406013396
152037	1707	407493393
152049	1717	409869692
152051	1699	409897182
152055	1755	410582231
152057	1683	411072333
152060	1711	411554048
152061	919	411748360
152070	1732	415762858
152076	1731	418776146
152078	1698	419653961
152079	1688	421569759
152081	1716	421930594
152092	1753	424433905
152094	1693	425485848
152097	1751	426907296
152104	1663	428583068
152125	1801	434109828
152136	1704	436172090
152140	1750	436833136
152141	1741	436975682
152152	1720	439922570
152159	1691	443188924
152161	1735	443267224
152162	1724	443396413
152165	1686	443798278
152174	1737	445290601
152178	1673	446769171
152184	1733	448553469
152185	1737	448837396
152190	1741	449950617
152203	1752	452266032
152204	1656	452289696
152213	1706	454819584
152216	1733	455559940
152219	1699	456583298
152220	1717	456752607
152221	1724	457144404
152227	1687	458537424
152241	1735	463595051
152242	1755	463892799
152249	1710	466271864
152250	1719	466522565
152262	1668	469659556
152275	1718	471735499
152285	1675	474665942
152288	1707	475037289
152289	1700	475085786
152294	1704	476704273
152296	1673	477358337
152305	1758	479489823
152307	1679	480973111
152314	1723	483805556
152315	1722	483868072
152330	1677	489930093
152336	1722	491522018
152350	1724	494312581
152354	1754	495227328
152369	1691	498856212
152370	1704	498911174
152373	1678	499458059
152376	681	499789840
152383	949	503443190
152388	1675	505445837
152390	1684	505665337
152423	1691	513882386
152433	1723	517608575
152434	1686	517923295
152444	1705	520563352
152455	1670	526276539
152466	1681	528223399
152469	1667	529605928
152477	1704	531199419
152486	1687	532724087
152496	1692	534728820
152503	1682	538948747
152515	1702	540196359
152523	1697	541822855
152528	1705	544420756
152529	1737	544506427
152537	1630	546237626
152543	1698	548199607
152544	1713	548845433
152548	1700	549863152
152550	1739	550471958
152555	600	551130085
152557	1648	551277411
152564	1692	554653430
152567	1655	556033491
152571	1700	557504860
152573	1687	558195098
152576	1703	558714597
152578	1698	559095536
152582	1710	561071475
152596	1689	566956507
152601	1692	569250423
152612	1684	573389684
152616	1704	573902148
152620	1691	575169815
152621	660	575179810
152625	1692	576898952
152626	1727	576970618
152635	1720	580122150
152636	1706	580852907
152637	1712	582349369
152641	1730	585183971
152645	1724	585570707
152650	1700	589058775
152675	1694	597362829
152681	1723	600562195
152687	1690	601488509
152689	1737	602985758
152694	1644	605681144
152712	1749	610228911
152724	1697	614987355
152733	1718	618563201
152744	1691	621468088
152752	1684	622964214
152753	1715	625421920
152757	1686	626929087
152769	1684	630534926
152773	1718	631703282
152789	1695	634170293
152792	1700	634756038
152793	1724	634920969
152803	1726	638424827
152815	1688	640921997
152830	1767	648592899
152837	1680	649674630
152851	1726	653293222
152852	1723	653313107
152858	1688	655246341
152861	1712	655763301
152875	1718	660488509
152881	1662	661884952
152884	1674	662259406
152904	1704	672207028
152916	1700	676033536
152926	1760	677918920
152938	1741	681003666
152940	1659	681344002
152941	1707	681787849
152943	1700	682067832
152947	1656	682837621
152957	1766	686885580
152959	1719	688108398
152966	1677	690419528
152992	1687	698459701
152993	1721	698627805
152997	1717	699629094
153010	1748	706202737
153018	1717	708691474
153022	1722	709695034
153024	1720	709877141
153025	1693	709974368
153026	1698	710109357
153031	1683	712013059
153041	1732	713497293
153043	1718	713587734
153046	1727	714549376
153053	1748	716739770
153057	1747	716818376
153078	1714	723119887
153079	1687	723312643
153085	1674	726649033
153096	925	730560888
153105	1688	732688082
153113	1697	736303145
153127	1690	738899395
153130	1670	740447428
153136	1698	742746527
153154	1733	751398686
153158	1227	752316664
153164	1740	753390658
153165	1689	754222678
153167	1722	755165808
153199	1721	768457069
153200	1736	769439462
153211	1730	771958379
153224	1675	776460646
153257	1709	784198735
153286	1674	797028983
153287	1724	797154723
153289	1705	797338810
153291	1706	797848574
153297	1717	799007403
153301	1749	799363728
153304	1767	801134648
153306	1707	801658923
153311	1673	802436550
153314	1698	803166511
153318	1681	804218883
153322	1727	804941629
153324	1736	805138278
153328	1763	806156725
153350	1698	811943193
153355	1650	813179243
153357	1723	814140681
153362	1756	816095566
153367	1703	818288579
153379	1725	821169219
153385	1685	822221491
153387	1717	822670866
153395	1390	823868930
153397	1697	824793885
153405	1698	828820413
153409	1706	829317682
153414	1719	830865392
153433	1751	835111293
153438	1735	836029850
153440	1727	836805123
153453	1751	841720187
153457	1681	843031487
153458	1675	843386373
153472	1636	849511994
153488	1689	854702146
153491	1702	855786608
153493	1706	856295519
153509	1731	860261490
153521	1726	863327579
153528	1677	864082959
153530	1705	864628689
153535	1687	866187967
153537	848	868006033
153539	1719	869716837
153545	1743	870699431
153554	1762	873117100
153560	1708	874529379
153566	1747	875633429
153590	1681	882685484
153591	1703	883712595
153598	1688	884978225
153613	1743	890730438
153621	1699	892725873
153628	1702	894332644
153635	1727	896192637
153639	1679	897455268
153644	1741	897845037
153647	1689	898326997
153653	1723	900154208
153663	1698	902401114
153664	1704	902525115
153665	1736	902629112
153671	1666	904242578
153676	1781	905154419
153701	814	911995590
153704	1670	913688483
153708	1713	914503898
153713	1726	915117604
153716	1724	916541142
153720	1714	917719593
153721	1760	918080282
153730	1725	923029169
153731	1707	923076312
153735	1687	923884626
153752	1752	931125534
153765	1695	935903646
153766	1665	935948325
153775	1752	937850223
153782	1713	939262234
153796	1702	943817909
153808	1712	948880336
153810	1706	949024049
153814	1673	951909704
153822	1665	953680994
153825	1149	954152350
153839	1742	959817277
153842	1760	960337457
153845	1704	961161159
153850	1698	962392726
153863	1674	966013626
153866	1699	968167150
153874	1713	969368549
153878	1749	969916763
153879	649	970077435
153884	1681	973213053
153887	1753	974091390
153891	1693	975189126
153898	1712	977625156
153902	1772	977776245
153911	1684	980257382
153916	1695	981086310
153923	1719	982326825
153943	1730	988190461
153953	1742	990481984
153959	1755	994133695
153960	1720	994393026
153964	1672	995057867
153969	1166	996068791
153971	1695	996451789
153981	1722	997997975
153984	1728	998346023
153988	728	999141918
154001	1655	1002398368
154006	1699	1004392541
154017	1679	1007117770
154021	1727	1007573205
154027	1702	1009099751
154034	1692	1010612581
154037	1693	1010735909
154041	1744	1013846160
154042	1710	1014247849
154055	1748	1016821448
154060	1748	1017604684
154064	1696	1018613018
154082	1727	1023093833
154093	1742	1027180559
154098	1696	1028661541
154104	1688	1031064184
154165	1680	1047924450
154185	1765	1051670951
154214	1716	1060422696
154220	1754	1062108657
154229	1700	1064844193
154235	1688	1066072731
154245	1734	1069459021
154247	1683	1070118365
154251	1690	1070766380
154252	1706	1071431663
154258	1767	1072466103
154262	1721	1073252819
154265	1709	1073778839
154266	1713	1073797923
154273	1714	1077397626
154277	1748	1079146686
154299	1726	1087442586
154304	1699	1088828513
154305	1805	1088952379
154306	1651	1089519113
154309	1721	1090352665
154320	732	1093732345
154324	1696	1097546104
154328	1702	1098412217
154333	1701	1099529703
154334	1703	1099759738
154361	1304	1105662969
154364	1712	1107187604
154365	1701	1107431945
154381	1721	1113531903
154386	1750	1117415060
154400	1714	1120477380
154403	1700	1121081535
154408	1759	1122299882
154414	1687	1124472465
154418	1718	1126023245
154419	1747	1126389303
154421	1681	1127539857
154424	1657	1128137880
154448	1752	1132067349
154456	1668	1137234301
154474	1685	1142349756
154476	1771	1143117591
154483	1698	1144112619
154485	1745	1144367335
154490	1692	1145784069
154499	1739	1148727968
154516	1728	1154132716
154524	1779	1156797456
154536	1731	1160662637
154545	1736	1162847152
154551	1707	1163252099
154555	1709	1163715421
154557	1710	1164245652
154559	1747	1164648502
154567	1685	1166128707
154569	1751	1166289262
154570	1657	1166301436
154588	1685	1172293153
154591	1708	1172782127
154596	1714	1174216670
154608	1713	1178586292
154611	1722	1179319938
154618	1692	1180987749
154619	1712	1181299449
154639	1708	1187189303
154640	1715	1187319760
154642	1743	1188109020
154650	1692	1190973868
154660	1744	1192570971
154691	1726	1206199723
154692	1709	1206210925
154695	1705	1207119325
154697	1644	1207308733
154715	1704	1211249251
154719	581	1212587370
154725	1719	1213665771
154728	1722	1214055318
154731	1684	1214495939
154742	1658	1216672995
154745	1677	1219843749
154748	1726	1221163167
154756	1753	1222539022
154758	1669	1223081437
154767	1683	1228065910
154780	1723	1232208984
154785	1740	1234073350
154786	1676	1234194952
154787	1722	1234682672
154788	1710	1234709497
154791	1742	1235761221
154797	1643	1240183390
154807	1723	1243252808
154814	1711	1245564661
154815	1775	1246039713
154839	1729	1252883704
154841	1659	1253799273
154843	1669	1254345739
154845	1668	1256778711
154876	1684	1267543919
154885	1724	1272478709
154886	1668	1272557050
154889	1737	1273501239
154891	1673	1273672515
154896	1779	1274239350
154897	1692	1274490645
154898	1709	1274741785
154901	1723	1275851231
154904	1701	1276448125
154906	1744	1276513392
154908	1698	1277201890
154917	1675	1281124277
154920	1722	1281475835
154922	1732	1282099302
154929	1742	1283947991
154930	1701	1284034003
154931	699	1284164453
154932	1765	1285538202
154942	1666	1288727255
154944	1733	1289501498
154955	1689	1292275061
154957	969	1292469175
154958	1718	1292491615
154959	1499	1292532806
154960	1760	1293097642
154968	1756	1297653242
154969	1646	1298065452
154991	1733	1306669831
155001	1704	1308759531
155003	1759	1309436693
155006	1017	1309867044
155009	1747	1311333686
155010	595	1311370467
155020	1716	1314886879
155027	1733	1316194864
155033	1712	1318114686
155035	1760	1318681804
155037	1699	1319673252
155041	1698	1323512654
155042	1765	1323534169
155043	1728	1324456546
155048	1741	1324907845
155053	1725	1326802452
155061	1710	1328061502
155062	1706	1328565445
155081	1753	1332993786
155087	1695	1335695409
155089	1746	1335949814
155096	1663	1338544328
155104	1715	1342560153
155111	1726	1344240424
155122	1681	1346816562
155124	1703	1347522638
155126	1784	1348259780
155130	1653	1348899460
155149	1736	1353235747
155155	1687	1355153178
155172	1710	1360249286
155174	1730	1360465102
155203	1719	1372050479
155209	1743	1374151781
155211	1752	1375153154
155214	1762	1375499328
155218	1683	1376477631
155223	1711	1377541978
155228	1654	1378221227
155229	1681	1378311344
155231	1673	1379268055
155235	1742	1380312803
155237	1734	1380598591
155244	1700	1385684743
155245	1705	1385732120
155250	1673	1386543504
155251	1741	1387573226
155254	1726	1387910039
155257	1698	1388217152
155267	1667	1389528325
155268	1747	1389605075
155275	1715	1391845397
155280	1699	1392838173
155283	1676	1393888023
155289	1230	1395094073
155293	1760	1395921776
155296	1684	1398822532
155297	1729	1398968634
155308	1722	1404972041
155309	628	1405194456
155313	1673	1407935916
155321	1741	1409541884
155331	1229	1413066783
155332	1729	1413352303
155336	1715	1415236878
155341	1755	1416410629
155345	1718	1417164042
155346	1739	1417298855
155351	1713	1417900000
155352	1704	1418172020
155356	1693	1419292616
155360	1748	1420501852
155363	1710	1420643335
155368	1701	1424009973
155372	1698	1425281597
155378	1703	1428052650
155380	1689	1428204180
155393	1776	1432634787
155398	1713	1435134058
155416	1735	1440341367
155431	1701	1446236399
155433	1684	1446810865
155445	1715	1450443261
155456	1736	1455255866
155457	1711	1455600597
155462	1734	1456601224
155471	1713	1458475564
155479	1702	1461241045
155481	1747	1461532140
155482	1722	1461652795
155485	1736	1461914681
155486	1756	1462516547
155505	1709	1468116237
155508	1717	1469445039
155510	1710	1470135064
155511	1716	1470778952
155513	1704	1471212502
155514	1711	1471493069
155529	1720	1474945016
155557	1707	1482454367
155561	1728	1483708305
155563	1727	1484462838
155568	1683	1488761999
155569	1681	1488766692
155580	1721	1492944078
155599	1744	1498257722
155603	1702	1499003642
155606	1734	1500379845
155618	1716	1502235991
155630	1702	1505892554
155640	1681	1507337116
155642	1686	1509597435
155654	1724	1513443612
155664	1673	1515540496
155670	1680	1516904130
155674	1722	1517298172
155681	1681	1520339542
155688	1685	1522148318
155689	1736	1522200400
155697	1712	1524962515
155701	1761	1525362871
155702	1708	1525512431
155708	1699	1526372386
155714	1706	1530002756
155719	1734	1531657520
155721	1681	1532279580
155736	1731	1536181708
155745	1750	1538548874
155753	1719	1540980676
155758	1699	1542636239
155760	1729	1542827380
155791	1732	1553071336
155801	1679	1556600604
155802	1724	1556715615
155804	1748	1557678888
155810	1724	1559372042
155816	1665	1560825086
155819	1755	1561572270
155827	1654	1562803268
155828	1683	1563719913
155830	1679	1564025718
155837	1716	1564761304
155849	1743	1570225471
155850	1696	1570364077
155851	1712	1570422986
155857	1669	1572220772
155865	1747	1574507759
155867	1730	1575277808
155882	1681	1578006895
155887	1660	1579550615
155890	1699	1580031935
155898	1714	1582157129
155901	1673	1583297802
155907	1728	1584781242
155911	1691	1585714091
155912	1759	1585807119
155914	1717	1586045734
155915	1720	1586294388
155921	1721	1587942445
155928	1746	1592526399
155930	1734	1592892379
155931	1681	1593086725
155932	1754	1593246525
155937	1737	1595612869
155951	1730	1599558007
155957	1709	1601137313
155959	1713	1602312450
155969	1720	1604912575
155973	1727	1606403231
155978	1672	1607834627
155979	1734	1607869758
155982	1718	1608600067
155986	1687	1611604658
155988	1694	1611862472
156005	1667	1617075012
156007	1668	1617719189
156013	1705	1620278651
156036	1720	1626874811
156043	1738	1629215426
156049	1744	1631916791
156058	1732	1635554653
156061	1735	1635988317
156069	1723	1639737963
156073	1724	1640865490
156084	1685	1644798104
156094	1680	1647153586
156115	1734	1654931733
156119	1683	1656334475
156120	1753	1656490010
156123	1723	1657061350
156126	1715	1657572687
156145	1667	1661870388
156150	1742	1663881119
156156	1733	1664957974
156160	1709	1666479622
156163	1713	1667196567
156176	1745	1673002486
156177	1729	1673034347
156180	1686	1673779528
156181	1721	1673855950
156185	1762	1674839541
156191	1734	1676477487
156207	1687	1683238431
156215	1718	1684743959
156219	1759	1685630632
156221	1730	1686645475
156227	1736	1689712625
156236	1718	1693847823
156237	1690	1693939955
156241	1709	1696573172
156243	1674	1696872614
156244	1131	1697371495
156245	1710	1698797019
156257	1698	1701284994
156299	1664	1713623774
156314	1702	1717332392
156331	1746	1722400557
156333	1680	1722712059
156334	1729	1723608148
156349	1769	1726505990
156362	1696	1732886683
156370	1739	1734940198
156371	1664	1735070794
156375	1678	1735763513
156381	1710	1737785611
156382	1714	1738186537
156401	1731	1743804381
156402	1717	1744256986
156411	1736	1745552939
156420	1742	1747788042
156422	1635	1749239197
156451	1698	1757852615
156457	1762	1760938820
156460	1671	1761346956
156467	1717	1763238032
156474	1668	1766204604
156477	1668	1767179325
156480	1692	1768282549
156486	1714	1769661466
156497	1736	1774895858
156510	1738	1779524997
156511	1681	1779606157
156512	1729	1780510133
156513	1728	1780626401
156522	1733	1783740688
156528	1681	1785393060
156534	1749	1786274287
156535	1688	1786333254
156536	1716	1786487377
156548	1673	1790426618
156553	1696	1793212064
156574	1715	1798580441
156575	1710	1798625638
156583	1716	1801575920
156584	1683	1801868296
156593	1714	1804304617
156595	1702	1804469845
156604	1668	1807592683
156607	1734	1807906241
156613	1718	1809535801
156625	1764	1814271094
156631	1683	1817461800
156634	1739	1818597187
156645	1674	1821995055
156653	1701	1823929508
156656	1712	1824519393
156663	1743	1826272914
156672	1720	1829213274
156676	1635	1829901945
156694	1683	1836508077
156701	1660	1839643359
156708	1764	1842069552
156709	1706	1842100609
156711	1712	1843474543
156734	1793	1851000742
156738	1765	1854097084
156743	1709	1855552448
156745	1740	1855924182
156746	1698	1856243679
156747	1701	1856529047
156752	1744	1858492633
156766	1715	1862074088
156774	1713	1863149311
156777	1701	1864193837
156779	1715	1864717837
156780	1741	1864759632
156788	1737	1867585964
156805	1705	1870903445
156817	1681	1877160223
156821	1679	1877976548
156822	1766	1878165479
156824	1711	1878796797
156830	1742	1880886054
156831	1714	1881281930
156840	1771	1882874651
156847	1665	1886338225
156848	1673	1886781840
156850	1675	1887283387
156856	1716	1889033558
156878	1756	1897196302
156881	1716	1898226060
156885	1724	1898863926
156887	1722	1899367955
156900	1707	1905719333
156907	1663	1907670307
156916	1129	1909811969
156925	1699	1911251043
156937	1700	1917990030
156938	1695	1918275562
156946	1771	1919702935
156947	1706	1919761447
156949	717	1920790669
156953	1738	1921561221
156965	1699	1924677469
156967	1677	1925544330
156969	1672	1926121314
156984	1699	1931760952
156986	1736	1932196637
156993	1750	1933334919
156996	1718	1933978931
157001	1712	1936727213
157003	1651	1936816614
157006	1699	1937976970
157014	1391	1939782820
157066	1702	1953996573
157088	1663	1964315188
157105	1713	1968995857
157108	1692	1969697094
157109	1698	1970202032
157114	1682	1971568853
157119	1739	1974961666
157121	1725	1975148340
157125	1738	1978505667
157130	1723	1980006212
157134	1745	1980597335
157155	1685	1988733930
157163	1783	1991151875
157165	1723	1991542618
157166	1692	1991657808
157170	1757	1992950501
157171	1679	1993174404
157186	1716	1999190579
157187	1714	1999263496
157188	1690	1999528840
157189	1697	1999550533
157205	1734	2002612754
157236	1738	2011737477
157251	1687	2015240614
157254	1713	2015907705
157256	1713	2016201189
157257	1680	2016277720
157260	1670	2017114388
157261	1724	2017743075
157268	1682	2021994840
157271	1656	2022806154
157274	1708	2023746568
157281	1750	2025381056
157291	1658	2027138447
157294	1649	2027737356
157334	1682	2041499455
157345	1762	2044694416
157346	1689	2044855608
157349	1742	2045518221
157350	1738	2046221307
157353	1717	2046856791
157357	1693	2048090338
157365	1694	2049577204
157370	1702	2051887795
157371	1730	2052549969
157376	1742	2053637411
157401	1761	2062699986
157407	1714	2064185074
157408	1105	2064412288
157414	1694	2066707995
157417	1703	2066809268
157424	1692	2069903947
157429	1700	2070905492
157437	1680	2073492981
157450	1665	2076717078
157453	1674	2077653848
157454	1559	2077982493
157484	1708	2089773264
157494	1775	2092459781
157496	1686	2092574989
157507	1675	2095941035
157513	1705	2096611668
157528	1733	2103381357
157530	1636	2104271699
157536	1677	2107700978
157538	1677	2108202424
157539	1718	2108380633
157540	1728	2108448700
157543	1685	2109435642
157557	1685	2115074266
157567	1674	2117530970
157570	1709	2117826416
157581	1665	2120253189
157588	1717	2124090061
157602	1701	2127811764
157612	1714	2130914358
157613	1717	2130960071
157617	1696	2131859837
157618	1725	2131918067
157619	1685	2131944811
157621	1657	2132878479
157624	1731	2133814722
157652	1723	2143938697
157659	1707	2145793970
157661	1739	2146065866
157669	1727	2149316264
157674	1696	2150293244
157682	1745	2151991850
157686	1501	2152721472
157688	1715	2152817181
157701	1707	2156287371
157703	1710	2156409767
157714	1664	2159641322
157716	1702	2160147967
157725	1682	2164895465
157731	1730	2167230364
157739	1712	2170509028
157744	1727	2171601053
157745	1703	2172220875
157750	1732	2173396507
157764	1267	2178361097
157769	1689	2180027929
157771	1723	2180638849
157773	1660	2181349159
157776	1743	2184208028
157789	1740	2188750699
157800	1749	2191456057
157807	1649	2196499110
157817	1720	2199554870
157826	1672	2201234116
157830	1760	2201961335
157834	1734	2205363950
157840	1714	2207127640
157851	1708	2211228332
157855	1695	2213427466
157858	1735	2214171314
157867	1686	2217161418
157885	1756	2222841060
157893	1703	2227192267
157895	1709	2227331178
157903	1666	2230879003
157920	1705	2234789947
157929	1713	2236281884
157933	1713	2237892763
157939	1736	2240529791
157949	1708	2242244753
157951	1709	2242726901
157952	1695	2242828460
157955	1717	2244401453
157956	1682	2245872849
157962	1723	2247967687
157971	1757	2249630130
157980	1735	2251372788
157992	1688	2253824999
158004	1731	2257479011
158005	1696	2258570705
158007	1653	2259542613
158022	1724	2263101099
158035	1611	2270606850
158049	1690	2274023850
158051	1715	2275593751
158058	1746	2277603646
158065	1765	2279602589
158080	1672	2284461830
158092	1743	2289130553
158095	1759	2290167802
158109	1736	2297402542
158128	1733	2301339794
158135	1748	2302681780
158141	1678	2304401293
158146	1729	2305549876
158153	1729	2309440166
158161	1779	2311285807
158169	1718	2314234941
158176	1734	2315572135
158177	1725	2315611176
158178	1728	2316340879
158179	1673	2316633397
158185	1677	2317399690
158190	1733	2319222596
158191	1693	2319318127
158193	1747	2319768809
158201	1738	2321597194
158215	1743	2329470485
158240	1674	2337710603
158251	1764	2341070117
158260	1690	2343738175
158274	1750	2350610610
158280	1714	2352337761
158292	1703	2355524048
158300	1732	2358182730
158305	1759	2361324777
158306	1691	2361497116
158312	1658	2363651128
158313	1740	2363714211
158317	1731	2365042556
158320	1520	2366933375
158332	1693	2370934623
158338	1694	2373803841
158353	1793	2378383028
158360	1672	2381372007
158364	1717	2381772794
158371	1707	2383175099
158373	1709	2384903048
158391	1734	2390747672
158417	1713	2402160935
158418	3933	2402325429
158420	1683	2402928668
158423	1726	2403630303
158435	1727	2406904930
158439	1753	2407188120
158445	1733	2412022458
158458	1718	2417451139
158463	1720	2418981534
158467	1708	2420026652
158477	1669	2422979805
158487	1717	2426948369
158501	1699	2431673371
158518	1732	2437564870
158525	1727	2438701327
158528	1685	2438980882
158532	1647	2439720989
158540	1689	2441227007
158547	1751	2444203653
158565	1557	2450450832
158580	1732	2453979499
158599	1750	2457223858
158605	1702	2458941484
158606	1676	2459113271
158615	1692	2461002510
158619	1725	2462237413
158626	1693	2463989188
158627	1701	2464368829
158630	1715	2465114516
158639	1706	2466813038
158640	1697	2467042379
158650	1666	2470980944
158660	1666	2476684396
158667	840	2479532566
158669	1167	2480306797
158670	1683	2480329121
158671	1732	2480365907
158673	1690	2481346501
158675	1725	2481663955
158682	1686	2482852810
158683	1727	2483230222
158690	1727	2486375404
158695	1712	2487954837
158703	1699	2491132487
158710	1651	2493024133
158716	1678	2494180878
158730	1719	2496435837
158731	1693	2496675118
158744	1690	2500763838
158754	1757	2502962788
158767	1742	2507622504
158769	1708	2507822678
158771	1692	2508350551
158775	1667	2508745688
158776	1171	2509066391
158780	1679	2512762932
158783	1718	2513216102
158787	1719	2514544736
158793	1730	2515561070
158799	1761	2517215599
158804	1734	2517493988
158813	1698	2520009989
158830	1752	2524601096
158831	1737	2524655291
158832	1669	2525861853
158840	1700	2527919043
158870	1689	2535682041
158891	1656	2543048101
158895	1728	2545034662
158898	1734	2545498816
158925	1723	2554930898
158935	1690	2558000728
158942	1715	2560856491
158952	1657	2564399695
158959	924	2566616519
158965	1671	2566810504
158966	1742	2567048110
158972	1685	2569694093
158987	1716	2575448541
158993	1763	2577303526
158996	1760	2578189919
159000	1718	2578606771
159006	1778	2580135971
159010	1759	2581710916
159013	1681	2583180142
159014	1737	2583256583
159018	1700	2583595057
159026	1714	2586759843
159030	1721	2587665351
159032	1722	2588599423
159035	1659	2588673863
159043	864	2590596653
159046	1720	2591031768
159052	1719	2594302771
159065	1719	2598018478
159079	1734	2603282197
159086	1738	2606140342
159095	1735	2608302467
159105	1682	2611314729
159113	1721	2612622490
159127	1753	2618014368
159129	1664	2618201504
159139	1680	2620092476
159142	1721	2620753636
159166	1743	2626104067
159177	1766	2627352722
159181	1715	2627820519
159190	1672	2629857680
159192	1691	2630189204
159194	1756	2630644671
159200	1746	2636024977
159229	1697	2644587242
159231	1713	2644985564
159256	1710	2650077247
159266	1692	2652909464
159282	1748	2660877637
159289	1686	2663589361
159291	1696	2663843031
159295	1363	2664904355
159298	1777	2665389778
159307	1753	2667201790
159311	1700	2668581655
159315	1749	2670624291
159321	1708	2673131856
159323	1658	2674190550
159335	1751	2679068919
159337	1686	2680291883
159347	1118	2682195576
159359	1700	2686287774
159365	1719	2688562316
159374	1745	2691553978
159388	1700	2698234783
159393	1701	2701067227
159411	1739	2707198497
159415	1687	2708438183
159420	1752	2710731644
159425	1697	2711310279
159426	1780	2711662823
159429	1728	2712726558
159454	772	2720465774
159471	1743	2725617597
159474	1721	2725852316
159478	1718	2726293574
159482	1708	2727296752
159491	1747	2729163983
159515	1704	2737467084
159521	1741	2738324716
159522	1747	2738383007
159527	1753	2741376901
159539	1685	2744189819
159540	1676	2744303085
159546	1723	2745890688
159547	1738	2746094674
159555	1730	2749863147
159563	1459	2752324449
159566	1739	2753565997
159572	1734	2755530654
159575	1770	2758415367
159595	1759	2762990316
159601	1680	2764443759
159606	1764	2765977038
159611	1702	2767183117
159615	1699	2767667527
159619	1734	2768580906
159625	1679	2770837562
159647	1698	2776492464
159666	1674	2783342773
159678	1700	2787038824
159683	1750	2787805667
159698	1683	2791570490
159699	1691	2792053594
159707	1720	2794555152
159716	1754	2799768724
159720	1745	2801666209
159728	1747	2803751822
159729	1716	2803759169
159735	1703	2805385148
159740	1713	2806509406
159742	1751	2806744864
159747	1710	2808593531
159753	1729	2810212234
159757	1699	2810763120
159759	1662	2811447803
159763	1774	2812102210
159770	1699	2814376332
159772	1710	2814644785
159773	1701	2814736813
159776	1740	2815483131
159780	1772	2816286318
159783	1734	2816395153
159784	1663	2816581674
159788	1722	2819917792
159800	1709	2823435079
159814	1727	2827873785
159830	1695	2831744746
159838	1758	2833081049
159841	1702	2834216915
159853	1740	2840008071
159855	1692	2840507836
159860	784	2841335472
159864	1703	2842896189
159865	1716	2843169519
159869	1756	2845690351
159878	1734	2847297190
159880	1710	2848217735
159882	1719	2849200168
159895	1721	2852444477
159925	1719	2861823501
159930	1744	2862949181
159943	1718	2864931087
159955	1747	2868595971
159961	1110	2870354118
159963	1762	2870607791
159966	1677	2871885975
159968	1687	2872061544
159981	1687	2877175023
159985	1718	2880667309
159997	1732	2886048709
160001	1723	2886905016
160014	1708	2890336859
160015	1705	2890900020
160020	1711	2892180210
160021	1674	2892305442
160035	1700	2896117234
160036	1702	2896179930
160040	1738	2897922370
160041	1694	2898479450
160047	1692	2902276924
160056	1650	2907637376
160061	1715	2909867951
160082	1726	2913387571
160092	1746	2916233415
160102	1705	2917970280
160119	1715	2923100519
160126	1714	2925920549
160142	1666	2928941832
160148	1721	2930168335
160159	1735	2932389064
160173	1688	2937107003
160174	1713	2937289905
160181	1641	2939875231
160182	1727	2939965646
160187	1724	2944187065
160198	1732	2945936070
160215	1732	2952262195
160216	1676	2952273415
160235	1732	2956570732
160239	1698	2957285882
160244	1744	2958514449
160273	1664	2968383413
160275	1704	2968615140
160286	1727	2971541190
160292	1662	2974040391
160304	1682	2976486906
160305	1715	2976599882
160341	1762	2990961562
160343	1744	2992039770
160351	1714	2994282528
160352	1725	2994307687
160356	1727	2995127712
160360	1715	2996553572
160382	1720	3003489931
160387	1771	3004987089
160396	1683	3008998416
160397	1666	3009224582
160414	1748	3014451084
160423	1525	3016835238
160428	1711	3018173751
160439	1714	3020664514
160444	1681	3023869321
160451	1699	3025903763
160460	1737	3026557489
160466	1702	3028786487
160468	1141	3029405553
160473	1663	3029918449
160498	1728	3037663402
160517	1711	3041563464
160524	1668	3045671944
160534	1716	3048896973
160541	1732	3051021540
160546	1759	3051278387
160548	1713	3051870658
160558	1724	3054391142
160568	1729	3056583988
160576	1770	3058814782
160584	1730	3062231788
160586	1700	3064139856
160595	1745	3065714101
160601	1684	3069334018
160612	1750	3073641599
160614	1667	3073979022
160633	1716	3079166077
160635	1735	3080035709
160649	1706	3085517769
160654	1721	3086625637
160660	1684	3088666625
160662	1700	3089378675
160685	1726	3094174807
160686	1680	3094189048
160705	1694	3102048836
160710	1691	3103030825
160716	1691	3106105699
160718	1747	3106169803
160731	1708	3109934585
160733	1657	3110366574
160740	1731	3112015376
160747	1731	3113614952
160748	1715	3114151021
160749	1697	3114179378
160762	1712	3118491229
160782	1764	3126483548
160801	1772	3129696000
160816	1788	3132430778
160827	1704	3135711897
160836	1689	3137876968
160839	1682	3138423621
160840	1743	3138586657
160852	1711	3141701625
160853	1726	3142817790
160858	1714	3147072708
160859	1652	3147154436
160866	1679	3148382256
160868	1733	3148964772
160878	1730	3151361348
160879	1728	3151383690
160899	1693	3154952921
160906	1709	3156955520
160908	1678	3157415015
160921	1732	3159105531
160923	1678	3159804449
160929	1766	3160453520
160931	1708	3161127877
160934	1730	3161623828
160937	1689	3163766927
160943	1696	3164950105
160951	785	3171607801
160954	1703	3171933593
160960	1731	3173860432
160972	1746	3177347105
160973	1647	3177437330
160976	1743	3178080049
160984	1689	3180501264
160998	1757	3182930666
161005	1686	3184277779
161012	1700	3189235284
161017	1738	3190820995
161031	1655	3194084965
161035	1732	3195239326
161037	1747	3195475653
161043	1723	3197330010
161053	1691	3199180433
161054	1766	3199430594
161062	1690	3201448309
161064	1710	3202024821
161065	1719	3202214183
161069	1722	3202920184
161080	1720	3204932287
161083	1727	3208193109
161084	1753	3208197250
161099	1733	3210694051
161113	1739	3214414707
161114	1775	3214472501
161115	1731	3214605385
161125	1692	3216755121
161129	1681	3218120030
161134	1667	3219194211
161151	1711	3222792740
161154	1740	3223256286
161166	1729	3225063781
161169	1678	3225423937
161177	1669	3228667562
161180	1675	3229285880
161193	1747	3234083869
161197	1733	3234857803
161210	1537	3238546558
161213	1727	3238731342
161215	1704	3239070806
161236	1719	3245359766
161238	1725	3245829699
161249	1657	3250350810
161255	1679	3252024112
161258	1723	3252993352
161266	1701	3254774070
161276	1714	3256948032
161285	1723	3259270310
161286	1742	3260175808
161287	1731	3260503797
161297	1691	3263906998
161318	1725	3269955611
161324	1695	3271290412
161326	1714	3271442570
161344	1713	3277063701
161348	1748	3278996239
161355	1756	3280929439
161360	1742	3282647189
161369	1446	3285455798
161377	1758	3290567544
161378	1690	3290875662
161394	1678	3296145368
161397	1708	3296824313
161408	1737	3299366255
161415	1720	3300528279
161421	1684	3301664834
161431	1737	3303269490
161445	1691	3306930083
161454	1683	3312405361
161457	1733	3313489669
161460	1769	3314450430
161472	1693	3317835155
161474	1681	3318761466
161481	1705	3320708481
161485	1712	3321659109
161495	1692	3323888858
161500	1737	3326440923
161504	1717	3328030349
161509	1734	3330864852
161521	1735	3334651628
161527	1707	3335557433
161546	1228	3342654985
161548	1747	3342677026
161574	1719	3351850294
161586	1702	3356478739
161603	1675	3361097465
161605	1690	3361497184
161616	1728	3364667345
161625	1750	3366471398
161630	1680	3368156610
161644	1695	3372856776
161653	1722	3376496729
161663	1712	3378333563
161664	1719	3378704608
161680	1736	3382185237
161681	1710	3382379468
161683	1684	3382580153
161684	1717	3383169724
161737	1749	3396723550
161743	1690	3399319729
161744	1766	3399589919
161747	1773	3400553944
161750	1716	3401536954
161759	1712	3402840351
161787	1768	3412561736
161790	1753	3413666059
161801	1696	3416348920
161807	1696	3418010595
161808	1742	3418017558
161809	1723	3418130767
161826	1704	3421535753
161834	1717	3423174701
161835	1682	3423352849
161840	1709	3424653488
161866	1701	3432653407
161871	1701	3435481373
161883	1686	3437931435
161889	1752	3440219109
161890	1742	3440522435
161892	1655	3440969044
161893	1755	3440995470
161894	1707	3441578573
161900	1700	3443059877
161903	1710	3443738878
161911	969	3446091616
161914	1703	3447572432
161943	1722	3457791266
161947	1669	3459553333
161973	1679	3467067154
161974	1703	3467139914
161978	1704	3467820608
161984	774	3468591650
161988	1726	3472011314
161990	1737	3472147766
161994	1762	3473292661
162001	1675	3474420623
162004	1717	3475099413
162038	1718	3485569646
162039	1692	3486151520
162053	1691	3492785324
162056	1674	3493640112
162058	1748	3493801709
162059	1711	3493858145
162065	1745	3495596600
162072	1739	3497363485
162074	1708	3497679225
162075	1714	3497941595
162080	1710	3498965862
162089	1759	3502543179
162090	1732	3502586401
162097	1712	3503962873
162100	1718	3504547551
162112	1714	3508152065
162117	1734	3511499681
162123	1712	3513906476
162140	1705	3519855566
162141	1677	3520136666
162148	1663	3523222099
162159	1746	3527088241
162160	1765	3528203339
162163	1754	3528578430
162164	1740	3528868528
162174	1745	3534870762
162176	1722	3535274683
162182	1680	3537493686
162183	1706	3537551878
162195	1697	3539440358
162216	1690	3546133863
162246	1721	3555297606
162247	1717	3555673343
162249	1681	3556504311
162268	1712	3564357232
162270	1727	3564695114
162271	1786	3564969302
162273	1687	3565148027
162284	1723	3567184334
162291	1732	3569013647
162292	1686	3569559737
162299	1668	3572586027
162300	1725	3572839176
162302	569	3573767355
162306	1755	3574320342
162314	1690	3576592104
162315	1735	3577607811
162316	1703	3577646669
162328	1690	3582583844
162329	1750	3582725718
162331	1742	3582953785
162337	1716	3584558473
162340	1710	3585287676
162358	1690	3590343811
162359	1745	3592350239
162365	1768	3595542904
162367	1653	3596377561
162386	1753	3602164930
162388	1683	3603274188
162393	1701	3604591429
162397	1725	3606386169
162399	1744	3606725158
162405	1705	3608252539
162419	1741	3612860823
162425	1106	3613467490
162430	1669	3614708770
162433	1741	3615644154
162452	1725	3621615953
162454	1696	3621713812
162463	1645	3624220329
162469	1647	3624929609
162473	1719	3625560838
162536	1757	3641601896
162540	1707	3642361367
162554	1721	3646356891
162558	1686	3647163438
162567	592	3649238421
162574	1688	3650400260
162579	1680	3653440270
162589	1722	3656676627
162595	1699	3657610143
162613	1701	3662411985
162615	1710	3664846780
162619	1753	3665579271
162622	1721	3665843485
162623	1702	3665872136
162624	1710	3665877705
162631	1705	3667668190
162634	1711	3668527288
162640	1725	3669466291
162645	1745	3673851418
162670	1691	3679795445
162676	1733	3680814711
162677	1673	3680904355
162679	1718	3681264496
162686	1713	3682044308
162701	1699	3685030953
162705	1717	3685527776
162710	1712	3686299686
162718	1663	3687818139
162720	1727	3688547552
162746	605	3697021330
162751	1701	3698264704
162760	1719	3700522252
162765	1721	3701588761
162770	1683	3703494623
162779	1645	3706510520
162791	1732	3711160927
162797	1706	3712347787
162809	1731	3716849171
162822	1679	3719701699
162826	1729	3720605586
162831	1689	3721524744
162832	1707	3721542029
162833	1701	3721636313
162839	1656	3723447833
162855	1715	3727207687
162861	1718	3728777041
162871	1739	3731719651
162875	1709	3732982934
162899	1511	3741961969
162905	1735	3742858441
162909	1754	3744274770
162910	1722	3744916162
162919	1757	3747653375
162928	1648	3751256922
162945	1739	3754587816
162946	1681	3756552157
162949	1747	3757904519
162958	1697	3759662037
162973	1704	3763764719
162974	1701	3763965367
162981	1688	3765746933
162989	1743	3767135739
162990	1718	3767185346
163002	1668	3771361900
163003	1690	3771417673
163007	1675	3772132858
163010	1739	3772588209
163017	1699	3777555570
163018	1716	3777872495
163025	1694	3779962055
163027	1732	3780041419
163035	1757	3782069927
163038	1687	3782484026
163042	1655	3784776427
163063	1692	3789027275
163067	1684	3791362276
163087	1736	3798677917
163089	1691	3800529048
163092	1750	3801336028
163103	1769	3805830202
163110	1710	3809209179
163111	1746	3809377624
163112	1693	3810584587
163117	1715	3810941111
163118	1710	3811201565
163120	1741	3811913809
163123	1752	3813119522
163143	1742	3819355562
163147	1659	3821681300
163164	1719	3824720742
163166	1725	3825700055
163180	1706	3828473357
163185	1773	3830182560
163194	1759	3832255264
163212	1660	3837368160
163220	1657	3839391160
163221	1775	3839550719
163228	1711	3840851749
163229	1683	3841340301
163233	1734	3842155259
163242	1661	3844834562
163249	1533	3846606112
163253	1744	3846860793
163261	1714	3848998273
163263	1676	3849556687
163280	1726	3854126094
163281	1671	3854408165
163290	1679	3859458526
163291	1716	3859980775
163294	1670	3860553581
163298	1341	3861236563
163300	1694	3861780248
163309	1746	3863808267
163312	1754	3864195108
163314	1700	3864487177
163325	1694	3867701072
163326	1737	3867882985
163328	1725	3868371956
163331	1695	3868829056
163336	1691	3870179743
163339	1684	3871059390
163353	1737	3876075269
163363	1710	3881150123
163365	1723	3882849845
163369	1663	3885182678
163372	1688	3885825302
163373	1723	3885908292
163387	1707	3888911128
163388	1695	3889051401
163394	1693	3891014063
163415	1776	3896384978
163419	1738	3899939447
163455	1725	3909546245
163460	1749	3910281835
163461	1717	3910446261
163465	1693	3911617651
163467	1707	3911875788
163468	1735	3912910680
163471	1718	3914311906
163479	1723	3915810397
163486	1716	3917304612
163494	1725	3920480789
163496	1703	3920642110
163497	1681	3920905716
163502	1720	3922264081
163506	1679	3923324781
163515	1712	3924827921
163519	1721	3926758543
163527	1700	3930381476
163535	1731	3933164590
163561	1729	3943312555
163572	1705	3946323730
163575	1710	3947479459
163576	1708	3947803507
163593	1690	3952503731
163616	1716	3957223889
163639	1713	3964002643
163650	1699	3968070750
163651	1712	3968501810
163652	1692	3968568300
163655	1718	3969214057
163662	1695	3970921415
163664	1663	3971166578
163672	1717	3974521322
163677	1728	3975960989
163695	1678	3981847619
163696	1741	3982108983
163697	1748	3982290265
163704	1718	3984432492
163710	1744	3985111366
163711	1754	3985662531
163721	1769	3987888168
163726	1771	3989386390
163733	1731	3990243331
163734	1709	3991129984
163735	1728	3991320298
163740	1756	3993852342
163745	1699	3994432281
163759	1736	4002565811
163766	1712	4003193486
163771	1705	4004467753
163775	1700	4005665153
163780	1730	4006594768
163807	1661	4015954136
163815	1706	4016951576
163834	1670	4024021061
163850	1688	4027904494
163851	1686	4029426113
163860	1708	4031418876
163870	922	4034448830
163872	1688	4035449478
163885	1666	4038237955
163888	1659	4038968095
163908	1710	4047135519
163916	1694	4050384318
163917	1687	4050684724
163931	1633	4054727954
163939	1712	4056774111
163940	1699	4056991361
163942	1716	4057216081
163956	1657	4063112947
163974	1692	4069108897
163983	1717	4072759245
163984	1703	4073106168
163988	1736	4075498576
163991	1712	4076638238
163993	1716	4076869928
163999	1719	4078896394
164011	1675	4083680641
164017	1711	4085403593
164019	1567	4085774364
164021	1720	4086478432
164025	1713	4087730897
164043	1717	4091857805
164044	1733	4091973426
164045	1687	4092493404
164051	1643	4094520823
164057	1693	4095278028
164058	1276	4095299148
164059	1703	4095772186
164062	1692	4095988333
164068	1723	4097528997
164084	1723	4104088843
164092	1734	4105910983
164093	1719	4106573538
164097	1719	4107707412
164099	1723	4108425242
164132	1710	4118492511
164138	1691	4120159383
164141	1709	4121059100
164144	1689	4121466469
164154	1655	4126394810
164177	1742	4133050733
164178	1771	4133484640
164194	1749	4137758435
164202	1739	4142280294
164204	1715	4142452863
164206	1746	4144545199
164230	1694	4151458053
164231	1697	4151489901
164244	1738	4154000898
164245	1744	4154037383
164247	1725	4154561011
164252	1691	4155939166
164261	1671	4157612130
164262	1740	4157851007
164273	1695	4161865520
164276	1690	4162763052
164277	1708	4163181106
164285	1706	4167772911
164289	1694	4168972277
164290	1729	4169025301
164296	1749	4170406031
164299	1735	4170765018
164308	1700	4174438919
164311	1728	4175179957
164315	1688	4175625595
164317	1749	4175973058
164339	1758	4180547020
164342	1722	4181017365
164347	1685	4182672250
164358	1713	4187365088
164359	1672	4187379991
164378	1729	4191753766
164379	1717	4192426305
164394	1715	4196037029
164399	1765	4197049856
164403	1648	4197662558
164418	1732	4201091853
164424	1711	4205092528
164434	1673	4207927036
164440	1745	4208749824
164441	1678	4209047567
164446	1717	4210459429
164453	1658	4211605241
164455	1733	4211963709
164460	1724	4213356714
164466	1726	4215186475
164472	1763	4216116110
164478	1644	4217566535
164483	1656	4218464382
164486	1737	4219267121
164489	1747	4219866101
164493	1716	4221044006
164500	1709	4222790420
164504	1657	4223303527
164518	1731	4230523357
164524	1672	4233226561
164529	1675	4234002090
164530	1723	4234017349
164543	1691	4237838265
164546	1724	4239761193
164557	1679	4241924552
164558	1746	4242002848
164562	1461	4242776076
164565	1686	4243397312
164577	1714	4248610464
164601	1699	4256293778
164602	1663	4256400607
164605	1788	4257026484
164611	1722	4259582387
164615	1761	4260367127
164629	1700	4262695417
164651	1713	4271500768
164653	1696	4272125224
164654	1750	4272453366
164668	1647	4275810987
164685	1752	4281964387
164687	1656	4282660814
164696	1705	4284267540
164711	1642	4293175994
164724	1710	1692907
164740	1695	4753666
164746	1717	6805193
164750	1725	7809099
164753	1735	8481776
164754	1749	8536229
164758	1752	9137094
164794	1684	17948739
164800	1692	19816907
164804	1757	20449192
164831	1736	27988350
164834	1730	28339422
164840	1674	29190154
164857	1733	34824319
164859	1676	35453010
164866	1712	36874448
164884	1701	43139414
164887	1736	43405147
164890	1682	44210118
164898	1667	45883296
164903	1733	47629938
164906	1671	48531874
164913	1749	50132332
164914	1681	50870099
164918	1664	53582905
164922	1707	54208861
164952	1708	61440122
164976	1736	66171052
164983	1751	68043444
164997	1764	74652247
165000	1673	75404270
165009	1127	78261199
165013	1729	78876754
165020	1727	80793591
165027	1710	83071999
165031	1327	84141648
165050	1676	87854123
165056	1755	88770176
165066	1681	91267311
165067	1716	91633099
165076	1713	97093843
165083	1742	98395663
165092	1718	101049204
165100	1783	103421549
165121	1725	108855165
165137	1642	115478009
165141	1747	116732336
165156	1750	121287096
165163	1712	123829839
165169	1672	125016654
165175	1642	125857939
165180	1704	126361377
165182	919	126664618
165187	1714	128557541
165191	1684	129387662
165211	1737	138188604
165212	1722	138461510
165221	1689	141493510
165226	1744	142319666
165229	1754	143114936
165236	1730	144964807
165240	1750	146102891
165251	1693	147498137
165268	1708	151634964
165269	850	151697034
165283	1731	157995401
165285	1698	158282958
165297	1738	160826406
165307	1750	164763791
165317	1728	166356250
165321	1732	167029912
165326	1706	168431378
165335	1540	170954017
165338	1699	171148406
165344	1064	172739664
165369	1667	181418831
165375	1704	184204548
165397	1767	190651166
165401	1712	191853499
165402	1763	192206340
165405	1693	192682405
165414	1675	197089913
165417	1663	197660839
165418	1713	197927485
165425	1771	201221332
165432	1681	203597762
165440	1715	205873331
165460	1671	210955206
165462	1726	211236107
165466	1744	212332199
165475	1758	215151113
165479	1724	218433087
165482	1739	219110783
165488	1745	220657379
165497	1747	224431818
165500	1707	225066502
165508	1740	227039587
165516	1750	229743984
165520	1695	230517363
165523	1686	231316898
165525	1707	233160625
165527	1752	233437401
165538	1490	235262184
165546	1682	239667883
165552	1716	241871663
165578	1724	249330171
165580	1688	249582905
165590	1256	250886792
165591	1691	250902382
165593	1707	251033017
165594	1743	251233899
165597	1672	252158931
165598	1683	252323574
165600	1733	252853771
165601	1725	252959802
165605	1708	253646507
165607	1742	254290805
165617	1737	256272170
165618	1736	256594057
165656	1765	268432122
165661	1729	269327291
165662	1705	269571056
165667	926	271211514
165679	1667	275486420
165684	1279	276748197
165688	1712	279095160
165694	1681	279971464
165705	1674	283251822
165711	1706	285497330
165715	1753	286372523
165732	1708	291278565
165739	783	293639783
165744	1676	294291057
165748	1703	295823080
165751	1751	296350814
165760	1740	300098538
165767	1712	302776558
165772	1730	303775698
165777	1692	304556554
165784	1732	306806398
165785	1717	307278133
165789	1727	307875159
165792	1691	308371447
165803	1738	311082385
165818	1649	315042515
165833	1683	323100925
165844	1721	325822027
165847	1723	326119314
165853	1187	329066829
165866	1746	333827521
165882	1739	336079887
165906	1765	344463174
165921	1742	348174734
165928	1680	350543821
165936	1714	351808602
165937	1754	352185966
165956	1691	357694143
165960	1718	360211960
165964	1734	361837633
165966	1726	363080393
165970	1697	363612009
165972	1650	365253952
165981	1638	370659778
165982	1693	370664226
165994	1727	374051935
165999	1704	375021366
166002	1740	375964087
166028	1689	386543576
166039	1735	388778274
166040	1746	388816748
166044	1764	389508245
166055	1694	392458936
166057	1693	392898061
166058	1716	393308549
166059	1762	393443767
166068	1723	398503120
166078	1712	402177915
166079	1698	402180036
166100	1737	406634802
166103	1761	407425180
166105	1654	408027958
166106	1736	408125761
166108	1676	409028144
166114	1695	410357846
166116	1726	411033242
166118	1700	411262628
166137	1748	418765117
166138	1723	419301918
166152	1721	425467075
166158	1726	427091593
166163	1768	428021187
166164	1701	428737719
166203	1184	442497161
166219	1695	448083344
166231	1726	451488345
166232	1734	451521036
166239	1706	452665412
166256	1725	456680944
166277	1721	463665640
166281	1719	464672203
166292	1699	467303822
166297	1707	468593712
166300	762	469917331
166301	1698	470039510
166302	1730	470598119
166304	1743	471063117
166308	1742	471618451
166316	1750	472982654
166327	1734	475279443
166328	1692	475384454
166343	1732	477997360
166346	1693	479286605
166347	846	479387774
166360	1737	483285717
166379	1675	489676439
166384	1752	491397930
166395	1679	493527037
166400	1723	494308183
166415	1743	497961119
166416	1742	498025203
166427	1310	500280589
166429	1730	500534146
166430	1722	501774889
166432	1711	503250827
166434	1683	503340384
166458	1724	511826264
166460	1744	512518772
166464	1704	512908888
166472	1713	514637652
166474	1741	515583821
166475	1743	515759500
166481	1714	517420480
166494	1713	525049017
166500	1714	525718278
166508	1732	528377945
166517	1735	531392859
166519	1666	531422153
166523	1694	532896877
166530	1656	533946628
166540	1703	536138882
166544	1696	537839114
166559	1741	541012397
166565	1765	545271342
166571	1690	547140329
166582	1733	549307123
166592	1654	552132122
166605	1700	557809573
166608	1740	558050515
166609	1692	558073387
166613	1739	559439033
166625	1742	561526481
166640	1741	568026748
166641	1753	568066774
166650	1694	569824990
166651	1716	570273191
166656	1711	572661875
166660	1693	573311583
166666	1750	574466852
166684	1682	578639243
166687	1723	579935945
166706	1742	587222846
166723	1707	591744189
166727	1689	592429057
166743	1676	597146679
166744	1771	598049813
166745	1672	598093036
166747	1703	599115566
166748	1691	599932637
166749	1687	599939976
166751	1720	600781865
166794	1656	612268189
166807	1688	615905771
166809	1722	616358639
166823	1725	620125220
166830	1698	622539039
166834	1747	622932483
166835	1694	623153085
166840	1713	626639664
166843	1741	627084687
166853	1693	628931007
166869	1728	634105026
166876	903	636386287
166887	1742	641082634
166891	1679	642282124
166896	1749	643341943
166910	1718	647874930
166912	1724	648781278
166919	1726	652312976
166925	1760	654247980
166927	1718	654940469
166939	1735	657739292
166944	1676	659884512
166948	1673	660392766
166956	1720	661978263
166964	1696	663354824
166966	1759	663994056
166982	1735	670349935
166984	972	670693155
166990	1716	672281159
166991	1764	672497855
166997	1669	673415825
167010	1679	676931603
167028	1704	683007896
167034	1680	684641215
167037	1708	684999697
167044	1696	688500134
167053	1697	689812640
167054	1693	689955360
167059	1676	690935321
167072	1730	696527406
167073	1708	696629460
167075	1686	697436985
167098	1734	702632112
167102	1719	703621749
167114	1713	706054149
167118	1706	706206964
167143	1729	713328744
167157	1720	717211537
167163	1696	718879236
167175	1709	723195558
167177	1707	723327675
167185	1735	725354697
167195	1686	729932315
167200	1697	730536070
167214	1641	734141877
167217	1691	737038886
167232	1765	742196783
167234	1706	742544938
167237	1693	743168517
167238	1698	743520384
167241	1688	744177405
167247	1700	746286404
167270	1690	753664406
167271	1701	753690786
167280	1677	755252564
167282	1737	755681033
167286	1692	756268672
167288	1704	756638233
167292	1688	759127737
167334	1718	771887811
167342	1735	774146229
167347	1711	775604529
167349	1687	776185138
167369	1743	781257691
167374	1754	782061975
167377	1748	783450490
167386	1723	785408144
167396	1717	787784142
167399	1730	790940080
167404	1704	791998892
167405	1754	792229260
167412	1678	793972694
167419	1761	795607010
167441	1701	801091097
167445	1676	802956836
167462	1671	807203838
167470	1727	810595958
167471	1693	810972888
167472	1693	811225918
167475	1698	811989233
167476	1685	812024820
167477	1799	812375157
167481	1730	812910211
167487	1695	814954662
167494	1654	817512482
167512	1690	820319162
167513	1740	820753150
167522	1730	823653339
167536	960	826943798
167542	1715	830779088
167551	1739	832991713
167557	1683	835999533
167563	1735	836943910
167564	1728	836993065
167568	1710	838179919
167573	684	838880530
167576	1687	840301064
167581	1680	841811041
167587	1741	843449779
167597	1697	846433360
167606	1619	850756375
167607	1639	850823803
167609	1724	851201065
167613	1717	852429622
167621	1655	854301444
167630	1714	856131569
167643	1730	858588757
167649	1661	859735014
167650	1668	859793022
167658	1720	861540264
167660	1718	862159966
167673	1672	865323863
167679	1747	871243618
167680	1754	871332118
167681	1751	871609442
167685	1715	873061296
167698	1682	876629266
167709	1712	879403425
167725	1771	883067068
167736	1751	885295748
167751	1723	890857336
167754	1723	893412573
167755	1748	893725595
167757	1726	895209553
167762	1724	897553739
167765	1655	898284203
167766	1724	898325349
167778	1715	901606821
167792	1718	906287216
167796	1730	906828178
167802	1735	909006813
167812	1691	915722398
167816	1743	916784422
167823	1750	917818093
167830	1717	919264303
167852	1718	925752980
167855	1760	926181288
167856	1672	926199190
167873	1731	934639939
167877	1724	935557440
167884	1738	937506028
167927	1682	948682609
167931	1667	951325852
167936	1728	952346025
167948	1700	956704227
167953	1735	958873100
167962	1750	962046761
167964	1668	962315475
167967	1798	963340446
167968	1749	963825243
167973	1753	965807075
167988	1702	970380256
168005	1704	976909651
168006	1743	976950321
168010	1726	977982062
168017	1702	980256848
168026	1704	982085231
168040	1658	986319399
168046	1692	987978398
168053	1722	992505929
168063	1709	995688023
168065	1770	996147786
168070	1659	997425254
168082	1681	1002127489
168085	1742	1002574477
168086	1701	1004254199
168100	1694	1007845073
168110	1727	1011021752
168119	1675	1015335916
168124	1756	1016389433
168139	1741	1022047535
168144	1711	1024580582
168148	1763	1025329112
168151	1752	1025737879
168152	1696	1025846710
168153	1740	1025924964
168157	1735	1026098416
168158	1717	1026181845
168165	1713	1028274322
168171	1688	1030294073
168181	1716	1034980431
168187	1696	1036906370
168191	1732	1037553232
168192	1686	1037809835
168205	1694	1039711534
168216	1682	1041833139
168226	1754	1043383863
168230	1719	1047381685
168259	1734	1055400107
168269	1664	1057475981
168271	1752	1058178414
168288	1724	1062937038
168293	1646	1063976730
168295	1767	1064354572
168296	1724	1064449577
168298	1722	1064673295
168301	1712	1064898314
168302	1690	1065570082
168316	1591	1067916077
168319	1758	1068051775
168335	1729	1071856738
168336	1720	1073909484
168339	1702	1074470272
168349	1717	1078381451
168367	1745	1081294050
168369	1708	1081344334
168375	1722	1083352348
168379	1672	1083776857
168386	1711	1085783432
168391	1736	1086589852
168399	1719	1089424622
168402	1697	1089972936
168417	1682	1096044723
168418	1695	1096480743
168422	1722	1097005427
168426	1704	1098294223
168430	1719	1099267241
168442	1724	1100794620
168450	1764	1102731720
168451	1749	1102814210
168463	1683	1106706942
168465	1714	1107261702
168473	1754	1109268902
168474	1708	1109505265
168476	1704	1111083390
168479	1717	1111923398
168485	1683	1115916050
168486	1730	1116024227
168489	1756	1116509190
168490	1720	1116586092
168504	1676	1120005856
168505	1718	1120317729
168511	1715	1122209639
168514	1687	1123068008
168521	1705	1125692869
168555	1713	1137129472
168556	1729	1137450943
168562	1094	1139723878
168565	1683	1141022628
168566	1714	1141115519
168584	1733	1144398561
168596	1672	1147437611
168604	1697	1149754454
168606	1735	1150086221
168607	1747	1150189563
168636	1747	1159439735
168646	1747	1161458154
168652	872	1162862829
168660	1701	1164629898
168669	1733	1167540026
168676	1686	1169075405
168677	1671	1169509446
168678	1715	1170431534
168686	1770	1173391409
168695	1690	1177284783
168697	1738	1177720798
168698	1724	1177840069
168699	1689	1178304073
168700	1729	1178702568
168712	1724	1180776344
168719	1726	1184199734
168724	1674	1185314245
168740	1718	1188826266
168748	1767	1191024853
168751	1707	1191522904
168756	1773	1192060097
168765	1673	1194735882
168787	1720	1203204350
168790	1720	1203628644
168808	1677	1206866688
168812	1749	1207949017
168863	1715	1222290271
168876	1700	1225975389
168881	1685	1226703348
168886	1729	1228668494
168916	1720	1237709831
168929	1777	1239283335
168930	1686	1239578909
168933	1714	1241400303
168945	1731	1245324161
168951	1755	1246435277
168961	1739	1248615987
168972	1695	1253062796
168973	1715	1253306798
168982	1683	1257972590
168986	1715	1258920752
168994	1735	1260210788
169009	1743	1263517708
169013	1782	1263981503
169021	1721	1266266926
169031	1677	1269521970
169040	1728	1273055842
169042	1712	1273268914
169054	1670	1276019132
169056	1703	1276708681
169063	1705	1282309573
169070	1723	1285823858
169079	1732	1287709288
169082	1286	1288396623
169085	1705	1288635769
169088	1745	1289392928
169092	1704	1290360745
169100	1691	1292733406
169113	1683	1299420827
169125	1697	1302051061
169130	1691	1304115503
169139	1635	1306553013
169141	1716	1306614494
169148	1704	1310407317
169149	1697	1310506002
169150	1740	1310766200
169152	1272	1311079119
169157	1677	1312524445
169162	1722	1312855991
169164	1727	1314341120
169169	1732	1316048424
169173	1721	1316704158
169179	1738	1317531640
169193	1688	1322325237
169196	1743	1323283378
169198	1697	1324395155
169212	1763	1326824783
169216	1748	1327284051
169227	1717	1329472438
169233	1744	1329961047
169235	1659	1331128405
169246	1717	1333796909
169253	1279	1336305841
169259	1744	1338128777
169262	1701	1338518604
169264	1681	1340929551
169279	1687	1345937403
169280	1732	1346277329
169281	1672	1347014736
169286	1744	1348803176
169300	1713	1354092747
169304	1702	1355040765
169310	1724	1356752003
169312	1698	1357599943
169322	1733	1361386243
169330	1728	1363982871
169338	1678	1366687702
169339	1697	1367198085
169345	1684	1368650098
169353	1737	1370964422
169383	1722	1378619717
169387	996	1379341872
169388	1684	1379459697
169398	1703	1381131844
169407	1701	1384519835
169410	1725	1385597995
169412	1715	1385637159
169415	1750	1388092976
169446	1744	1395405313
169450	1729	1396008114
169455	1713	1396965160
169461	1687	1398074912
169462	1634	1398832097
169463	1651	1398942129
169465	1679	1399198865
169475	1676	1400977135
169483	1716	1402577615
169489	1644	1406043700
169492	1695	1406720313
169493	1670	1406908864
169502	1747	1409158883
169509	1675	1412385814
169514	1673	1413878076
169516	1241	1414280435
169520	1697	1415290825
169527	1732	1418741603
169534	1697	1420315944
169535	1687	1420794347
169538	1687	1421873371
169546	1734	1426086044
169550	1700	1427043642
169553	1668	1427823744
169563	1719	1430736294
169568	1701	1431106886
169572	1701	1434435480
169586	1693	1438407168
169604	1370	1442841398
169605	1667	1442905420
169606	1672	1445619763
169608	1751	1446177277
169618	1739	1448384187
169632	1704	1451382053
169635	1731	1451886095
169640	1660	1453325064
169648	1686	1454526759
169649	1688	1454574952
169651	1713	1455270646
169653	1751	1456046718
169667	1691	1461138313
169688	1739	1469645636
169694	1730	1470334247
169705	1740	1475790618
169712	1725	1476823274
169719	1690	1479166016
169729	1691	1482538622
169730	1745	1482580571
169734	1653	1485182194
169743	1733	1487778521
169746	1718	1488389029
169767	1750	1495419366
169781	1707	1499034427
169795	1717	1502269905
169808	1721	1508325656
169814	1669	1509483350
169821	1250	1511549102
169845	1750	1521201016
169846	1707	1521742143
169850	1769	1523078007
169851	1732	1523341073
169855	1691	1526009514
169887	1721	1533646580
169917	1735	1541542148
169918	1677	1541820469
169928	1727	1547203957
169937	1700	1550479116
169979	1738	1561427114
169988	1627	1563505504
169989	1697	1563589933
169992	1721	1564251975
169995	1674	1566773976
170002	1749	1568995920
170006	1722	1570892116
170008	1686	1571238515
170019	1736	1575438279
170023	1730	1576660396
170024	1676	1577057009
170025	1710	1577335154
170027	1724	1578318835
170033	1695	1580085849
170038	1769	1583090636
170053	1660	1590687732
170054	1698	1591509277
170061	1724	1593206955
170062	1706	1593735398
170071	1680	1596755421
170073	1701	1597091773
170079	1651	1598747716
170101	1751	1603753832
170103	1687	1604030641
170105	1734	1604387171
170106	1764	1604495377
170107	1724	1604529099
170110	1743	1604773029
170116	1666	1608519770
170118	1778	1608675218
170130	1707	1611924514
170135	1666	1613330620
170148	1729	1615624670
170173	1752	1620607261
170184	1684	1625111509
170188	1716	1625547544
170196	1732	1629019532
170202	1689	1629947225
170203	1751	1629992925
170215	1743	1634222421
170216	1707	1635483343
170223	1755	1638136524
170224	1743	1638331113
170225	1780	1638384380
170226	1726	1638728062
170234	1717	1640458390
170239	1671	1641153911
170262	1687	1649801707
170273	1700	1653684440
170279	1677	1654717835
170282	1718	1655587321
170285	1660	1656196166
170291	1730	1657790202
170317	1722	1664517755
170329	1645	1670518561
170331	1736	1671242702
170343	1751	1676916691
170357	1737	1680822836
170359	1677	1681386451
170362	1743	1681823695
170380	1713	1686372526
170382	1692	1686472331
170391	1696	1688460564
170397	1687	1692157936
170410	1754	1696793237
170412	1432	1696995805
170419	1728	1699343850
170427	1131	1701713489
170464	1738	1713498765
170466	1732	1713563753
170468	1751	1713862383
170477	1758	1715832168
170484	1667	1716632932
170486	1725	1717001817
170497	1741	1718479877
170503	1710	1719983820
170505	1749	1720431093
170507	1707	1720639104
170510	1706	1721739976
170527	1764	1725657194
170531	1698	1727227894
170545	1711	1733327082
170551	1722	1735680480
170564	1714	1739606081
170568	1689	1740299553
170580	1695	1744381873
170582	1744	1746446459
170589	1729	1748562987
170593	1746	1751655229
170599	1720	1752556001
170604	1745	1753755848
170617	1710	1757464328
170625	1707	1759184933
170628	1385	1760953742
170636	1693	1762682704
170638	1680	1762793182
170647	1766	1765415349
170648	1739	1765748948
170652	1706	1766872558
170654	1706	1767486280
170656	1692	1768912024
170658	1703	1769699001
170663	1706	1772086832
170668	1719	1773016946
170676	1700	1776013528
170680	1744	1776911291
170685	1755	1777508523
170689	1754	1779867407
170699	1687	1784087993
170704	1674	1785124335
170707	1789	1785555474
170709	1718	1786063258
170720	1728	1789961652
170722	1680	1792522260
170740	1729	1796505573
170745	1725	1797433766
170750	1682	1799548417
170763	1727	1802127673
170775	1734	1805292163
170776	1689	1805742000
170788	1737	1807992166
170816	1738	1822368952
170819	1737	1823660660
170823	1713	1824264782
170830	1756	1826271820
170849	1714	1830586899
170852	1664	1831111330
170856	1696	1833590137
170861	1736	1834868139
170864	1693	1835293184
170878	1671	1839350404
170894	1748	1844370723
170902	1724	1847327260
170903	1729	1847600075
170904	1658	1847633976
170908	1724	1848496205
170912	1706	1849888312
170913	1724	1849997647
170930	1722	1854480494
170944	1709	1857462502
170949	1735	1858185470
170964	1732	1863633557
170967	1704	1864078608
170973	668	1864983215
170991	1670	1868855856
170993	1767	1869942949
170995	1719	1870118934
171005	1736	1876327535
171008	1695	1878170462
171038	1699	1882427802
171056	1723	1888679038
171066	1751	1890873421
171083	1718	1897463138
171085	1664	1897639326
171090	1678	1898714751
171097	1736	1899639912
171103	1775	1900947235
171117	1722	1904844539
171132	1722	1907089105
171148	1714	1910720145
171160	1703	1915541971
171175	1705	1917908972
171196	1694	1924376171
171198	1724	1924565228
171205	1718	1926595625
171216	1731	1929952667
171224	1714	1931803900
171225	1693	1931855566
171239	1727	1937868146
171250	1715	1940645603
171251	1172	1940688153
171258	1683	1941488327
171264	1708	1942935442
171271	1666	1944299190
171275	1757	1945196851
171285	1737	1949824770
171287	1728	1950517181
171288	975	1950572295
171290	1700	1950959842
171294	1717	1951616473
171300	1728	1953064209
171304	1670	1955041583
171305	1703	1955230111
171323	1715	1961142744
171337	1731	1965113172
171339	1721	1965313128
171340	1650	1965756254
171343	1745	1967028526
171346	1697	1968310806
171350	1730	1968899406
171353	1755	1969719238
171359	1676	1971415274
171362	1713	1974571113
171363	1742	1974638145
171368	1715	1975330363
171377	1709	1978295031
171384	1718	1979513199
171388	1745	1980123108
171392	1688	1980991678
171440	1657	1995688737
171441	1693	1996031561
171451	1703	1998620459
171452	1711	1999513301
171464	1696	2004087213
171465	1768	2004227310
171467	1680	2004562747
171469	1705	2004823865
171472	1695	2005781241
171481	1719	2009131051
171485	1721	2009768893
171491	1735	2011159139
171504	1753	2016294416
171513	1676	2018288048
171545	1683	2026111904
171552	1748	2027892010
171572	1765	2033253716
171594	1711	2040769946
171621	1724	2050158327
171623	1727	2050290070
171631	1761	2052702847
171639	1712	2056875884
171648	1697	2059829032
171679	1720	2067051270
171692	1679	2070062919
171695	1718	2070284891
171725	1661	2078924425
171726	1668	2079099181
171738	1701	2083305145
171739	1728	2083351795
171746	1708	2085222837
171751	1758	2088052808
171752	1727	2088143894
171755	1745	2088871211
171756	1746	2088966225
171758	1704	2089121181
171772	1712	2092551556
171797	1664	2100658533
171800	1715	2101429558
171815	1707	2105772531
171823	1698	2108860675
171825	1728	2109606914
171834	1684	2112155038
171856	1705	2116651038
171862	1740	2118098651
171877	1695	2123010069
171880	1703	2123320788
171885	1736	2124325067
171906	1677	2129994515
171907	1747	2130408924
171908	1738	2130614922
171909	1703	2130704783
171920	1403	2135668737
171924	1697	2136932487
171940	1721	2141839240
171987	1687	2152649497
171995	1745	2154603998
172010	1713	2159360677
172011	1718	2159938951
172015	1708	2163029640
172018	1695	2164155045
172020	1673	2164354490
172042	1697	2170225220
172062	1708	2175651272
172065	1766	2175932224
172077	1716	2178226573
172078	1739	2178272713
172088	1760	2180255656
172092	1769	2180839107
172097	1747	2184620644
172102	1717	2185145221
172107	1677	2186670649
172111	1742	2187509014
172135	1688	2193378380
172141	1685	2195650801
172145	1705	2196437962
172156	1748	2198540995
172163	1707	2201027635
172173	1740	2206326709
172184	1680	2210297991
172191	1737	2211825723
172192	1726	2212071596
172199	1726	2213378112
172201	1717	2213795998
172212	1687	2215788532
172216	1731	2217984788
172220	1681	2219064045
172227	1676	2220861313
172230	1718	2222253148
172243	1334	2227495320
172245	1752	2228411069
172247	1680	2228444150
172255	1690	2230296060
172261	1710	2232218038
172264	1780	2232664926
172279	1767	2237352855
172283	1763	2237835524
172289	1662	2239613744
172307	1660	2245282739
172334	1701	2252703070
172353	1731	2258947853
172358	1736	2259272646
172380	1698	2275921819
172384	1725	2277608324
172388	1783	2278205893
172392	1634	2279143071
172393	1704	2279283020
172396	1695	2280436421
172399	1673	2282053116
172401	1700	2282755650
172405	1734	2285365090
172411	1718	2286577403
172412	1767	2286662280
172414	1731	2287172003
172419	1710	2287743443
172435	1731	2290174403
172443	1683	2293511228
172459	1725	2298341124
172462	1761	2298652372
172486	1735	2307106402
172521	1712	2317509261
172529	1700	2320169765
172543	1720	2324698426
172555	1705	2329336591
172557	1705	2329470643
172573	1692	2332715476
172581	1741	2334298509
172585	1234	2335661884
172592	1736	2337045688
172594	1704	2337421233
172619	1745	2342464354
172621	1721	2342979237
172623	1722	2343715855
172624	1740	2343723531
172630	1690	2346892592
172632	1693	2347417806
172633	1709	2347729292
172635	1715	2348362122
172639	1741	2349308535
172649	1710	2352628992
172651	1727	2353149493
172673	1700	2361873032
172674	1686	2361921678
172681	1776	2363139607
172687	1702	2367956660
172688	1752	2368203037
172689	1709	2368413356
172690	1702	2368718218
172694	1698	2370450906
172695	1691	2370765179
172699	1734	2371790269
172701	1722	2372514018
172704	1686	2373439981
172705	1739	2373479692
172707	1716	2373564231
172713	1652	2374090714
172716	1760	2374382192
172749	1743	2381674695
172753	1647	2382248282
172763	1688	2387400288
172767	1735	2388376497
172768	1752	2388411998
172769	1754	2388680816
172770	1693	2388792335
172774	1712	2389714041
172784	1719	2392497250
172807	1729	2397312719
172815	1673	2399079379
172819	1747	2399659752
172830	1733	2401744488
172833	1729	2402500433
172834	1634	2402519363
172841	1714	2405593435
172842	1740	2407573033
172843	1683	2407577536
172847	1700	2408239180
172852	1674	2410001858
172860	1730	2412665220
172869	1741	2414726496
172883	1677	2418325122
172889	1717	2420030292
172891	1720	2421350905
172896	1641	2422753071
172897	1723	2422780064
172903	1732	2424045962
172909	1748	2425951135
172913	1664	2428579607
172915	1655	2429753809
172922	1715	2431043353
172937	1666	2436910919
172942	1628	2439041480
172969	1693	2444187681
172976	1648	2445507339
172990	1728	2450870435
173006	1686	2454667985
173015	1732	2456662405
173026	1756	2458795396
173035	1707	2460503082
173039	1721	2462114817
173044	1731	2463156852
173047	1727	2463999257
173061	1781	2470542017
173063	1747	2470763801
173064	1774	2471012683
173071	1675	2472682505
173079	1700	2474233261
173111	1719	2486719947
173112	1704	2486822146
173113	1688	2486825209
173120	1664	2490673411
173123	1672	2491502911
173132	1722	2494007050
173143	1749	2497788801
173173	1714	2506008062
173196	1659	2515595310
173205	1659	2518468962
173207	1741	2518945840
173208	641	2519205040
173214	1745	2520769146
173225	1686	2522975449
173240	1748	2526662420
173253	1747	2532968511
173263	822	2534217607
173275	1162	2537756134
173281	1679	2539150324
173287	1715	2540988667
173292	1700	2542273062
173296	1714	2542823514
173311	1743	2547396766
173312	1697	2547424728
173323	1709	2553172702
173327	1669	2554757746
173339	1755	2558737910
173344	1701	2560165707
173354	1710	2562484094
173356	1698	2563139434
173360	1739	2564517386
173366	1699	2565621139
173380	1734	2571989352
173383	1689	2573041298
173386	1745	2574069240
173398	1177	2577883983
173415	1699	2583812902
173421	1679	2585669132
173424	1641	2587129409
173426	1739	2588100003
173432	1698	2592210722
173435	1694	2592993189
173440	1711	2593956871
173446	1743	2595581268
173449	1767	2596374881
173451	1700	2597212433
173466	1712	2603503786
173468	1698	2603963557
173469	1730	2604349527
173471	1665	2604889702
173480	1754	2606640858
173495	1696	2613007368
173499	1748	2614480778
173500	1695	2614592906
173507	1689	2616351029
173510	1699	2616761815
173514	1738	2617820584
173518	1724	2618383716
173524	1749	2619638986
173530	1742	2621078504
173542	1649	2622185407
173543	1687	2622306485
173555	1697	2625710502
173557	1722	2626110125
173567	1692	2628569729
173574	1730	2633399268
173585	1670	2636856717
173602	1653	2643738415
173605	1716	2644356730
173610	1721	2645677865
173613	1718	2646455943
173637	1762	2653863316
173643	1690	2655508040
173654	1702	2656804697
173657	1692	2657523296
173659	1745	2657913122
173667	1709	2660486963
173668	1716	2660519167
173669	1749	2661021297
173671	1755	2661652087
173674	1765	2662470138
173683	1722	2664094332
173696	1753	2666867659
173701	1702	2667619233
173704	1692	2669334967
173706	1722	2669728117
173709	1750	2670039342
173712	1693	2670387625
173714	1696	2670707338
173716	1720	2671407483
173735	1723	2679031495
173737	1727	2679593711
173742	1765	2680142914
173756	1714	2685612350
173758	1644	2686545945
173763	1704	2687308476
173764	1682	2687346765
173767	1733	2687777720
173790	1694	2696807344
173801	1775	2698683553
173805	1676	2700216205
173823	1721	2705623269
173827	1705	2706148257
173834	1650	2706655293
173835	1719	2707074896
173837	1724	2707486288
173838	1672	2707502903
173841	1784	2708584397
173852	1787	2710046676
173857	1702	2710605452
173859	1728	2711061097
173864	1654	2712173694
173866	1662	2714368541
173871	1124	2714918151
173881	1699	2717910734
173883	1707	2718192274
173898	1744	2722232606
173910	982	2726532313
173919	1682	2728360961
173924	1719	2729056339
173941	1689	2735716983
173948	1678	2738124177
173953	1697	2740312549
173962	1666	2744061195
173975	1720	2747362686
173977	1703	2748024567
173980	1695	2749502772
173987	1691	2751449063
174005	1725	2757589168
174008	1718	2758349561
174010	1755	2759683387
174027	1689	2765486335
174030	1697	2766493274
174032	895	2766587551
174052	1713	2771675635
174057	1700	2772379846
174060	1707	2775035909
174083	1754	2779941491
174089	1730	2783366439
174090	1738	2783384700
174092	1772	2783653528
174093	1738	2783903717
174110	1725	2788124290
174111	1748	2788546880
174116	1701	2789248593
174118	1748	2790313931
174119	1712	2790416130
174137	1691	2793937752
174152	1724	2800402711
174160	1749	2802327441
174167	1657	2804323079
174169	1690	2804646581
174170	1717	2804761371
174183	1230	2807992980
174192	1708	2810525042
174193	1711	2810759097
174195	1686	2811330391
174197	1654	2811754119
174203	1710	2813612972
174227	1728	2820855504
174236	1698	2823058814
174240	1713	2823571603
174242	1730	2824676059
174263	1759	2831471981
174268	1742	2831903340
174269	1729	2831925052
174273	1697	2833276276
174278	1733	2833700080
174285	1743	2837432219
174294	1704	2840152904
174295	1693	2840409077
174299	1746	2841749601
174301	1701	2842143381
174306	1715	2843909370
174318	1739	2847377587
174320	1719	2848021722
174330	1771	2851187728
174335	1716	2852916442
174340	1675	2857898790
174346	1740	2859171663
174351	1749	2860493037
174362	1715	2863419863
174363	1642	2864031467
174365	1692	2864481202
174374	1700	2865835383
174378	1764	2867145211
174396	1665	2873839687
174399	710	2874338484
174415	1727	2880276840
174424	1744	2882060274
174427	1718	2882905093
174429	1673	2883074864
174435	1707	2885339552
174450	1731	2888418021
174454	1785	2890764867
174459	1695	2892716126
174470	1674	2897390209
174484	1662	2900438271
174485	1739	2900452434
174493	1683	2902460411
174506	1685	2904548035
174515	1731	2906466927
174516	1740	2906657835
174521	1704	2907606953
174526	1772	2908768619
174529	1756	2909703526
174543	1653	2913613165
174554	1718	2915213645
174561	1713	2919268234
174567	1693	2921140964
174573	1712	2922860067
174592	1723	2927987128
174593	1752	2927994645
174622	1708	2936244593
174628	1706	2937005060
174632	1697	2940605896
174636	1726	2941219620
174638	1753	2942310978
174644	1710	2944040701
174658	1707	2947911525
174675	1708	2951462588
174685	1717	2953630730
174689	1712	2954643793
174693	702	2955618101
174712	1721	2962061120
174714	959	2962547848
174729	1665	2968501312
174740	1665	2970890581
174746	1679	2972835742
174753	1614	2975348947
174761	1793	2977477342
174763	1681	2978034013
174764	1737	2978322383
174766	1693	2982102517
174776	1689	2983613918
174784	1727	2985381948
174787	1731	2985961090
174797	1741	2988452082
174798	1710	2988471482
174800	1667	2989336892
174803	812	2989990018
174807	1055	2991628888
174809	1734	2991753364
174810	1695	2992822275
174822	1711	2995794222
174824	1693	2996480236
174840	1713	3004682755
174848	1778	3007201113
174851	1708	3008067425
174853	1681	3008210218
174862	1681	3012627841
174863	1690	3013271513
174864	1740	3013514132
174865	1672	3013614316
174886	1689	3018056016
174905	1769	3024113295
174913	1731	3025674241
174929	1704	3027441257
174934	1701	3028682787
174937	1644	3030148009
174940	1713	3030420251
174943	1773	3031579887
174956	1703	3035986092
174963	1741	3037486214
174966	1697	3038442799
174980	1706	3043694959
174989	1724	3045620613
174992	1748	3046469795
175003	1741	3049681313
175010	1693	3051191730
175014	1700	3052555479
175021	1739	3054555629
175030	1746	3057021664
175031	1718	3057090351
175037	1488	3059085438
175058	1707	3066109182
175064	1519	3068620456
175065	1638	3068841978
175069	1746	3069729700
175072	930	3070216859
175079	1725	3071938292
175089	1725	3074521154
175091	1768	3074965057
175101	1730	3077343263
175115	1637	3084842411
175118	1726	3085362225
175120	1763	3085834396
175126	1707	3086927466
175134	1675	3088923192
175142	1730	3090765882
175143	1772	3091204948
175145	1746	3092177083
175151	1712	3093038931
175158	1708	3095352412
175165	1761	3096693477
175166	1711	3096727653
175173	1687	3098497680
175180	1728	3100019029
175181	1698	3100390941
175185	1754	3103036015
175191	1748	3104043334
175192	1763	3104376537
175196	1738	3105100493
175206	1695	3108222714
175220	1660	3113429367
175225	1659	3114787717
175226	1739	3114971074
175240	1746	3117713592
175241	1707	3117741691
175243	1736	3118111730
175249	1662	3121272415
175252	1716	3124107478
175254	1690	3124391883
175260	1753	3125445021
175266	1726	3126229790
175269	1776	3126397138
175272	1699	3127085489
175276	1715	3127830194
175279	1677	3128328746
175300	1665	3133693236
175341	1677	3146045912
175347	1680	3147340385
175351	1711	3147794522
175358	1691	3149187216
175369	1715	3152089664
175373	1723	3153195640
175374	1645	3153353525
175385	1450	3156114629
175410	1725	3167187605
175414	1733	3168434162
175416	1765	3168788159
175425	1745	3171212861
175434	1722	3172740405
175450	1703	3177242036
175464	1725	3181542967
175469	1713	3182323240
175470	1686	3182549202
175474	1714	3185718741
175475	1674	3185774989
175478	1697	3186257387
175479	1724	3186413608
175499	1707	3192104284
175503	1751	3192713354
175506	1763	3192804569
175510	1726	3193495278
175512	1657	3193686646
175527	1684	3196886646
175533	1452	3198141706
175536	1779	3199264511
175555	1719	3203349808
175560	1691	3206682045
175565	1670	3207252441
175567	1658	3207506353
175580	1729	3210948789
175588	624	3212564022
175594	1725	3214083141
175599	1718	3215277481
175604	1703	3216726177
175609	1665	3218547349
175626	1692	3222860386
175632	1767	3226271295
175640	1684	3228125076
175649	1754	3229844430
175650	1733	3230521292
175657	1742	3232804531
175669	903	3234231843
175677	1739	3236142925
175682	1728	3237421896
175686	1720	3237914817
175694	1756	3239312283
175697	1733	3239747534
175717	1722	3247142570
175730	1677	3249929826
175737	1704	3252729350
175739	1743	3252855115
175743	1674	3254482756
175750	1687	3256037645
175752	1737	3256936924
175753	1716	3257160256
175759	1702	3258581521
175764	1757	3260413072
175771	1664	3262221721
175772	1658	3262432151
175779	1704	3263758541
175784	1719	3264673501
175793	1726	3269685354
175807	1692	3272755096
175809	1737	3274070302
175815	1716	3275963384
175831	1709	3280242182
175833	1747	3280870512
175844	1660	3284303363
175850	1714	3288983775
175853	1737	3289357033
175857	1740	3290142248
175859	1756	3291705425
175860	1689	3291935585
175863	1730	3292400656
175875	1691	3296356784
175877	1722	3296725287
175882	1715	3297814758
175886	1698	3299447428
175887	1692	3299493285
175897	1685	3302592002
175905	1738	3307661416
175932	1719	3315151009
175937	1735	3316074807
175945	1743	3318278168
175954	1728	3320577460
175959	1700	3321529337
175960	1752	3321916050
175972	1735	3323598844
175973	1748	3324127942
175984	1729	3329590283
175986	1702	3330099050
175997	1718	3333191115
175999	1736	3334406085
176002	1699	3335626957
176004	1792	3336329324
176005	1710	3336719099
176008	1655	3337672529
176021	1700	3343841858
176026	1681	3345400693
176027	1740	3345708596
176043	1682	3350643855
176050	1721	3351647896
176066	1703	3354660913
176067	1738	3355096143
176074	1762	3357351005
176093	1698	3364382866
176094	1739	3364400847
176101	1711	3368106773
176112	1753	3370752775
176115	1742	3371475150
176126	1652	3374667359
176137	1686	3377041107
176139	1717	3377460309
176145	1698	3380034585
176147	1736	3380425194
176154	1745	3381237256
176155	1687	3381337225
176157	1721	3382402728
176158	1719	3382409458
176160	1684	3383058721
176166	1714	3384368518
176171	1730	3384990076
176179	1684	3389182810
176180	1690	3389354317
176182	1686	3390025648
176185	1684	3391611072
176199	1722	3395333324
176201	1688	3395471534
176204	1722	3396748238
176207	1691	3399849313
176210	1731	3400777733
176215	1685	3402466956
176229	1737	3406472189
176242	1722	3413866049
176255	1692	3419603759
176257	1658	3420915533
176273	1681	3429509965
176283	1733	3432163903
176301	1685	3436727178
176305	1681	3437636819
176329	1751	3445600015
176347	1702	3453223299
176355	1693	3456183689
176360	1742	3457043442
176372	1709	3458780938
176373	1732	3460010642
176379	1643	3461110808
176383	1710	3462731819
176402	1693	3467608640
176414	1708	3472987944
176418	1722	3474339040
176435	1736	3478029990
176438	1709	3479233751
176442	1725	3480921542
176457	1709	3484318470
176458	1735	3484451894
176460	1779	3484520614
176461	1659	3484852641
176473	1719	3487388646
176478	1719	3488608467
176485	1687	3489882110
176489	1719	3492678824
176493	1737	3493398384
176495	1737	3493973230
176500	1739	3495505968
176511	1694	3497608449
176513	1705	3498000185
176518	1303	3499699781
176520	1706	3500648460
176528	1750	3501329065
176539	1693	3504652111
176545	1696	3506420029
176553	1721	3508501265
176564	1730	3510769978
176575	1695	3514973117
176594	1749	3519806163
176596	1724	3520765069
176600	1713	3521384390
176601	1761	3521637824
176610	1680	3524016098
176613	1681	3525608563
176622	1746	3528043970
176626	1736	3528979191
176630	1655	3530376950
176632	1675	3533561516
176633	1711	3533846597
176635	1749	3534327757
176638	1712	3535226505
176648	1731	3538071581
176661	1701	3540986860
176676	1658	3544275346
176678	1716	3544632354
176682	1689	3545846401
176683	1691	3545866801
176687	1679	3546465387
176690	1732	3547208707
176693	1715	3547964945
176700	1719	3549620712
176702	1714	3549797565
176703	1699	3550223189
176709	1748	3554308254
176711	1736	3554599682
176717	1733	3557003024
176725	1753	3560070454
176733	1733	3562270299
176756	1662	3570611575
176767	1751	3575562808
176771	1682	3577118200
176772	1721	3577894460
176775	1693	3578419821
176794	1686	3583109846
176796	1696	3583618254
176811	1737	3588095987
176816	1720	3588883454
176824	1703	3590352680
176828	1727	3591172481
176833	1692	3591761522
176841	1693	3594717825
176845	1695	3595234276
176852	1739	3596983458
176854	1713	3597513875
176857	1706	3598428356
176858	1732	3598732750
176868	1663	3601963288
176881	1317	3604575983
176889	1748	3605989604
176893	1707	3608674370
176898	1730	3610353859
176906	1685	3612041005
176907	1739	3612354308
176949	1714	3625386764
176957	1720	3628019785
176960	1701	3629025993
176969	1716	3631183420
176979	1051	3635361572
176982	1712	3636371509
176991	1699	3639094399
177000	1280	3642625039
177015	1706	3645865031
177033	1726	3649983578
177052	1763	3655889932
177082	1688	3665078716
177084	1723	3665487858
177089	1710	3666407628
177110	1604	3671143425
177127	1731	3677314777
177131	1654	3677662740
177132	1742	3677798145
177136	1731	3679491632
177141	1741	3680950080
177153	1724	3683591765
177167	1718	3688984281
177176	1717	3689992235
177178	1732	3691336087
177179	1719	3691755918
177187	1688	3694837760
177214	1766	3703681868
177217	1687	3704328167
177224	1044	3706931403
177233	1738	3709736721
177237	1668	3710260126
177242	1710	3711254376
177244	1716	3711997393
177255	1709	3717333039
177256	1761	3717362839
177259	1715	3718333794
177262	1677	3718526964
177269	1748	3719955409
177274	1690	3720628568
177279	1766	3722411939
177284	1720	3723027541
177287	1712	3724499153
177317	1732	3734304497
177334	1676	3745747263
177337	1742	3746716402
177342	798	3747604420
177345	1767	3749002980
177361	1696	3752568259
177367	1757	3757462766
177370	1103	3759084232
177375	1676	3760153390
177382	1751	3761714951
177389	1710	3763266501
177396	1658	3765455974
177419	1725	3774050458
177423	1668	3775228354
177437	1705	3781493661
177439	1767	3782129379
177444	1690	3783841409
177449	1752	3785398264
177457	1707	3787024864
177470	1666	3791436112
177481	1684	3794161164
177483	1757	3795618116
177487	1751	3798684466
177493	1754	3800032736
177501	1683	3802223200
177507	1701	3803219983
177518	1731	3805708489
177519	1721	3805727439
177522	1746	3806259440
177534	1727	3808269280
177537	1719	3809768837
177553	1697	3814206827
177554	1697	3814317049
177559	1709	3814928743
177563	1669	3817709533
177571	1749	3820101539
177578	1761	3821268884
177582	1739	3821692474
177584	1772	3824117863
177585	1664	3824315912
177600	1687	3828348666
177604	1733	3829332559
177610	1732	3830410914
177624	1689	3835067842
177627	1724	3838355424
177644	1696	3842190389
177658	1649	3845316590
177665	1730	3847424411
177671	1741	3849319663
177678	1704	3851057450
177696	1695	3859749957
177699	1697	3860479380
177713	1767	3862277293
177731	1695	3866228318
177734	1745	3866871795
177735	1718	3867498201
177741	1675	3868798302
177742	1738	3868834078
177745	1695	3869519530
177761	1767	3872700834
177763	1722	3873027766
177768	1735	3874391983
177769	1727	3874828465
177772	1634	3875160447
177778	1725	3878456025
177784	1776	3879557743
177786	1724	3879760044
177790	1703	3881163706
177791	1707	3881583450
177798	1700	3883676859
177804	1705	3884645996
177816	1754	3887855126
177818	1742	3888387683
177832	1722	3890318431
177836	1724	3892253478
177840	1740	3893197456
177846	1678	3895396499
177864	1350	3902917065
177865	1691	3903202085
177874	1642	3905790455
177877	1659	3906905314
177879	1732	3907679923
177882	1734	3908446315
177885	1755	3908840160
177887	1739	3909489770
177894	1713	3911221754
177910	1703	3915736614
177911	1754	3915894145
177918	825	3920017700
177938	1663	3922805725
177939	1706	3923197786
177943	1704	3924188596
177944	1728	3924276876
177947	1682	3924641497
177950	1691	3925327745
177953	1702	3925882526
177960	1671	3926932522
177970	1542	3929896812
177971	1753	3930125664
177972	1753	3930599715
177979	1758	3932295523
177983	1654	3933459693
177987	1706	3935539705
178011	1641	3943663133
178020	1663	3945477201
178038	1688	3952196596
178045	1685	3953667651
178046	1721	3953835504
178050	1719	3955237797
178065	1692	3964198177
178067	1678	3965069742
178068	1769	3965343942
178071	1713	3966665104
178082	1682	3970125234
178095	1678	3973293209
178101	1742	3974839909
178102	1737	3974954447
178110	1663	3977370080
178111	1697	3978475343
178113	1711	3980451352
178116	1716	3981437447
178123	1730	3982408318
178130	1686	3983530659
178137	1666	3985262516
178150	1718	3989096482
178153	1676	3990259451
178167	1636	3994259620
178170	1744	3995088734
178175	1695	3996650304
178176	1798	3997007177
178184	1719	4000847920
178203	1721	4004990502
178205	1411	4005713066
178206	1728	4005854411
178207	1719	4006271747
178208	1714	4006395823
178217	1706	4008987127
178218	1754	4008995162
178227	1718	4011613558
178228	1711	4012067440
178241	1729	4015510622
178253	1754	4020926727
178258	1705	4022059080
178265	1695	4024145586
178271	1730	4025616984
178273	1762	4025832532
178274	1730	4026204871
178283	1716	4028062559
178286	1691	4028617584
178292	1748	4029731653
178307	757	4033086726
178315	1675	4035607522
178321	1752	4037542768
178322	1767	4037631453
178336	1693	4043341332
178347	1704	4045967577
178351	1719	4047019763
178352	1677	4047270992
178373	1715	4051734024
178374	1681	4052175496
178379	1656	4053689110
178382	1707	4054175823
178393	1696	4056452183
178410	1699	4062766994
178412	1707	4063010695
178422	784	4066089551
178423	1576	4066359669
178427	1710	4068059273
178439	1735	4070894125
178440	1713	4070900142
178443	1693	4071292546
178444	1760	4071417760
178454	1740	4072827295
178456	1722	4074276858
178459	1714	4074492489
178464	1686	4074915250
178471	1736	4076066075
178483	1746	4079367522
178496	1732	4080616088
178501	1741	4081647417
178503	1708	4083991727
178523	1717	4089540551
178532	1726	4091185714
178547	1687	4096874933
178549	1740	4096975643
178550	1727	4097202031
178560	1714	4100177982
178567	1696	4101656225
178568	1730	4101886337
178577	823	4105683457
178582	1685	4106696775
178588	1662	4108554282
178595	1721	4111077414
178605	1686	4116532851
178608	1736	4117024173
178621	1704	4120294515
178627	1724	4121711254
178630	1732	4125720941
178634	1719	4126814417
178636	1711	4126920012
178639	1727	4128186985
178643	1702	4129927883
178662	1770	4134570759
178664	1753	4135251540
178668	1755	4136247371
178669	1674	4136531369
178671	1746	4136615708
178678	1717	4138399431
178683	1709	4138948057
178690	1693	4140610845
178692	1677	4141354026
178695	1716	4141532573
178697	1674	4142492476
178700	1683	4145124361
178715	1756	4148458358
178717	1780	4148999544
178726	1727	4151691803
178736	1754	4152600238
178739	1703	4153147592
178741	1730	4153589464
178745	1753	4154024534
178751	1701	4155644136
178765	1725	4160284172
178774	1697	4162267660
178780	1719	4165293994
178783	1721	4165540285
178786	651	4165769483
178800	1755	4168229009
178804	1658	4169774443
178806	1680	4170128130
178812	1682	4171570994
178814	1713	4171980107
178816	1760	4173257601
178818	1674	4173415928
178826	1685	4175087957
178829	1732	4175609807
178832	1679	4176124938
178841	1680	4178459252
178847	1718	4178929069
178850	1769	4179626127
178861	1721	4181779323
178864	1676	4183126700
178865	1707	4185210155
178884	1702	4191239384
178907	1705	4197269577
178908	1718	4197310030
178914	1702	4198024270
178919	1691	4199772695
178931	1759	4203081643
178934	1759	4205522666
178948	1735	4209106843
178949	1727	4209176891
178954	1708	4211907804
178955	1713	4212085613
178957	1735	4213101971
178964	1750	4214190445
178968	1719	4214871442
178971	1701	4215844151
178974	1689	4216448217
178976	1734	4216960739
178977	1711	4217115671
178987	1713	4219042908
178993	1755	4220922095
178994	1756	4220926100
179010	1729	4226406690
179021	1679	4228785008
179022	1721	4228894553
179034	1741	4231287380
179042	1660	4233159500
179046	1736	4234175512
179050	1676	4235469799
179051	1764	4235844178
179054	1754	4236551128
179070	1667	4239746098
179085	1711	4247861099
179091	1513	4248983363
179099	1729	4250991069
179107	1646	4252678553
179119	1724	4256335884
179123	1736	4258321040
179126	1780	4258794773
179131	1727	4260190495
179132	1748	4260236911
179134	1742	4260487809
179141	1712	4261810522
179143	1670	4263485574
179147	1680	4264041803
179158	1672	4270311780
179159	1752	4270330717
179168	1662	4271802670
179174	1704	4273515565
179180	1717	4274655839
179186	1739	4276663310
179189	1781	4277218976
179198	1719	4279503683
179212	1711	4282625099
179223	1611	4287770732
179226	1507	4288187749
179229	1739	4289803811
179236	1678	4291613963
179248	1695	4294025456
179251	1707	352173
179264	1705	2938352
179270	1664	4419518
179278	1711	7260379
179288	1701	8640577
179296	1701	13154412
179323	1665	20247803
179328	1730	21651828
179334	1673	22559588
179368	1721	29323843
179370	1744	29547381
179399	1707	40380144
179405	1697	42207833
179408	1747	42983846
179409	1638	43299032
179411	1742	44658566
179416	1667	45732727
179418	1706	46483722
179423	1740	48510923
179427	1749	49954782
179437	1674	53938394
179449	1768	56603227
179450	1692	56685126
179454	1724	58948990
179456	1706	59269449
179472	1706	63002181
179474	1700	63366025
179478	1680	64365050
179481	1688	64690665
179488	1707	65810346
179490	1672	66245236
179493	1664	66485812
179496	1694	66972156
179523	1679	75510925
179530	1682	77758781
179531	1717	78456090
179536	1729	81111297
179546	1687	82791366
179549	1765	83926946
179550	1706	84078443
179551	1717	84168094
179552	1666	84184992
179555	1680	84467158
179557	1750	85075626
179558	1738	85378578
179567	1693	87449517
179581	1734	94582975
179587	1696	97947181
179590	1678	98749120
179601	1629	100714703
179617	1697	104132603
179623	1738	105441194
179629	1731	106600508
179660	1679	118344881
179667	1702	119848196
179673	1709	121392048
179684	1719	126448148
179692	1780	128808567
179707	1753	132356519
179716	1722	136286365
179719	1752	137047394
179722	1717	137500170
179724	1746	137631370
179728	1656	138111740
179733	1726	139840762
179745	1682	144875240
179746	1440	144889186
179750	1723	145755588
179751	1705	146276351
179752	1661	146299404
179756	1712	146607311
179768	1691	147978264
179807	1705	161242832
179822	1724	164347359
179823	1721	164730068
179825	1734	165584805
179830	1765	166620317
179839	1673	168923497
179841	1750	169321761
179845	1670	170509918
179852	1718	171467732
179860	1693	173275131
179866	1708	174206369
179870	1734	177018061
179884	1682	181686657
179906	1735	187640652
179908	1679	188443889
179924	1712	192259809
179927	1737	192749177
179931	1742	193534132
179939	1748	199757291
179944	1656	200881519
179954	1681	203642970
179956	1719	203898252
179963	1758	205439803
179964	1711	205448703
179970	1738	206693232
179974	1763	207681398
179984	1769	209627684
179992	1719	210333739
179993	1711	210338163
180003	1727	212722305
180009	1755	215131342
180010	1671	215511019
180012	1675	217382785
180036	1675	223304758
180046	1677	227214718
180048	1679	227499333
180053	1700	228209243
180054	1721	228251353
180057	1723	228809249
180068	1673	230934211
180102	1335	241305352
180103	1694	241420798
180111	1708	243478780
180112	1729	243923629
180126	1726	247740553
180140	1672	251186404
180147	1715	252870536
180150	1731	254065906
180157	1465	260371975
180161	1761	261071396
180173	1693	264632569
180176	1680	265299297
180179	1697	266975433
180185	1771	268754071
180188	1735	269039205
180195	1658	271093034
180211	1693	273838882
180214	1526	274725674
180226	1736	278547611
180228	1702	278980495
180248	1711	284838633
180265	1707	291198700
180269	1716	292346475
180278	1708	294360371
180279	1730	295318977
180282	1722	295746744
180296	1651	300682999
180297	1702	300985509
180314	1725	303975477
180316	1670	304663658
180318	1651	305373498
180319	1664	305536461
180327	1725	307368844
180341	1697	309537206
180342	1728	309972625
180347	1728	311647354
180351	1702	312626268
180366	1707	318816669
180384	1708	324701245
180385	1738	325418747
180392	1711	327316993
180401	1742	330489646
180402	1715	330539227
180403	1758	330648394
180414	1703	332986239
180418	1685	333570557
180430	1716	335734120
180444	1723	340705508
180445	1763	340986558
180447	1755	341172885
180458	1695	344369230
180459	1707	344483544
180470	1682	347233222
180473	1729	348430272
180483	1701	351770604
180518	1749	361091243
180536	1726	367853677
180544	1702	370701871
180545	1714	370712040
180551	1703	371704590
180553	1724	371941716
180559	1698	372764965
180576	1707	377004754
180579	1723	377659318
180585	1675	381976919
180610	1679	389656423
180611	1709	389972579
180630	1703	395047270
180640	1709	397040129
180646	1745	398598445
180648	1718	401118680
180649	1678	401494909
180652	1733	402764554
180657	1371	403502603
180669	1703	407309023
180674	1730	409060423
180677	1734	410534135
180690	1751	414316733
180699	1676	417127128
180700	1697	417136809
180702	1734	418024371
180703	1669	418356089
180705	1692	419006991
180711	1708	422400675
180721	1212	427185528
180722	1696	427788094
180727	1744	429780489
180728	1721	429808519
180730	1705	429878927
180731	1706	430233199
180734	1698	431514430
180735	1714	431744805
180738	1739	432635971
180760	1699	437690191
180762	1689	437987478
180763	1685	438083273
180773	1755	440227088
180778	1669	444392821
180785	1690	446411849
180806	1748	453489430
180827	1676	459386801
180828	582	459978203
180829	1716	460034441
180831	1632	460727070
180838	1667	466132521
180852	1726	469404859
180858	1724	470150600
180867	1720	471516944
180879	1677	475783512
180887	1658	476920252
180892	1693	478378158
180898	1707	479524754
180900	1673	480047224
180902	1707	480571513
180924	1683	486859071
180925	1630	487779719
180933	1737	489599657
180934	1690	489660112
180940	1735	490920655
180946	1685	492204713
180947	1725	492429274
180963	1736	496439213
180968	1695	497137946
180969	1753	497511111
180979	1722	500040842
180983	1707	500730011
180988	1684	503586700
180992	1663	504106554
180993	1657	504552026
181015	1679	512119771
181021	1708	513577077
181028	1709	515382274
181042	1697	518974288
181046	1713	519273676
181048	1694	519527867
181053	752	521500975
181057	1678	523990144
181081	1675	531995214
181098	1675	537395570
181103	1682	538758455
181104	1707	538767723
181126	1732	545090818
181129	1655	546510665
181132	1748	547349759
181135	1681	548404601
181139	1687	549729477
181142	1714	550101750
181159	1727	554114987
181164	1667	555425772
181166	1717	556104104
181178	1670	558727569
181196	1723	566508740
181198	1737	566809420
181203	1734	567909046
181209	1697	569481266
181218	1694	572091617
181222	1703	573419305
181223	1717	573443106
181227	1705	575314519
181233	1704	576627389
181238	1716	579008330
181239	1704	579044148
181240	1690	579529054
181268	1715	589404790
181276	1690	592771300
181278	1709	593094243
181296	1741	598638376
181305	1717	600126260
181321	1706	604567762
181331	1752	611047960
181337	1740	612310043
181345	1723	614210023
181347	1675	614831483
181351	1742	616335885
181371	1730	622209701
181373	1691	622574349
181380	1760	624340373
181387	1720	628273720
181396	1738	630431425
181397	1698	631063924
181412	1729	634166073
181426	1750	637651472
181427	1683	637904820
181437	1714	642087600
181444	1709	643842132
181445	1732	644243034
181451	1089	645089411
181455	1759	648209446
181459	1736	648549905
181461	1698	648883486
181463	1066	649595080
181468	1704	650171040
181469	1720	650301483
181477	1716	651357938
181487	677	653495837
181496	1742	654460142
181501	1721	655001669
181504	1749	655617021
181515	1733	658833467
181522	1732	660257805
181531	1713	662600253
181535	1770	663722868
181538	1721	664525815
181539	1721	664980719
181546	1691	669301436
181547	1708	669560092
181571	1701	673847774
181595	1679	679247954
181599	1752	679695157
181600	1701	679745903
181609	1704	681039351
181610	1685	681370483
181618	1749	684102329
181620	1727	684645483
181630	1699	689347678
181632	1706	690575561
181650	1708	696316072
181658	1642	699332478
181677	1696	703509080
181679	1558	703669211
181681	1726	704187705
181682	1735	704500596
181686	1749	704874217
181697	1799	710612352
181706	1673	711820371
181718	1703	713878814
181754	1705	720621469
181755	1687	720742704
181759	1697	722033207
181775	1635	725497885
181796	1669	732526237
181800	1706	733536157
181807	1737	735233416
181809	1725	736051461
181811	1691	736576094
181824	1720	740139372
181839	1735	742866672
181854	1687	747326147
181861	1758	748316685
181877	1735	753232817
181893	1721	756045727
181905	1665	758771322
181910	1717	760804641
181918	1739	762443709
181919	1742	763142410
181928	1713	765406963
181947	1693	773322260
181954	1680	774788562
181961	1723	776684587
181964	1723	776806268
181971	1670	778318171
181980	1706	780272604
181985	1738	781574370
181998	1740	783612856
182001	1699	784530732
182003	1665	784628396
182006	1685	786066981
182018	1754	790179343
182025	1716	794922875
182026	1774	795440587
182032	1690	795856903
182041	1715	798028884
182044	1679	798482892
182056	1728	801249275
182059	1766	801930374
182062	1684	802362255
182063	1717	802856733
182072	1752	805260007
182093	1715	813018762
182097	1588	814123253
182106	1738	815529220
182113	1725	817112831
182141	1711	823600456
182146	1726	824303635
182149	1725	824867986
182153	1696	826216379
182164	1739	828562292
182172	1699	830228151
182173	1755	830344801
182175	1704	830546785
182186	1753	834606194
182188	1693	835077236
182189	1701	835252788
182192	1719	835764134
182195	1743	836532945
182201	1687	839168264
182203	1763	839257941
182220	1724	843606700
182221	1678	843703684
182229	1676	845273335
182233	1700	846521066
182253	1714	855920221
182256	1737	856631356
182260	1701	857731802
182270	1720	861036809
182271	1699	861626329
182276	1673	862686554
182277	1708	862825900
182284	1699	863699348
182291	1710	864596002
182295	1726	864956204
182299	1737	865533953
182304	1688	866856171
182309	1664	867795989
182310	1702	867996815
182316	1742	870491153
182318	1631	870989200
182326	1670	876657371
182343	1683	880591606
182349	1692	882498512
182350	1714	883074843
182353	1718	883666141
182361	1693	886365440
182383	1749	890015500
182414	1698	899220549
182416	1747	899496940
182427	1712	901400292
182432	1692	902332781
182441	1694	904801630
182449	1690	906935845
182451	1716	907664836
182452	1728	907716173
182456	1738	909016263
182462	790	910696175
182469	1692	911629078
182478	1651	914581841
182486	1695	918189963
182497	1723	920642620
182503	1676	922066126
182504	1692	923065014
182505	1698	923338245
182515	1739	926331615
182516	1652	926369758
182520	1715	928432571
182539	1692	932124901
182558	1727	939871074
182564	1664	943366837
182566	1700	943797304
182568	1724	944141867
182572	1706	944554174
182582	1676	948585614
182584	1694	949173987
182591	1727	950250841
182604	1688	952589916
182608	1699	952793362
182612	1679	954471029
182618	1739	956873766
182619	1698	956966854
182634	1747	959989811
182637	1734	960368553
182644	1749	961299078
182648	1704	962062572
182649	1674	962654025
182668	1689	968641770
182674	1707	970810238
182675	1693	970834404
182680	1653	972210987
182684	1731	972976912
182693	1731	977178768
182709	1737	981448594
182731	1664	988245147
182736	1716	988745305
182739	1706	989049779
182748	1676	991548924
182750	837	992010166
182754	1694	994253982
182765	1717	996222292
182772	1663	999418170
182787	1702	1001590715
182795	1754	1005945161
182796	1706	1006071005
182805	1714	1008865274
182811	1701	1010384434
182813	1704	1010491139
182817	1768	1012371942
182820	1734	1013816535
182821	1730	1014220393
182825	1472	1018205658
182827	1684	1019354063
182844	1669	1023978117
182850	1730	1025560246
182867	1727	1031938131
182871	1714	1032366362
182874	1175	1032984416
182875	1718	1033167576
182904	1694	1044552874
182911	1717	1045562146
182925	1693	1048459141
182927	1730	1048772733
182931	1734	1049999654
182933	1693	1050423620
182955	1665	1057392027
182958	1693	1059940180
182960	1681	1060531039
182970	1728	1061597219
182971	1696	1061855255
182976	1735	1062116972
182978	1702	1062479409
182984	1727	1065403348
182987	1695	1065531655
182991	1771	1066442834
182995	1668	1066755291
183013	1708	1071034403
183019	1760	1073074856
183022	1720	1073832615
183034	1747	1076584832
183037	1707	1080472357
183039	1704	1081220854
183060	1691	1085668687
183066	1680	1085955824
183069	1743	1086030941
183078	1787	1088489774
183097	1693	1092934491
183105	1676	1096213187
183114	1717	1097696191
183128	1714	1102699105
183132	1669	1103267004
183134	1731	1103634606
183136	1705	1104409245
183143	1719	1106438706
183175	1756	1116527657
183180	1683	1121036598
183184	1266	1122908869
183194	1743	1124675388
183201	1704	1126959515
183204	1673	1127980403
183217	1739	1131607707
183223	1730	1132902686
183244	1712	1136348229
183249	1732	1137398607
183250	1711	1138329086
183254	1743	1141564355
183256	1673	1141711025
183267	1749	1144995326
183273	1664	1146142908
183286	1677	1149235832
183292	1693	1150933439
183293	1757	1151236908
183308	1747	1154965728
183318	1730	1157001958
183324	1733	1158432704
183334	1700	1162972800
183349	1519	1169271216
183350	1743	1169333694
183359	1728	1172906413
183361	1771	1173239145
183367	1720	1174109020
183373	1677	1175487960
183389	1760	1182588017
183393	1735	1183410489
183395	1704	1183777845
183396	1721	1183908597
183397	1682	1184386534
183400	1692	1184872906
183409	1720	1186690232
183413	1713	1187040388
183420	1726	1188129068
183428	1697	1190196657
183429	1277	1190267094
183433	1675	1191852914
183454	1761	1196929715
183461	1744	1198910330
183468	1723	1202649798
183470	1754	1203038809
183473	1718	1203622789
183474	1739	1204205625
183478	1691	1205335411
183479	1727	1205739279
183485	1727	1206508400
183492	1715	1208661601
183498	1701	1211379766
183499	1686	1212032223
183507	1746	1213302983
183510	1679	1214335517
183512	1682	1214489500
183530	1713	1218804256
183535	1706	1219814414
183538	1744	1220409222
183542	1752	1222730887
183549	1675	1225337757
183558	1694	1227186029
183561	1723	1228172443
183574	1729	1231162387
183586	1736	1232332659
183591	1687	1232953794
183599	1762	1234765473
183601	1696	1235023322
183603	1698	1235385475
183606	1711	1236192915
183621	1761	1240263632
183624	1665	1240951656
183664	1771	1252420462
183665	1717	1252825866
183669	1705	1254570428
183671	1717	1254846356
183693	1713	1258668406
183715	1703	1265420076
183719	1716	1266075277
183729	1725	1268393219
183737	1733	1270586515
183741	1667	1271609045
183742	1656	1271644255
183749	1675	1273112200
183752	1680	1273574076
183764	1718	1277291124
183768	1736	1278092961
183770	1708	1278940585
183772	1709	1280837555
183781	1705	1284722873
183796	1684	1289053020
183799	1749	1289474319
183804	1742	1291208249
183807	1739	1292854577
183820	1651	1297234025
183821	1759	1297643305
183827	1699	1299363369
183830	1022	1300536911
183856	1720	1307625644
183859	1698	1308707007
183860	1731	1308717735
183865	1729	1309938808
183867	1729	1310473782
183871	1714	1311700053
183873	1713	1311861146
183880	1735	1313126203
183882	618	1313379257
183889	1696	1314296511
183890	1725	1314774426
183903	1763	1318131298
183907	1756	1318949652
183916	1686	1322096671
183923	1727	1326787910
183938	1709	1329788680
183941	1759	1330088286
183945	1701	1330669424
183951	1714	1332211393
183959	1731	1334504017
183976	1698	1339588447
183986	1712	1342495677
183987	1702	1343126118
183989	1741	1343536522
183991	1694	1343818630
183995	1743	1346493049
183996	1699	1346699480
184015	1731	1352011028
184017	1729	1352526973
184028	1704	1356499274
184038	1709	1359551510
184042	1693	1360833009
184050	1678	1362800091
184056	1755	1364207172
184062	1766	1367561609
184071	1708	1369131108
184077	1761	1370557037
184090	1735	1372500133
184100	1714	1374200754
184107	1705	1376578416
184117	676	1378939220
184118	1677	1379145985
184119	1671	1379618987
184122	1180	1380273084
184124	1691	1380999205
184170	1761	1394448747
184178	1674	1398629213
184191	1645	1401681093
184204	1644	1404449061
184221	1709	1409450319
184242	1671	1414223225
184250	1724	1418159315
184251	1745	1418251039
184254	1736	1420375727
184257	1669	1420642846
184273	1743	1425751927
184275	1717	1427886311
184278	1730	1428869493
184288	1733	1431638914
184289	1700	1431772384
184295	1659	1433990442
184317	1744	1439076794
184324	1743	1441810469
184339	1747	1445297600
184345	1697	1448224605
184353	1711	1449874861
184363	1719	1452697253
184366	1676	1454109913
184368	1724	1454294244
184369	1757	1454456975
184382	1748	1456891741
184384	1720	1457312792
184391	1703	1459356995
184394	1606	1460193007
184399	908	1462478822
184401	1723	1463724591
184403	1702	1463855107
184404	1715	1464013375
184413	1768	1466588233
184425	1747	1471545401
184426	1696	1471844502
184427	1706	1472154964
184428	1686	1472544517
184440	1708	1475239042
184441	1729	1475492297
184453	1766	1477489833
184454	1754	1477640630
184459	1741	1479882545
184467	1727	1481723869
184470	1702	1482328024
184488	1702	1486657959
184499	1746	1490380120
184500	1723	1490466714
184515	1746	1495214170
184525	1713	1496824853
184537	1704	1502581508
184539	1741	1502912952
184541	1765	1503884312
184545	1746	1504403595
184550	1672	1506740085
184570	1695	1512904794
184585	1748	1515244023
184593	1751	1516594351
184604	1677	1519558153
184619	1713	1523609626
184627	1752	1525215282
184636	1699	1526778434
184642	1716	1527985276
184645	1705	1528236161
184661	1691	1534753862
184674	1766	1538090057
184681	1749	1540402785
184693	1664	1544096123
184709	1733	1552229290
184717	1709	1554317360
184721	1781	1554937029
184732	1702	1559552987
184733	1681	1559983201
184745	1719	1562429462
184747	1746	1563869470
184753	1699	1566494597
184754	1684	1566941575
184760	1719	1569217888
184762	1742	1569606843
184774	1712	1573976445
184787	1682	1576357585
184788	1674	1576746041
184789	1701	1577031418
184801	1771	1580456257
184803	1747	1580708970
184805	1698	1581863640
184815	1705	1583927237
184825	1707	1586199590
184826	761	1586662522
184837	1667	1591641478
184849	1737	1594059041
184851	1771	1594684722
184860	1736	1596714613
184863	1754	1597839511
184874	1693	1599458024
184877	1691	1599957649
184885	911	1601156240
184904	1711	1606568763
184914	1697	1608978429
184928	1740	1615767054
184938	1754	1617792953
184942	1763	1618690083
184943	1682	1619251620
184946	1740	1620929043
184955	1685	1623619232
184961	1738	1625673584
184970	1698	1627929982
184971	1699	1628263376
184977	1728	1629422176
184978	1696	1629454933
184980	1721	1630129150
184991	1711	1634897215
185000	1693	1637253241
185013	1714	1642639139
185014	1671	1642916009
185015	1674	1642937642
185017	1709	1643185959
185020	1765	1643727908
185027	1732	1645531767
185042	1741	1649662970
185045	1712	1652789763
185057	1707	1656625559
185066	1687	1658100456
185076	1699	1663630301
185081	1762	1665222971
185091	1672	1668426752
185095	1727	1670297887
185097	1580	1670614559
185110	1725	1676455661
185128	1755	1681600151
185139	1749	1684100004
185140	1699	1685088202
185143	1731	1686221691
185152	1701	1688204425
185162	1691	1690345654
185164	1736	1690603237
185176	1754	1696160509
185200	1705	1703938324
185206	1649	1706753202
185211	1764	1708512018
185221	1726	1713934738
185222	1655	1714302298
185226	1772	1716444463
185230	1740	1717450428
185237	1712	1720048912
185238	1708	1720210106
185254	1769	1726110215
185263	1751	1727671360
185265	1712	1728097234
185269	1744	1729348834
185270	1713	1729459155
185272	1718	1730113215
185275	1767	1730596860
185280	1708	1732374977
185285	1726	1735583208
185290	1703	1738293835
185293	1722	1740208076
185297	1750	1742861749
185298	1722	1742901032
185305	1735	1745255628
185309	1692	1745752875
185313	1693	1746093257
185314	1676	1746393405
185318	1777	1746822379
185339	1698	1752294038
185357	1745	1758974837
185358	1732	1759696211
185361	1699	1760937947
185373	1741	1765533023
185383	1744	1767280021
185385	1694	1767967391
185403	1730	1775389835
185408	1722	1777704917
185410	1727	1778291949
185426	1695	1782133544
185428	1729	1782948339
185432	1697	1784349079
185439	1698	1786910517
185452	1735	1790485048
185454	1730	1790550951
185456	1671	1790718251
185459	1762	1791368227
185468	1714	1795605340
185473	1716	1797454041
185474	1697	1797542902
185485	1692	1800291121
185486	1715	1800404799
185488	1692	1801329253
185496	1773	1804009186
185506	1729	1807016039
185508	1731	1807118062
185515	1707	1808623702
185519	1333	1809435351
185521	1676	1810738334
185524	1699	1811416052
185531	1727	1815584752
185532	1697	1815863271
185534	1753	1816522537
185535	1759	1816655861
185541	1659	1817622744
185545	1741	1820366661
185548	1681	1821008946
185556	1684	1824568707
185558	1687	1824936736
185576	1734	1835528259
185584	1678	1837128312
185590	1691	1838317862
185593	1699	1838841845
185610	1757	1842651855
185611	1681	1842929995
185612	1682	1843278225
185621	1728	1844983735
185640	1738	1850939180
185642	1722	1851131339
185643	1795	1851279412
185644	1705	1851398438
185645	1692	1851733683
185655	1686	1856567955
185660	1723	1858200085
185661	1682	1858632460
185668	1691	1860901162
185680	1707	1864329744
185685	1730	1865415778
185704	1707	1870676682
185705	1704	1871078396
185706	1691	1871598612
185713	1711	1873066151
185732	1750	1880017292
185739	1726	1882311742
185740	1697	1882712127
185741	1728	1883016140
185743	1765	1883316121
185745	1696	1883993141
185758	1687	1887785897
185777	1719	1892995907
185779	1722	1894124893
185780	1707	1894332761
185791	743	1900352918
185794	1668	1901895185
185805	1719	1903250655
185806	1686	1904627864
185814	1727	1906073545
185817	1759	1906883981
185824	1723	1908608973
185832	1764	1912344874
185835	1723	1913304419
185838	1670	1913552476
185839	1742	1913566081
185845	1656	1914685072
185847	1662	1916946691
185850	1657	1918352364
185865	1747	1924249210
185871	1735	1925090474
185875	1724	1925944358
185879	1687	1927019949
185886	1734	1929384322
185893	1719	1931899849
185897	1728	1933547638
185962	1721	1951047955
185970	1745	1952643621
185976	1686	1954328288
185984	1708	1960770262
186001	1688	1964243221
186009	1708	1966143904
186024	1697	1969262267
186040	1686	1976308267
186043	1679	1978961662
186060	1725	1983613628
186067	1720	1985601316
186076	1723	1988038391
186083	1722	1989997696
186090	1690	1991365578
186107	1679	1998820588
186108	1669	1999061581
186113	1733	2000896393
186120	1687	2002249966
186124	1725	2003164354
186125	1527	2003316275
186126	1691	2003403287
186131	1786	2005536045
186137	1736	2007219894
186156	1724	2012790920
186157	1722	2012870019
186162	1738	2014498263
186178	1714	2020919203
186182	1733	2022496478
186196	1767	2026351686
186200	1660	2027050996
186203	1709	2027660962
186207	1737	2029569754
186210	1722	2030146748
186219	1735	2033120927
186224	1716	2036082365
186230	1643	2039886227
186237	1706	2042225895
186241	1737	2043677920
186242	1730	2043980680
186247	1677	2045190893
186266	1747	2048722880
186267	1729	2048958672
186270	1695	2049734492
186274	1685	2050929373
186279	1715	2051681252
186283	1724	2053234877
186285	1736	2054066703
186287	1729	2054221642
186296	1696	2060480301
186298	1725	2061345791
186299	1688	2061548278
186307	1668	2063964744
186311	1687	2064964893
186312	1680	2065051562
186314	1703	2065630239
186320	1692	2066843697
186328	1683	2069078646
186330	1680	2070110719
186341	1749	2073679192
186344	1657	2074578344
186349	1684	2075913814
186369	1689	2082854778
186373	1755	2084911427
186390	668	2089382424
186393	1671	2090336534
186396	1740	2091195535
186405	1683	2092981765
186406	1732	2093833055
186418	1648	2095974882
186419	1698	2096020359
186421	1672	2097271838
186422	1754	2097480384
186423	1728	2097676346
186424	1718	2098203514
186440	1691	2103858827
186443	1738	2104519108
186448	1710	2105552119
186449	1732	2105562385
186457	1730	2107978859
186466	1740	2111444966
186469	1766	2111688245
186473	1675	2112711851
186477	1705	2113258575
186478	1091	2113446725
186482	1754	2114665393
186496	1732	2118259064
186497	1676	2118626621
186503	1679	2121705195
186505	1726	2122611712
186511	1683	2123656567
186514	1726	2124832240
186516	1275	2126286873
186521	1720	2127589289
186526	1699	2128566224
186533	1670	2131203572
186541	1729	2135099485
186548	1662	2139035484
186551	1675	2139721910
186563	1734	2145867482
186566	1712	2147548916
186603	1764	2157116297
186612	1688	2159493859
186613	1740	2160306829
186616	1689	2163190923
186623	1642	2164063743
186634	1666	2167036353
186639	1693	2169275634
186649	1689	2173508172
186667	1722	2178379164
186670	1764	2178883874
186673	1767	2179538750
186676	1689	2179843146
186678	1743	2179916929
186681	1747	2182630052
186686	1679	2184234714
186692	1776	2185826934
186696	1709	2186686407
186706	1712	2189977144
186712	1732	2191980882
186713	1710	2192260413
186717	1673	2193195243
186723	1719	2194906982
186724	1706	2195211862
186728	759	2196375591
186742	1720	2200708623
186761	1654	2206438857
186765	1672	2208310541
186770	1735	2209530467
186771	1730	2209592500
186776	1766	2210851725
186778	1757	2211584716
186784	1686	2213774926
186789	1745	2214947656
186799	1680	2217958677
186811	1740	2220009522
186821	1732	2224634483
186829	1684	2227441341
186832	1702	2228365502
186833	1233	2228666726
186834	1736	2228827149
186841	1689	2230846598
186842	1699	2230953127
186847	1691	2232243380
186865	1719	2238464157
186876	1711	2244426501
186877	1710	2244754825
186881	1615	2245785069
186894	1712	2249227597
186898	906	2250355043
186902	1671	2251878920
186904	1744	2252347037
186910	1702	2253715405
186922	1727	2256626176
186926	1716	2257413127
186930	1713	2258421580
186941	1686	2260392064
186945	1704	2260638852
186963	1749	2267461346
186968	1640	2268421913
186969	1724	2268807199
186973	1738	2269928692
186976	1728	2270731300
186986	1739	2275228892
186995	1741	2276250908
187002	1433	2278284239
187008	1742	2279653409
187013	1637	2281092001
187014	1704	2281105292
187015	1672	2281324600
187018	1691	2284130693
187019	1751	2284305226
187021	1701	2285409418
187038	1739	2289306127
187048	1742	2292464725
187053	1699	2293530294
187054	1718	2293689109
187059	1709	2294453117
187061	1740	2295604479
187079	1716	2302115098
187084	1685	2304750270
187086	1717	2305732630
187098	1726	2308875159
187102	1729	2310532428
187126	1735	2316067909
187128	1692	2316666662
187132	1709	2317873877
187134	1771	2318307321
187136	1717	2319317364
187149	1737	2327746301
187154	1719	2328379723
187160	1726	2330915380
187163	1722	2331967513
187165	1705	2332112569
187168	1687	2332719796
187173	1713	2333852529
187185	1715	2336732495
187191	1740	2339772753
187198	1730	2341979523
187201	1756	2342224809
187221	1713	2350799911
187230	1774	2351972837
187235	1673	2354486582
187249	1725	2358724538
187253	1735	2360256747
187254	1705	2360272481
187272	1728	2366846948
187275	1746	2368171063
187286	1738	2371514736
187287	1736	2371655361
187302	1745	2375855988
187320	1730	2380688498
187330	1768	2381645109
187332	1679	2381732876
187335	1344	2382315532
187336	1709	2382506739
187349	1701	2389717978
187360	1726	2392212805
187372	1704	2395850349
187374	1721	2396967791
187387	1725	2399960032
187395	1723	2402880241
187400	1656	2406716077
187401	1718	2406773083
187410	1717	2409800096
187419	1666	2412841058
187422	1689	2414726575
187425	985	2415502146
187427	1706	2415967976
187444	1776	2422960604
187446	1703	2423783548
187452	1695	2425218389
187457	1668	2427818683
187490	1696	2435715990
187492	1718	2436081178
187504	1741	2439939186
187523	1715	2444062321
187525	1699	2444758176
187554	1748	2455114812
187562	1719	2457526787
187572	1696	2460177630
187587	1697	2464329644
187608	1715	2471102655
187611	1733	2471402421
187617	1718	2474084034
187644	1679	2482004017
187658	1726	2486241693
187660	1709	2486728667
187662	1675	2489285798
187664	1741	2489449757
187681	1695	2493944591
187684	1739	2494764193
187693	1695	2496844952
187695	1693	2497137039
187708	1682	2500178566
187709	1698	2500631065
187722	1726	2503008875
187725	1665	2503741394
187738	698	2509491772
187744	1694	2511089797
187749	1721	2512297464
187750	1698	2512424038
187757	1766	2514966032
187760	1703	2515091650
187762	1700	2516300850
187764	1681	2516450791
187765	1717	2516488657
187780	1601	2521374141
187784	1734	2521904171
187787	1680	2522511021
187817	1756	2534811666
187819	1768	2535378391
187820	1753	2535482641
187823	1730	2536530731
187849	1706	2544441887
187857	1686	2546683753
187889	1733	2557300572
187892	1717	2557756511
187896	1690	2558056110
187899	1724	2558649227
187900	1691	2559006650
187904	1718	2560492073
187909	1699	2561043125
187915	1731	2564019052
187931	1422	2567562561
187934	1711	2568556777
187947	1725	2573045357
187949	1708	2574349577
187951	1782	2574819073
187956	1683	2575567169
187965	1711	2579425042
187966	1697	2579813175
187972	1708	2581310400
187975	1673	2583050378
187982	1720	2585674915
187988	1689	2586419269
187989	1713	2586481824
187999	1701	2591962737
188006	1680	2593719618
188024	1733	2599877735
188030	1708	2600674054
188034	1746	2602294328
188036	1708	2602627428
188040	1679	2603063131
188061	1695	2612994073
188062	1713	2614106993
188070	1703	2616596082
188071	1719	2616913472
188074	1691	2617270851
188076	1722	2617414606
188079	1739	2618225570
188104	1681	2626421550
188111	1705	2627674629
188122	1643	2633697159
188138	1707	2640596691
188139	1673	2640664369
188146	1706	2642879133
188156	1699	2645686237
188157	1686	2646131957
188168	1723	2648498541
188179	1692	2652443598
188180	1739	2652833625
188184	1754	2653887991
188189	1685	2656599916
188196	1699	2658906969
188201	1707	2659302319
188209	1694	2660621407
188212	1758	2662672391
188214	1730	2663096945
188216	1714	2663335614
188229	1661	2666772752
188230	1728	2666828207
188233	1697	2668636101
188248	1313	2674916233
188251	1701	2676119629
188258	1743	2678260596
188263	1741	2680159654
188266	1685	2680544418
188281	1713	2684543783
188290	1734	2687358643
188293	1715	2687499583
188313	1731	2694705249
188316	1714	2695715791
188319	1687	2696247220
188324	1711	2697896148
188333	1717	2699199842
188340	1665	2701212485
188357	1662	2707511537
188361	1725	2707871389
188363	1721	2709065996
188368	1389	2709960817
188403	1702	2723748011
188404	1713	2723956627
188406	1766	2724982601
188422	1708	2730162349
188428	1474	2733455730
188431	1687	2733724897
188438	1760	2735472465
188444	1666	2737530052
188451	1746	2738253407
188456	1715	2741104320
188459	1642	2741988222
188465	1748	2745051000
188475	1738	2748094100
188477	1714	2748629332
188480	1747	2749107493
188488	1730	2750501608
188491	1760	2750892386
188497	1685	2754072481
188499	1710	2754555756
188500	1764	2754569274
188505	1706	2755989204
188509	1728	2757128065
188516	1760	2759094233
188520	1725	2760016480
188537	1738	2764814425
188538	1705	2764827959
188542	1745	2766386979
188547	1685	2767895939
188552	1699	2768356025
188554	1714	2769730175
188555	1766	2769822219
188575	1714	2776832514
188582	1721	2778567707
188591	1671	2780874658
188595	1712	2781445997
188601	1105	2783100815
188602	1717	2783716247
188607	1695	2785515882
188614	1722	2787328162
188616	1705	2788483463
188618	1734	2788539728
188623	1737	2790464033
188632	1735	2792685937
188639	1749	2796440893
188641	1739	2797761974
188642	1763	2798091874
188658	1744	2802475471
188666	1686	2804855500
188667	1724	2804861471
188676	1723	2806734708
188684	1659	2808234330
188736	1685	2824842500
188738	1693	2825074708
188743	1685	2828371193
188754	1726	2831557395
188765	1691	2835244601
188773	1686	2837572789
188774	1741	2837870235
188777	1667	2838988852
188783	1747	2840343930
188784	1687	2840480162
188792	1732	2841717959
188797	1725	2842565887
188799	767	2842891831
188807	1720	2846174379
188819	1746	2848970189
188820	1746	2849226576
188828	1718	2851736985
188832	1737	2854012724
188840	1734	2858379638
188842	1737	2859204193
188843	1709	2859928497
188858	1687	2863613325
188862	1730	2864271176
188878	1711	2866855787
188896	1707	2871522811
188902	1720	2872816958
188919	1727	2878318541
188920	1742	2878578413
188935	1711	2882823410
188942	1728	2884380507
188943	1684	2884487060
188951	1682	2888217490
188969	1691	2893853340
188997	1714	2902446171
188998	1753	2902928186
189009	1731	2904954390
189016	1699	2907712436
189022	1717	2909074811
189023	845	2909118144
189034	1738	2911479773
189037	1708	2912551212
189051	1688	2915857144
189064	1684	2920763129
189065	1420	2920924783
189068	1679	2921563880
189096	1679	2928882789
189097	1721	2929675955
189100	1725	2929812969
189108	1708	2933298056
189116	1709	2936129683
189119	1704	2936533480
189124	1756	2937083550
189130	1758	2937957368
189136	1702	2941795547
189140	1668	2943101197
189141	1697	2943505970
189149	1692	2944899735
189150	1719	2945190379
189153	1741	2945520768
189168	1677	2949500017
189188	1722	2955686245
189191	1714	2957148547
189192	1687	2957342596
189196	1701	2957594208
189203	1679	2958983851
189206	1721	2962505451
189208	1709	2962591188
189228	1689	2968286929
189231	1676	2968817007
189244	1695	2973478718
189272	1777	2978229356
189279	1728	2980252309
189280	1705	2981700108
189287	1739	2984139645
189294	1718	2985239786
189298	1718	2985890583
189306	1701	2988499002
189318	1713	2994977260
189324	1682	2996153163
189333	1736	2998469542
189335	1745	2998598406
189343	1669	3002487681
189347	1707	3003346877
189357	1702	3006635713
189377	1672	3012521244
189384	1707	3014796269
189386	1696	3015568477
189398	1031	3021613930
189408	1679	3023626464
189413	1651	3025301302
189421	1736	3028814501
189425	1671	3030908607
189443	1742	3035408510
189444	1679	3036478317
189446	1727	3037721700
189462	1686	3043938050
189466	1688	3044175645
189472	1764	3045968603
189478	1732	3047802268
189485	1722	3048657299
189501	1696	3051947644
189517	1667	3055776075
189522	1785	3057428343
189527	1711	3059379908
189533	1667	3062425708
189551	1730	3068211035
189563	1747	3070371950
189582	1691	3073294267
189586	1731	3073945069
189589	1731	3074276020
189594	1686	3076937910
189608	1726	3079195807
189614	1726	3083793362
189615	1723	3084192544
189623	1700	3085343638
189625	615	3085615850
189633	1766	3088260461
189636	1725	3089105769
189638	1723	3089180654
189639	1688	3089348248
189649	1236	3092128805
189651	1732	3092186517
189663	1737	3094583628
189664	1645	3094786326
189665	1738	3094994854
189670	1725	3095438719
189674	1698	3096559956
189675	842	3097198480
189692	1698	3104398013
189725	1733	3112794079
189739	1725	3116560451
189749	1724	3119003329
189755	1659	3120543444
189756	1769	3120577831
189757	1645	3120851559
189761	1732	3123561843
189764	1749	3124169353
189770	1686	3125845227
189771	1731	3126031238
189773	1719	3126356973
189775	1718	3126729681
189781	1723	3128441703
189787	1726	3130155598
189788	1725	3130261293
189789	1723	3130454413
189791	1685	3130691503
189802	1744	3133979084
189804	1703	3134774062
189813	1519	3136394261
189816	1681	3136659934
189818	1724	3136941785
189820	1709	3137578190
189821	1724	3137724344
189830	1660	3140076422
189860	1691	3149453179
189879	921	3153636622
189889	1756	3156805596
189898	1666	3159952627
189922	1705	3168099953
189935	1713	3170125816
189945	1733	3171881173
189949	1716	3172760615
189953	1754	3173223803
189962	1712	3175376333
189981	1737	3180634996
189986	1758	3181968666
189992	1756	3185434562
189994	1707	3186716712
190005	1690	3189496658
190007	1744	3189767386
190009	1703	3189991340
190024	1618	3194824626
190025	1694	3195068429
190027	1660	3195517827
190028	1745	3195836503
190040	1686	3198807943
190048	1696	3200161902
190052	1667	3200829896
190054	1709	3202570107
190057	1691	3204931207
190061	1699	3205713318
190062	1760	3205908475
190072	1740	3207671490
190081	1709	3210200151
190085	1711	3210860152
190100	1713	3214870246
190103	1745	3215860538
190106	1674	3216492153
190114	1677	3218995840
190125	1735	3221645754
190132	1764	3226182775
190140	1732	3229037538
190146	1709	3230559579
190159	1730	3233379435
190171	1698	3235579268
190173	1701	3236049508
190193	1720	3241300227
190204	1702	3245522674
190205	1733	3246009074
190219	1733	3250985526
190224	1763	3252402639
190237	1677	3256595823
190239	1651	3257916288
190240	1680	3257970256
190248	1703	3259633665
190249	1736	3259775853
190255	1721	3261478264
190262	1747	3264862996
190266	1720	3265767281
190269	1731	3266181500
190271	1739	3266424033
190273	1709	3266988677
190280	1710	3269050752
190290	1732	3271083516
190297	1691	3272790776
190298	1736	3273121889
190299	1745	3273314116
190303	1676	3274788353
190309	1732	3276410106
190321	1720	3279980629
190337	1728	3284877381
190338	1761	3285190117
190340	1712	3285594757
190346	1701	3287261446
190347	1698	3287502820
190352	1284	3288343850
190364	1653	3291279777
190370	1774	3292007819
190371	1715	3292094377
190378	1666	3296239051
190379	1732	3296797664
190383	1718	3297116892
190384	1748	3297191951
190399	1706	3302160185
190400	1728	3302513122
190403	1726	3303463249
190424	1721	3310734961
190445	1758	3317017659
190451	1719	3319321703
190452	1743	3319488387
190454	900	3319903771
190458	1692	3321807006
190459	1697	3321860201
190463	1760	3323727116
190470	1723	3328765206
190483	1691	3332571982
190487	1750	3333179688
190494	1684	3334145225
190500	1744	3335142723
190522	950	3341528510
190530	1718	3343461431
190544	1713	3350082084
190550	1683	3353611776
190555	1724	3354793263
190582	1726	3361440157
190583	1755	3361694374
190587	1723	3362677936
190590	1778	3364425864
190591	1789	3364565516
190598	1671	3368972749
190604	1723	3369907244
190612	1678	3371948496
190622	1673	3373998685
190638	1688	3379133978
190639	1659	3379268656
190640	1721	3380202280
190641	1681	3380744850
190658	1722	3387388088
190660	1688	3387717042
190662	1709	3388271079
190669	1716	3389265770
190676	1704	3390468707
190681	1726	3391528620
190697	1724	3396551603
190699	1721	3396688230
190701	1731	3396910088
190722	1736	3402253832
190729	1729	3403350674
190735	1736	3404263372
190744	1746	3410155463
190758	1705	3414169600
190775	1675	3417523791
190787	1718	3419185418
190803	1705	3423202098
190811	1657	3425408557
190815	1691	3429148793
190816	621	3429193762
190818	1763	3430356591
190822	1765	3431089528
190838	1750	3435610844
190841	1758	3436467551
190853	1672	3439873007
190862	1717	3443277531
190873	1679	3447906321
190892	1697	3453463427
190893	1698	3453531240
190898	1743	3455370624
190902	1722	3456559750
190921	1753	3463147330
190927	1741	3465118304
190951	1677	3473205860
190952	1711	3473378281
190956	1705	3474663091
190960	1755	3475732999
190961	1684	3476138013
190989	1724	3483370486
190992	1761	3484350506
191026	1663	3495773153
191031	1725	3496485116
191032	1732	3496524436
191044	1716	3500010764
191052	1717	3501071211
191054	1715	3501309829
191059	870	3501775692
191062	1734	3502342594
191088	1658	3513292608
191090	1735	3513596709
191109	1689	3519607522
191117	1705	3521704627
191122	1713	3522719743
191151	1724	3531217546
191154	1772	3531699304
191178	1689	3536190121
191179	981	3536421214
191192	1720	3539979390
191195	1689	3540771050
191199	1680	3542281329
191214	1733	3544422576
191223	1552	3546435284
191225	1764	3547456605
191231	1673	3550417511
191241	1713	3553109405
191242	1725	3553265795
191245	1725	3553691554
191247	1695	3554273131
191250	1714	3554689242
191255	1690	3556143660
191261	1708	3557540416
191264	1722	3558568449
191265	1679	3559388526
191273	1751	3561946763
191279	1763	3562894259
191281	1738	3564170828
191286	1671	3565517935
191291	872	3566494700
191293	1724	3567509803
191309	1684	3573484066
191314	1718	3575224173
191320	1697	3577363957
191331	1716	3580687966
191333	1742	3580880603
191341	1693	3582563178
191346	1776	3583477889
191351	878	3585467877
191352	1730	3585679502
191364	1729	3591765005
191373	1725	3593730670
191374	1736	3594116418
191379	1700	3595263939
191380	1733	3595445678
191381	1713	3595610457
191383	1666	3596067461
191390	1708	3598190403
191403	1715	3600553677
191408	1733	3601916936
191415	1753	3603764250
191416	1697	3604131014
191440	1746	3612694576
191442	1685	3613489822
191445	1699	3613827946
191460	1688	3617093958
191464	1703	3617807619
191468	1746	3618407454
191470	1726	3618544240
191474	1761	3619607887
191494	1755	3625550655
191497	1637	3626179960
191499	1720	3626679613
191502	1721	3627102374
191515	1700	3632086443
191518	1712	3632448841
191530	1695	3635374875
191534	1725	3637053298
191543	1650	3639745969
191568	1739	3646409720
191571	1719	3647415280
191580	1706	3652829223
191592	1752	3656778513
191594	1712	3657486201
191610	1723	3661517450
191630	1667	3665771667
191649	1704	3673699757
191653	1728	3674609429
191655	1732	3674663834
191673	1738	3679562107
191676	1676	3681041222
191690	1663	3684784614
191701	1691	3687254718
191713	1666	3689392972
191720	1702	3693524396
191726	1728	3694905849
191727	1691	3695162132
191739	1708	3697782175
191742	1713	3698760668
191750	1732	3700705387
191758	1734	3701965199
191761	1717	3702322090
191764	1726	3703174376
191789	1745	3709888740
191793	1706	3713078909
191804	1720	3715291730
191821	1716	3721308388
191827	1194	3723425610
191830	1689	3723934583
191832	1692	3724830704
191837	1760	3726002626
191838	1767	3726244444
191841	1676	3727034941
191849	1704	3728764738
191858	1721	3732821611
191861	1726	3734749809
191867	1748	3735690716
191870	710	3738052025
191878	1698	3740497468
191879	1730	3741082984
191882	1700	3741975366
191885	1674	3743146831
191906	1703	3748429459
191909	1743	3749936724
191926	1678	3755540515
191938	1658	3758103427
191950	1698	3763422108
191954	1724	3764769083
191956	1732	3765366361
191957	1730	3765620800
191963	1694	3767257735
191967	1697	3768602770
191971	1755	3769490129
191975	1714	3769899103
191995	1740	3777270542
191996	1759	3778426368
191998	1709	3779223739
192001	1745	3779910987
192010	1716	3782513795
192016	1711	3784482667
192017	1676	3785114880
192028	1728	3788683998
192031	1742	3789048188
192035	1708	3790049937
192041	1693	3791180154
192044	1751	3791727837
192051	1757	3795069846
192066	1676	3800721914
192071	1711	3802067476
192074	1691	3802769807
192081	1671	3805461553
192086	1725	3806599021
192093	1713	3807806288
192099	1760	3810253939
192109	1707	3815097329
192114	1718	3816509779
192115	1648	3816821407
192126	1728	3820128930
192134	1750	3822379787
192139	1679	3823114116
192147	1714	3825746346
192165	1709	3830108295
192173	1673	3831730451
192176	1678	3834698225
192178	1713	3834873280
192184	1727	3835802688
192187	1719	3836988924
192194	1753	3838621698
192196	1711	3838772225
192208	1729	3843960976
192216	1763	3845087114
192220	1720	3845533006
192224	1780	3846979431
192230	1762	3848964123
192240	1709	3851437342
192241	1653	3852601134
192257	1734	3858800636
192265	1712	3860483462
192283	1700	3866445494
192286	1733	3868390566
192292	1743	3869937498
192293	1689	3869976081
192294	1768	3870201431
192295	1676	3870585274
192296	1722	3870610115
192298	1722	3871268278
192312	1755	3877179558
192314	1756	3877640316
192321	1715	3880344480
192324	801	3881283090
192331	1729	3883316437
192353	1673	3887219420
192375	1759	3892500050
192389	1713	3896850594
192392	1742	3898198033
192402	1706	3900407832
192411	1729	3902034320
192427	1688	3906045424
192448	1676	3910198211
192455	1674	3912309928
192476	1729	3920220789
192492	1733	3923353083
192506	1694	3926468644
192507	1741	3926523477
192512	1680	3928753757
192513	1721	3928774387
192516	1121	3929290343
192526	1754	3932468795
192531	1705	3934501700
192542	1729	3939805796
192552	1388	3941491296
192555	1726	3941840592
192562	1737	3944315636
192565	1734	3944696302
192578	1709	3948653932
192581	1675	3949405988
192587	1719	3950917096
192588	1728	3951753370
192591	1720	3952660984
192595	1724	3953494104
192617	1753	3962760835
192629	1707	3966500613
192637	1752	3968377824
192659	1630	3973411081
192661	1683	3974147722
192676	1687	3979413677
192680	1705	3980696242
192682	1680	3981108028
192685	1610	3981244800
192698	1704	3984427303
192705	1695	3987032761
192706	1717	3987302022
192708	1658	3987984547
192718	1250	3990954264
192727	1694	3992876791
192732	1686	3993548873
192744	1667	3996672352
192775	1734	4006471162
192777	1712	4006923219
192780	1655	4007590082
192791	1708	4012572120
192803	1720	4015791228
192805	1647	4016404328
192809	1344	4017919175
192827	1704	4025684824
192838	1708	4028890090
192839	1736	4029105245
192853	1740	4033917869
192867	1732	4040496018
192881	1647	4043732486
192891	1728	4048645407
192904	1730	4051282451
192907	1678	4051832751
192908	1713	4052247547
192909	1721	4052606566
192921	1711	4055036162
192925	1681	4056225402
192936	1740	4059208648
192941	1694	4062259470
192977	1704	4071018366
192982	1656	4071513852
193026	1711	4087438722
193030	1754	4088984046
193031	1702	4089200019
193032	1699	4089263994
193033	1750	4090555341
193036	1746	4090898019
193038	1767	4091646038
193053	1771	4096407558
193054	1095	4096556752
193057	1682	4097285483
193064	1691	4098306760
193072	1710	4102401733
193090	1730	4106021837
193099	1734	4107438203
193101	1683	4107566777
193112	1688	4109533151
193119	1711	4110874509
193120	1695	4110954138
193131	1726	4113444534
193153	1702	4120404412
193160	1731	4123774170
193172	1692	4126679786
193176	1716	4127345093
193180	1700	4128151937
193182	1736	4128833909
193188	1685	4130459748
193193	1706	4132315364
193194	1765	4132426409
193208	1663	4136161536
193214	1671	4140107273
193215	1691	4140215517
193218	1676	4141009978
193219	1704	4143320452
193221	1703	4143589867
193222	836	4143657359
193225	1725	4144196070
193229	1674	4144859108
193237	1672	4146221468
193238	1690	4146306494
193240	1677	4146366674
193242	1687	4146863778
193247	1732	4148052406
193259	1725	4149985091
193260	1663	4150635678
193263	1684	4151226556
193274	1698	4155022180
193275	1727	4155053780
193285	1718	4157563084
193286	1733	4157882752
193295	1718	4163399019
193299	1717	4164376389
193307	1729	4166263345
193309	1688	4166880213
193310	1709	4166911302
193312	1755	4167045071
193318	1724	4168674011
193329	1706	4172161240
193333	1691	4173548623
193347	1673	4176355157
193348	1681	4176696193
193357	1650	4177725314
193375	1702	4184262669
193380	1711	4187504644
193383	1671	4188529061
193386	1715	4189074972
193388	1693	4189649063
193393	1695	4190968279
193396	1659	4191540556
193401	1718	4192579064
193402	1710	4192588114
193403	1710	4192752334
193413	1746	4196249751
193420	1715	4198335117
193423	1722	4198794617
193425	1680	4199380038
193430	1702	4199920933
193432	1735	4200116623
193452	1749	4208099857
193454	1726	4208189790
193463	1684	4210664543
193464	1714	4210957433
193473	1727	4213510774
193478	1745	4214839518
193512	1218	4222273754
193516	1702	4225310798
193517	1707	4225400314
193535	1684	4229632903
193540	1693	4230587264
193543	1762	4231108804
193550	1705	4232552515
193554	1720	4236499141
193562	1688	4239497888
193574	1698	4243400282
193576	1657	4245477245
193579	1228	4246948970
193593	1713	4249970188
193598	1756	4251433773
193599	1728	4251435960
193604	1684	4252209102
193605	1736	4252336198
193608	1734	4253497467
193623	1694	4256317029
193624	1645	4256660999
193625	1716	4256683957
193629	1753	4257564352
193636	1646	4259049888
193638	1731	4259834589
193663	1717	4266448650
193667	1667	4266782088
193670	1640	4267589099
193675	1666	4268493187
193676	1666	4268641139
193687	1668	4271620571
193688	1701	4271981916
193694	1697	4273176809
193695	1702	4273777146
193701	1682	4274977749
193706	994	4276381913
193714	1758	4278567195
193715	1715	4278980420
193732	1730	4283288970
193734	1687	4284237858
193737	1684	4284322848
193747	1709	4289550439
193758	1742	4292750156
193766	1759	514233
193769	1697	1116612
193774	1693	3025010
193775	1723	3069004
193793	1705	6523899
193826	1674	19844594
193829	1658	20645476
193831	1700	20989796
193832	1756	21348230
193840	1716	23073027
193849	1669	25243761
193865	1726	29037278
193873	1784	33780929
193877	1744	33936823
193906	1729	42539133
193912	1711	45649077
193936	1706	49504984
193938	1665	50291500
193948	1738	54073761
193954	1732	54834405
193961	1120	56007284
193969	1727	58375112
193976	1757	59648667
193979	1711	60411165
193982	880	60566130
193983	1736	61023684
193994	1680	62656635
193996	1695	63538194
194002	1768	65231821
194006	1742	65945730
194013	1676	70517967
194028	1748	74480880
194037	1759	77684416
194038	1706	78410313
194047	1722	82929842
194049	1692	83519839
194064	1748	89683365
194065	1731	89972831
194066	1747	90384926
194071	1689	93964112
194074	1703	94585410
194094	1698	99364799
194099	1669	101429584
194106	1705	103178267
194111	1677	104014755
194112	1680	104021339
194129	1729	108817815
194137	1670	111107944
194146	1714	115626691
194157	1725	116834267
194173	1686	123310724
194174	1704	123880245
194176	1724	124451284
194187	1748	127548344
194206	1735	132023450
194215	1744	135913922
194218	676	136664267
194221	1674	137645488
194222	1633	137732122
194242	1767	144896610
194243	1638	145406899
194257	1729	150022456
194262	1733	150921090
194265	1698	151286756
194266	1726	151494719
194267	1685	151686754
194272	1481	153579515
194281	1746	156095918
194291	1751	161763656
194294	1742	162960560
194325	1684	172568564
194326	1703	172667012
194343	1721	179321700
194347	1706	180175468
194357	1753	182765395
194362	1691	184757435
194366	1663	185489558
194370	1695	186859121
194374	1701	187482464
194388	1724	192342902
194407	1710	200064663
194423	1701	205460004
194428	1692	207213718
194429	1669	207332932
194433	1711	207995643
194447	1725	212974858
194458	1719	218401257
194459	1728	218607608
194467	1667	220328832
194502	1723	229944357
194510	1724	231474403
194516	1729	232291472
194526	1738	237494872
194536	1698	240928992
194541	1689	242156824
194547	1714	243375150
194552	1699	244623685
194560	1694	247373089
194563	1702	248185858
194567	1747	249559495
194569	1749	250034769
194574	1724	251307674
194577	1750	253107908
194595	1674	259781106
194607	1690	262166229
194640	1680	271726222
194652	1711	274381123
194663	1686	279810533
194666	1738	281030680
194682	1725	283127637
194696	1757	286779746
194698	1705	287714705
194702	1733	288767377
194708	1727	289760697
194714	1566	291985520
194719	1729	292857466
194720	1744	292937315
194722	1658	294142638
194724	1681	294622332
194728	1709	295406866
194753	1665	303527142
194756	1755	303746177
194758	958	304064991
194759	1754	304660586
194771	1713	308306964
194792	1727	314715757
194793	1742	315185823
194794	1733	316245159
194798	1674	319166862
194809	1720	321212983
194812	1705	321543815
194815	1729	322377954
194818	1697	322839691
194821	1698	323819819
194831	1709	326547078
194832	1670	326834010
194845	1680	330323483
194852	1710	332734739
194865	1743	338799488
194873	1759	342024356
194876	1721	343184160
194881	1730	344506986
194882	1724	344729304
194885	1689	344953342
194887	1706	345733156
194891	1668	348465043
194894	1699	349146922
194912	1740	353788937
194918	1710	355235699
194930	1761	360671294
194940	1720	364161754
194949	1337	366696481
194950	1749	366727335
194954	1737	367601923
194971	1742	372257777
194977	1696	373417750
194984	1726	377177569
195000	1721	382766560
195002	1725	383442040
195022	1672	388276805
195023	904	388292661
195037	1753	391057922
195040	1650	391759149
195042	1739	391998333
195062	1689	397094894
195075	1729	401121728
195088	1742	404585036
195093	1684	406289202
195095	1675	407104140
195113	1682	411598137
195116	1721	412760591
195122	1689	413904723
195127	1668	414222541
195138	1687	420483775
195152	1758	422808706
195157	1674	423443366
195158	1681	423802349
195165	1747	424859100
195174	1731	426840412
195175	1728	426930640
195180	1762	428227888
195182	1745	429518825
195206	1751	434057857
195207	1720	434188323
195214	1726	436374022
195225	1711	438476393
195262	1735	452725783
195265	1667	453635877
195272	1737	457445954
195274	1725	457753680
195286	1694	462905299
195289	1764	463828508
195299	1730	467007691
195301	1754	467509885
195309	1691	470151287
195310	1723	470657761
195316	1677	472787083
195322	1725	475563438
195331	1684	478514981
195353	1727	488135489
195369	1762	492493434
195372	1690	492974571
195381	938	495092450
195383	1750	495274300
195384	1752	495505276
195388	1723	496504162
195396	1643	498108247
195408	1772	502374064
195410	1773	502665533
195414	1709	503318241
195416	1717	503761383
195419	1690	503891248
195428	1474	505521917
195431	1784	505851218
195446	1678	510674416
195452	1690	512580831
195468	1745	519180162
195473	1722	521085180
195475	1723	523335236
195481	1710	526287831
195483	1705	526536616
195513	1745	535808474
195515	1694	536371058
195526	1670	540799817
195529	1684	543855376
195531	1755	544060953
195538	1714	546420578
195546	1716	548769994
195554	1687	550245338
195559	1704	551640055
195561	1768	552818665
195577	1686	556896360
195586	685	560103102
195595	1757	564325141
195609	1689	567902375
195616	1704	570161644
195619	1691	571029448
195622	1670	571660449
195637	1688	574836950
195656	1720	578942670
195660	1721	581011928
195668	1699	586451794
195670	1656	586694053
195690	1731	593276220
195700	1720	596563987
195710	1739	599442451
195745	1717	611647243
195753	1732	613896160
195761	1728	614926551
195793	1722	623333017
195803	1748	626913826
195804	1775	627234491
195805	1733	627350556
195808	1718	627446861
195829	1748	631340783
195831	1702	632957859
195839	1713	635461000
195842	836	636886445
195853	1709	638278523
195861	1689	640830556
195866	1761	641941239
195871	1725	642910259
195875	1680	643724926
195885	1649	648269533
195890	1698	649130410
195895	1717	649949116
195896	1654	650177510
195915	1702	654968516
195924	1734	656499488
195926	1703	657173520
195927	1686	657176685
195932	1684	658585631
195939	1662	660290583
195940	1662	660801425
195946	1734	662056042
195960	1686	666194140
195970	1672	667930786
195973	1736	669315625
195974	1659	669544695
195976	1684	670429802
195982	1684	671392149
195997	1711	676689975
196008	1665	679270593
196025	1683	682894809
196028	1668	683221334
196032	1712	683959304
196040	1750	685403020
196045	1742	688591636
196050	1658	689953423
196055	1758	690751840
196058	1763	691536898
196083	1711	698143060
196091	1731	700841848
196099	1680	702610698
196102	1726	703476300
196108	1730	705521941
196109	1679	705812925
196111	1756	708564436
196123	1690	711946705
196126	1769	712482601
196133	1686	715271176
196135	1684	715451620
196139	1695	715722004
196152	1659	719411322
196163	1712	722364707
196169	1727	722980200
196176	1726	723788461
196181	1653	724945332
196188	1706	729063495
196192	1708	729909311
196204	1717	735479785
196206	1726	736628138
196210	1683	737434805
196211	1733	737468642
196213	1733	737652065
196215	1710	738908612
196238	1696	742565613
196239	737	743594949
196249	1748	745238046
196251	1721	745886885
196257	1706	748753224
196268	1732	753752868
196271	1720	753933186
196279	1739	757717811
196301	1721	762319572
196306	1704	763879599
196308	1722	764160920
196334	1734	770844970
196342	1724	772696087
196343	1676	772786472
196354	1729	775541148
196368	1741	778757100
196382	1683	783836049
196390	1725	785050703
196393	1672	785653219
196396	1700	785883643
196399	1717	788622854
196405	1700	789955719
196410	1689	791319240
196430	1741	795621269
196445	865	798966111
196446	1699	799020128
196449	1752	799868819
196456	1481	801495701
196461	1723	802781773
196463	1763	803268468
196467	1723	804810286
196470	1703	805659256
196482	1701	810906868
196483	1705	810923317
196486	1783	812317127
196518	1702	820676941
196522	1711	822146693
196530	1695	824121839
196531	1744	824266480
196533	1693	824806807
196536	1732	825284539
196546	1742	826786873
196551	1709	827365730
196558	1758	830970788
196560	1715	831591729
196561	1239	831880528
196566	1703	833226344
196567	1708	833235794
196569	1580	833608275
196570	1752	833655989
196575	1692	834793287
196585	652	837124688
196589	1655	837499051
196602	1723	840434691
196603	1718	840440130
196604	1700	840909879
196606	829	841155744
196607	1750	841158157
196620	1711	843882191
196622	1724	844074266
196623	1735	844264605
196627	1666	845973714
196634	1704	846768660
196636	1733	847119162
196639	1759	847722732
196640	1733	848005340
196645	1682	851245788
196666	1726	855811986
196670	1725	856426852
196673	1688	856763590
196681	1715	859383566
196684	1710	860138101
196700	1706	862834507
196702	1696	863240736
196707	1783	864136383
196726	1706	867898365
196729	1728	868532769
196734	1699	871870908
196743	1651	874528367
196746	1697	875184679
196754	1719	877420770
196769	1732	881247879
196771	1703	881856242
196811	1707	894491790
196822	1724	897599666
196826	1093	898935565
196832	1718	900711493
196835	1743	901295485
196842	1711	902916872
196846	1702	903446891
196867	928	906463558
196889	1679	913526982
196910	1672	919109220
196922	1699	922228840
196924	1755	922651386
196926	1714	923090127
196933	1727	925109789
196936	616	925403956
196937	1731	925541159
196941	1710	926269331
196947	1550	927669762
196958	1759	930594404
196961	1769	930924505
196962	1714	931034420
196970	1699	934636397
196991	1675	938498467
196994	1667	939705031
196998	1735	940397540
197002	1724	941905918
197004	1744	942261466
197026	1743	950290261
197029	1721	950443569
197032	1705	950814991
197041	1687	955446823
197051	1721	957912951
197052	1643	958034818
197054	1672	958176241
197056	1713	958445655
197062	1711	959679526
197066	1746	962103125
197076	1667	963709561
197080	1753	964185198
197084	1727	965803124
197085	1699	966309472
197086	1768	966321282
197088	1668	966922268
197090	1746	967348076
197091	1687	967766732
197097	1675	968700738
197101	1700	969666779
197110	957	972780918
197114	1701	976235830
197127	1699	981159876
197137	1744	984589056
197140	1740	985215032
197143	1689	985814682
197155	1757	989336937
197156	1710	989500993
197157	1709	989522869
197171	1736	993387952
197174	1673	994130845
197175	1718	994364013
197176	1718	994376927
197195	1673	1001707176
197198	1695	1002372003
197227	1556	1009024297
197232	1755	1009742872
197234	1728	1010125896
197241	1679	1011543478
197247	1678	1013051155
197261	1689	1020153789
197284	1783	1023831853
197298	1772	1027463563
197299	1757	1027469256
197300	1717	1027990647
197308	1718	1029618954
197310	1675	1030411889
197314	1696	1031644367
197317	1707	1032778641
197331	1403	1035108195
197337	1749	1038136049
197338	1714	1038173000
197350	1693	1042724682
197357	1722	1044288433
197359	1722	1045242660
197367	1701	1047596260
197374	1705	1050245905
197379	1686	1051249419
197386	1734	1052353175
197390	1707	1053351372
197399	1720	1058782818
197405	1717	1060506059
197414	1673	1063072136
197417	1750	1063401510
197427	1688	1064920251
197428	1725	1065035491
197460	1710	1073320306
197462	1704	1073475079
197467	1687	1074399929
197469	1783	1074717910
197500	1729	1082398776
197505	1766	1083868840
197522	1693	1087936929
197531	1702	1090223777
197534	1760	1090549514
197537	1725	1090946052
197538	1665	1091020210
197544	1653	1092766426
197547	1701	1094247903
197551	1723	1095302406
197557	1728	1099453038
197562	1707	1100632534
197563	1718	1100680982
197585	1714	1107434863
197591	1659	1108497687
197596	1755	1109011545
197602	1719	1109848157
197608	1708	1110917334
197617	1748	1112267314
197620	1721	1112985501
197626	1701	1114199346
197628	1141	1114569967
197636	1741	1116076429
197648	1695	1121399822
197658	1720	1123309170
197674	1733	1129787305
197681	1710	1131151097
197682	1747	1131447964
197696	1684	1134002030
197697	1696	1134528202
197711	1744	1137377172
197722	1681	1141898233
197725	1688	1142680404
197743	1685	1148240843
197756	1728	1152107497
197758	1739	1153213312
197761	1680	1153780046
197762	1726	1153789079
197771	1690	1155136526
197783	1751	1158151944
197790	1694	1163046458
197792	1747	1163272104
197806	1704	1166470141
197824	1737	1170119017
197844	1733	1174789088
197851	1720	1176814819
197862	1727	1181429872
197866	1705	1182125666
197869	780	1182799711
197872	1665	1184085083
197873	1741	1184191145
197886	1704	1188095266
197895	1730	1189496332
197899	1699	1190293508
197900	1720	1190775895
197915	1684	1192989537
197918	1667	1194046572
197925	1662	1195873183
197931	1667	1197793066
197932	1710	1197806712
197940	1708	1199332316
197941	1708	1199437743
197942	1723	1201477732
197948	1704	1202757552
197962	1719	1206351058
197978	1728	1210323756
197984	1707	1212361881
197990	1684	1214013844
197992	1694	1214299059
197994	1679	1214644511
197995	1758	1215506318
198006	1748	1217943270
198027	1420	1225751022
198033	1707	1227490680
198034	1719	1228042026
198043	1695	1230574635
198057	1786	1234533340
198063	1669	1235154282
198066	1728	1235616133
198091	1719	1240639928
198094	1717	1243109472
198096	1747	1243756885
198098	1751	1243935175
198109	1722	1246863098
198111	1695	1247678269
198116	1725	1250561056
198120	1720	1251288411
198127	1703	1252403988
198128	1728	1252836076
198136	1716	1254611241
198146	1760	1255795490
198147	1694	1255818998
198148	1748	1256061157
198156	1672	1258277185
198160	1716	1258702135
198176	1700	1265127273
198185	1690	1267522861
198197	1706	1270761293
198221	1663	1278088225
198222	1659	1278171493
198224	1706	1278946863
198228	1722	1279975492
198229	1758	1280142100
198230	1693	1280693095
198233	1731	1283033804
198237	1697	1284093439
198272	1659	1294155902
198273	1722	1294177879
198278	1714	1296262766
198283	1664	1296795566
198287	1708	1297310767
198290	1718	1298236752
198295	1748	1300065160
198307	1764	1306232927
198309	1721	1307058946
198324	1704	1311461555
198329	1729	1313446730
198338	1755	1316002662
198349	1752	1319376825
198360	1689	1324612739
198366	1680	1325811808
198381	953	1330439323
198388	1728	1331362426
198391	1713	1333361703
198421	1736	1340596210
198422	1749	1340610453
198425	1704	1343427531
198435	1744	1345916190
198446	1733	1347982725
198466	1680	1354088169
198472	1661	1356229882
198475	1718	1356803024
198486	1706	1358777295
198491	1731	1361543703
198492	1735	1363525932
198499	1792	1366624839
198514	1712	1368944710
198519	1708	1369511618
198525	1686	1371334376
198536	1769	1374400744
198539	1726	1375501276
198547	1658	1377614844
198555	1691	1379308097
198557	698	1380499266
198573	1738	1385878738
198583	1675	1388177135
198585	1709	1388565849
198587	1697	1389097241
198588	1736	1389202819
198596	1710	1390500444
198604	1714	1392044204
198615	1679	1394884394
198623	1721	1396868106
198624	1687	1397114765
198633	1711	1398640683
198647	1747	1405552564
198649	1673	1406831497
198652	1691	1407480892
198669	1713	1411484995
198670	1706	1411487355
198675	1719	1413953202
198676	1691	1414013777
198684	1692	1415562733
198690	1725	1417808527
198701	1746	1420068062
198712	1739	1426275734
198719	1720	1429884784
198723	1706	1431290586
198724	1697	1431554483
198725	1746	1431832438
198732	1685	1434111714
198745	1691	1436171498
198746	1775	1436362019
198752	1731	1436805239
198753	1729	1437121444
198754	1734	1437295907
198757	1708	1438127861
198764	1717	1440445435
198772	1708	1443417147
198773	1685	1443494385
198779	1705	1446362886
198782	1706	1447028392
198786	1698	1447789951
198793	1706	1449613905
198800	1718	1451095273
198807	1696	1452877907
198814	1733	1456256490
198816	1665	1456787610
198829	1746	1459158797
198838	1732	1460685917
198850	1695	1463501929
198859	1716	1467842160
198863	1720	1468990998
198873	1651	1471437693
198875	1674	1471828061
198881	1653	1473272817
198886	1688	1473621701
198920	1718	1483489206
198922	1717	1483887641
198938	1679	1489841628
198949	1764	1494225258
198978	1139	1502593511
198991	1702	1505071859
198993	1724	1505367434
198999	1719	1507318226
199000	1688	1510018904
199002	1681	1510526368
199004	1738	1511138208
199013	1718	1512526243
199024	1704	1515415317
199029	1707	1516110454
199038	1675	1517650042
199042	1708	1521157748
199044	1730	1523091418
199057	1665	1529975194
199058	1716	1530460112
199063	1650	1531442849
199068	1684	1533759670
199070	1677	1534366041
199071	1698	1535113157
199085	1672	1537459702
199086	1712	1537986512
199104	1762	1543355876
199107	1697	1544094798
199112	1717	1545410420
199118	1726	1546757714
199120	1716	1548942982
199128	1740	1550755223
199137	1719	1551984423
199145	899	1553580801
199147	1646	1554029073
199148	1755	1554464869
199151	1710	1555105792
199152	1753	1555181338
199161	1689	1556875037
199169	1716	1558893619
199173	1730	1559301353
199193	1707	1566662313
199200	1741	1570406870
199202	1678	1570487548
199203	1692	1570916075
199211	1745	1572747006
199215	1154	1573878686
199232	1708	1578712557
199234	1579	1579444870
199246	1749	1581117318
199257	1758	1583776876
199259	1767	1584465958
199263	1724	1584664891
199267	1708	1585535898
199283	1724	1593298863
199285	1652	1593568320
199287	1740	1594256616
199292	1738	1595611805
199299	1662	1596844624
199306	1690	1598842667
199310	1733	1599812120
199320	1706	1602865184
199328	1752	1604935154
199330	1735	1605828556
199333	1733	1606479897
199350	1702	1613459994
199359	1704	1615941652
199366	1646	1618123097
199373	1773	1619585977
199378	1723	1621652879
199379	708	1621982635
199385	1721	1623236554
199411	1683	1630144769
199413	1725	1630567918
199415	1739	1631195187
199421	1689	1632121668
199428	1692	1635483558
199432	1706	1636052872
199446	1720	1639236880
199447	1705	1639270697
199458	1752	1642281028
199465	1804	1643094351
199466	1757	1643223639
199472	1726	1644447650
199473	1721	1644546666
199478	1752	1644969894
199487	1664	1646763436
199496	1686	1647578924
199502	1687	1651826942
199528	1726	1658086536
199532	1709	1658561673
199568	1752	1667180162
199573	1722	1667815444
199580	1750	1671294162
199582	1744	1671580072
199604	1721	1676395377
199621	1714	1680229327
199625	1727	1681917095
199629	1668	1682668250
199633	1711	1683451915
199635	1014	1683794127
199644	1656	1685244619
199662	1714	1691711886
199664	1725	1692077270
199665	1785	1692223234
199671	1668	1693360511
199675	1673	1694432026
199696	1744	1698704093
199702	1733	1700333547
199704	1695	1701159930
199706	1653	1701254323
199707	1665	1701279166
199712	1665	1702203380
199728	1706	1704877651
199732	1694	1705269097
199754	1698	1709418424
199762	1681	1714380674
199780	1751	1717838333
199789	1746	1719005226
199800	1699	1721924519
199804	1707	1723103883
199825	1684	1729448917
199827	1725	1730211121
199839	1706	1735180978
199843	1740	1736303378
199849	1665	1737307824
199852	1712	1738870411
199858	1701	1740515688
199859	1668	1740524963
199868	1706	1742406813
199873	1704	1743168370
199875	1751	1743601299
199886	1708	1745724990
199887	1693	1745728182
199891	1706	1746444810
199894	1747	1746886330
199896	1708	1747497371
199897	1738	1748403280
199949	1714	1763126736
199954	1686	1763899111
199970	1711	1767202384
199975	1741	1768370688
199988	1686	1774409009
199993	877	1774991281
200005	1750	1778210168
200006	1697	1778660411
200007	1211	1778991569
200022	1678	1783075697
200025	1713	1783192829
200026	1731	1783625438
200043	1673	1789582884
200060	1697	1794023721
200068	1721	1795521127
200070	1735	1796327378
200078	1708	1798392670
200088	1699	1802116496
200100	1691	1803986887
200107	1662	1806557647
200108	1701	1806916582
200109	1700	1807254162
200128	1766	1815102601
200136	1702	1817529679
200142	1742	1818575988
200150	1765	1821276748
200159	1740	1822919442
200160	1699	1823742391
200166	1729	1825232627
200171	1788	1826249681
200173	1726	1827349692
200176	1753	1828137108
200183	1708	1829709567
200185	1695	1830350248
200196	1717	1833092744
200200	1701	1835263636
200204	1685	1835940583
200224	1706	1842595828
200236	1678	1845734807
200237	1691	1846196361
200252	1740	1849429002
200255	1739	1850423065
200262	1717	1851378008
200265	1675	1852442971
200282	1708	1857495264
200283	1704	1857507201
200295	1705	1862142605
200297	1704	1862523166
200304	1754	1864284069
200329	1693	1871763376
200338	1664	1873425467
200339	1752	1873450276
200348	1707	1878270143
200368	1681	1881088967
200371	1729	1882127869
200374	1716	1882379483
200375	1695	1882689605
200380	1694	1883897796
200389	1736	1886325403
200397	1729	1890082574
200421	1740	1898385337
200432	1721	1901012955
200433	1707	1901103181
200435	1730	1901650638
200443	1762	1903235375
200448	1726	1904296236
200458	1726	1905559771
200468	1670	1909534375
200484	1696	1911870192
200487	1691	1912321856
200490	1709	1914124390
200491	1747	1914368239
200501	1705	1918952996
200505	1682	1919324170
200509	1732	1921091029
200540	1735	1929873362
200541	1690	1930622912
200559	1744	1933665089
200560	1688	1934122210
200565	1721	1934899489
200567	1698	1935392501
200587	1716	1940746276
200594	1720	1942187153
200623	1663	1950201764
200631	1719	1952583776
200633	1726	1953310961
200641	1738	1955299784
200643	1670	1957794863
200677	1703	1969623275
200681	1718	1970378488
200705	1717	1978778674
200716	1717	1980050493
200723	1681	1982898385
200727	1751	1984266534
200748	783	1990546747
200749	1724	1990566587
200752	1736	1991411895
200756	1675	1992137270
200758	1705	1992580656
200760	1711	1993186562
200761	1690	1993358891
200767	1715	1995476040
200807	1725	2007293908
200821	1726	2010095270
200833	1728	2015650463
200835	1785	2016602681
200839	1709	2019706348
200840	1726	2019915404
200854	1719	2023066931
200857	1735	2023380464
200861	1707	2023962413
200862	1697	2024265862
200869	1670	2026192129
200877	1715	2027982598
200878	1628	2028167580
200884	1703	2030683528
200885	1710	2030705387
200887	1717	2031499780
200907	1697	2038721133
200913	1733	2040544442
200917	1697	2041320861
200924	1743	2043103048
200925	1719	2043167602
200926	1724	2043742549
200927	1757	2044006813
200941	1711	2047319524
200950	1701	2049577005
200977	1677	2059908531
200986	1659	2061957740
200990	1736	2064319948
200992	1659	2064625896
200993	1672	2064848082
201004	1708	2067255443
201006	1731	2068060358
201009	1753	2069927616
201018	1692	2073386434
201022	1686	2074219169
201028	1754	2077143540
201035	1748	2080864673
201041	1725	2082197612
201042	1763	2082329613
201053	1779	2083504428
201055	1673	2083748757
201056	1720	2083882494
201061	1082	2085486697
201062	1698	2085910994
201071	1724	2087975918
201073	1744	2088624194
201080	1655	2089846014
201100	1697	2094772601
201103	1672	2095059440
201109	1675	2096950325
201110	1721	2097009855
201116	1717	2099641471
201121	1715	2101210198
201136	1711	2104650389
201145	1685	2107255340
201147	1688	2107684924
201152	1719	2108589805
201166	1738	2112087217
201174	1712	2114243627
201181	1731	2115813548
201189	1692	2117126820
201207	1733	2121497088
201222	1736	2126595642
201271	1703	2141460714
201278	1682	2142627973
201284	1716	2143684127
201293	1710	2145513899
201300	1649	2146863415
201311	1728	2148780205
201331	1716	2151948971
201334	1732	2152529752
201335	1662	2152663584
201344	1752	2154456771
201349	1696	2156054247
201353	1669	2156956431
201380	1717	2166369043
201391	1772	2169131510
201400	1717	2170721406
201411	1718	2172924839
201414	1699	2173756640
201417	1751	2174474859
201418	1735	2174764122
201419	1748	2175044182
201421	1719	2175454861
201425	1709	2177407794
201426	1684	2177823547
201446	1722	2183246016
201449	1735	2183632557
201460	593	2186787817
201467	1708	2188870618
201475	1647	2190376231
201476	1766	2191043370
201479	1732	2191207387
201487	1678	2192912820
201488	1707	2192929554
201494	1723	2195583841
201504	1665	2198453635
201505	1664	2199304053
201515	1725	2202292556
201518	1681	2203203160
201523	1693	2204650926
201534	1703	2208880714
201546	1731	2211118322
201563	1735	2215427916
201572	1647	2217909662
201574	1680	2218147379
201584	1738	2222080724
201592	1421	2223394231
201618	1731	2232254511
201619	1734	2232314782
201621	1709	2232525638
201624	1670	2232787756
201627	1752	2233775463
201636	1708	2236153759
201639	1662	2236416631
201644	1718	2237332406
201648	1747	2238569545
201657	1704	2244514298
201661	1701	2245487450
201673	1719	2247209574
201675	1422	2247925481
201676	1772	2248048904
201688	1710	2251555046
201690	1701	2252659528
201706	1698	2256851612
201717	1713	2259808152
201724	1697	2263142840
201731	1754	2264899314
201735	1714	2265567179
201741	1691	2267877279
201758	1728	2272950684
201762	1716	2273786639
201791	1688	2283805917
201798	1731	2284960079
201802	1728	2285783622
201804	1720	2286377370
201805	1783	2286438693
201810	1692	2288734192
201814	1676	2289159424
201816	1718	2289600663
201822	1743	2290872390
201828	1728	2291879616
201845	1713	2295470265
201855	1701	2298800266
201861	1720	2302075229
201865	1672	2302801879
201886	1726	2308790813
201893	1752	2310446279
201898	1640	2310889715
201899	1744	2311562075
201904	1732	2312735978
201907	1745	2313150053
201914	1718	2313986402
201922	1748	2315598085
201963	1751	2325315533
201973	1735	2326911847
201974	1619	2327095770
201984	1687	2333022742
201994	1720	2336645934
201996	1745	2337521213
202021	1726	2344660868
202022	1664	2345007377
202026	1708	2346164721
202027	1730	2346255358
202028	1678	2346529983
202033	1769	2347007735
202035	1677	2347860210
202041	1742	2348481242
202043	1718	2348979560
202054	1702	2351561981
202084	1676	2358423481
202085	1765	2358553224
202090	1702	2359378637
202103	1696	2363907615
202112	1734	2367934534
202124	1688	2371296067
202134	1736	2373815695
202140	1730	2375134485
202150	760	2377386260
202154	1691	2378669724
202164	1705	2380363064
202174	1734	2385138864
202175	1664	2385290040
202178	1728	2385838174
202185	1655	2387430096
202200	1764	2391092765
202208	1484	2394196913
202210	1732	2394508615
202211	1720	2394957879
202213	1669	2395070131
202227	1689	2398922152
202238	1717	2401608451
202239	1696	2402083053
202248	1720	2407082134
202249	1718	2407454867
202250	1696	2407573903
202253	1722	2408232974
202255	729	2408649409
202270	1727	2411673324
202275	1735	2413719484
202276	1705	2413926636
202279	1676	2414480955
202280	1740	2414613740
202281	1715	2415001088
202303	1744	2418518770
202308	1672	2419683615
202331	1736	2427720133
202335	1699	2429010411
202337	1733	2429299896
202338	1694	2429457181
202342	1739	2429935569
202361	1746	2436246005
202372	1695	2438879196
202391	1687	2445785485
202411	1713	2449091182
202416	1679	2450091590
202418	1676	2450589372
202427	1756	2453219922
202436	1684	2455700947
202475	1755	2467796996
202492	1797	2472093845
202493	1708	2472209609
202494	1730	2472411087
202500	1700	2473754619
202505	1702	2477189133
202524	1728	2482326325
202525	1688	2482446927
202527	1679	2482669334
202530	1659	2482819988
202534	1684	2483694268
202545	1713	2489656455
202550	1746	2490762069
202559	1679	2492385977
202563	1652	2493902887
202565	1732	2494273862
202578	1722	2497527539
202595	1754	2502247526
202601	1751	2503333615
202602	1742	2503561845
202608	1732	2506997756
202612	1660	2507507849
202615	1712	2509095119
202636	1720	2514040988
202637	1708	2514336482
202651	1658	2517773363
202660	1666	2520801020
202665	1721	2521620346
202674	1346	2523916522
202680	1733	2527629762
202684	1701	2528808138
202695	1729	2530995987
202699	1679	2531302790
202702	1678	2531951831
202719	1701	2536911242
202725	1732	2538345310
202737	1708	2541217257
202740	1764	2541709292
202746	1686	2542659937
202759	1710	2544832739
202764	1743	2547507291
202776	1728	2550020941
202782	1744	2550669565
202784	1674	2551169764
202790	1703	2551987327
202797	1701	2554102396
202803	1714	2555556431
202812	1743	2556803767
202813	1694	2556906325
202817	1733	2558294432
202822	1736	2559054995
202825	1715	2559983621
202826	1272	2560132655
202828	1716	2560511034
202842	620	2563470113
202847	1711	2564462940
202848	1735	2564491366
202851	1721	2565253320
202855	1767	2569808900
202856	1741	2569972193
202857	1709	2570112605
202864	1666	2571188763
202871	1693	2572925627
202878	1703	2574766869
202886	1673	2577031447
202896	1710	2580318521
202911	1724	2582812033
202912	1727	2583485604
202917	1782	2584757595
202925	1757	2589156007
202941	1761	2592608470
202960	1713	2594848871
202976	1714	2597332372
202979	1705	2599438836
202984	1573	2601507999
203005	1731	2609274554
203006	1727	2609524350
203033	1726	2618155115
203043	1712	2620608637
203064	1703	2630453843
203065	1721	2630880651
203076	1784	2634164011
203091	1286	2636864298
203094	1684	2637644000
203108	1791	2641655093
203116	1711	2643564312
203126	1713	2646129126
203127	1747	2646577500
203134	1756	2649500428
203137	1734	2650372476
203142	1714	2651299091
203161	1685	2655282996
203169	1696	2656599466
203178	1742	2658336600
203185	1786	2660918387
203206	1747	2669386784
203212	1761	2670182609
203216	1703	2671321372
203217	1746	2671481740
203231	1751	2676231313
203246	1716	2679532835
203259	1643	2682114451
203269	1709	2684145981
203272	1696	2684476690
203282	1695	2686168958
203283	1701	2686328261
203307	1679	2691146386
203319	1664	2694711323
203325	1723	2695964545
203330	1675	2697019450
203334	1728	2698743259
203342	1683	2701691534
203345	1700	2702266056
203349	1690	2703575978
203350	1658	2703707445
203353	1700	2704100647
203364	1674	2706969526
203370	1767	2708518894
203373	1741	2711083812
203387	1685	2715342456
203391	1750	2716186581
203393	1634	2716593714
203394	1698	2716663652
203397	1676	2717500897
203411	1125	2721514290
203433	1720	2726951290
203436	1703	2727704677
203445	1702	2734184584
203446	1734	2734586602
203447	1723	2734968526
203452	1732	2736171562
203468	1654	2739742954
203474	1686	2741214231
203493	1707	2745059369
203494	1744	2745113628
203496	1750	2746296391
203508	1685	2752758896
203512	1686	2753993017
203526	869	2759544682
203538	1738	2763307178
203578	1703	2777908280
203581	1703	2778504072
203591	1727	2781624885
203595	1706	2782654948
203600	1723	2783602692
203616	1751	2787934433
203618	1716	2788654225
203620	1687	2788981876
203626	1752	2791946165
203627	1746	2791973772
203631	1648	2792993107
203634	1717	2793284581
203640	1705	2794634401
203642	1721	2795768920
203646	1725	2796580702
203656	1720	2798617204
203673	1692	2801551319
203681	1740	2803525691
203685	1759	2804301210
203687	1735	2805127483
203693	1728	2806542095
203700	1693	2809441999
203710	1709	2813767513
203718	1678	2817029178
203723	1736	2818069536
203724	1731	2818897506
203731	1716	2821187924
203743	1703	2824167529
203746	1702	2824973595
203747	1700	2825013497
203750	1716	2825414257
203753	1693	2826557504
203760	1739	2828998385
203761	1690	2829275649
203763	1748	2829687791
203764	1698	2829895212
203766	1744	2832006548
203772	1742	2833334856
203777	1753	2836164259
203779	1739	2836225062
203788	1700	2838650967
203790	1692	2838868722
203796	1734	2839565795
203801	1617	2841027905
203810	1746	2842900821
203813	1749	2843795654
203815	1737	2843853771
203817	1727	2843974201
203819	1642	2844312099
203826	1683	2845918946
203832	1712	2847588098
203840	1705	2848946518
203843	1722	2849407602
203844	1676	2849603680
203845	1712	2849781503
203847	1748	2850087793
203854	1693	2854676321
203864	1706	2856388821
203866	1733	2856591372
203882	1742	2859349012
203894	1712	2861227256
203908	1766	2864021722
203911	1711	2864726900
203920	1726	2867959925
203923	1690	2869183690
203940	1744	2874345914
203941	1705	2874886386
203952	1722	2876639172
203956	1704	2878159452
203964	1699	2879618315
203975	1689	2881203485
203976	1741	2881224314
203987	1704	2882745420
203990	1696	2883659557
203991	1721	2884282382
203992	1743	2884319118
203998	1766	2886359300
204008	1706	2889034517
204009	1727	2889084592
204013	1719	2889603217
204026	1717	2894175115
204028	1667	2894352676
204029	1460	2894425421
204036	1697	2896346917
204042	1701	2898057416
204050	1742	2900515308
204052	1691	2901001227
204053	1710	2901014201
204055	1664	2901509885
204056	1747	2902129833
204058	1764	2902573219
204067	1680	2904381230
204079	1675	2906910148
204097	1647	2915042378
204100	1730	2916291575
204101	1699	2916529694
204110	1639	2918927696
204124	1689	2924092725
204134	1742	2927293798
204140	1650	2928782487
204141	1760	2929248483
204152	1708	2931781613
204154	1676	2932081182
204158	1735	2935347425
204174	1700	2940039594
204186	1737	2942898129
204192	1701	2943635641
204209	1683	2949136312
204213	1698	2949906334
204217	1676	2950511284
204243	1697	2958140665
204251	1745	2960136949
204255	1731	2960509652
204256	1710	2960721541
204268	1747	2963325584
204315	1644	2976811455
204324	1710	2978965024
204330	1697	2981477136
204333	1737	2982148297
204345	1716	2986061793
204357	1670	2987494581
204361	1723	2988853089
204366	1765	2990962567
204367	1645	2991226425
204370	1717	2992672542
204372	1758	2993617001
204374	1662	2994809518
204384	1723	2999489818
204392	1760	3001432789
204393	1654	3002127107
204401	1757	3004461482
204419	1706	3007771832
204427	1739	3008410847
204445	1737	3012806279
204448	1679	3012933420
204464	1710	3018330565
204486	1673	3023352844
204487	1696	3023746221
204492	1716	3024214570
204494	1707	3024709738
204500	1691	3025511359
204506	1720	3027447508
204509	1766	3028340474
204510	1742	3028378247
204522	1688	3031456550
204526	1744	3033181459
204557	1684	3040363322
204558	958	3040555939
204563	1692	3040901859
204565	1672	3041510699
204571	1660	3043057143
204578	1696	3044363729
204581	1722	3045106596
204587	1743	3046203825
204597	1476	3049109307
204624	1722	3055414323
204626	1763	3055477692
204633	941	3056561691
204645	1760	3061318817
204659	1740	3064400267
204673	1686	3067918501
204674	1693	3068355593
204678	1680	3068885003
204685	1683	3070521449
204699	1694	3075754105
204700	1746	3076031434
204701	1761	3076149272
204712	1662	3082588151
204722	1750	3086409587
204744	1727	3089420869
204749	1709	3090680119
204757	1743	3093721896
204758	1732	3093737255
204768	1723	3095894701
204775	1747	3099731853
204796	1678	3104771373
204799	1706	3105728183
204808	1731	3108124620
204814	1707	3109849643
204822	1699	3111403854
204834	1733	3113438088
204842	1687	3115394385
204849	1695	3117055311
204852	1746	3117380499
204862	1701	3121798334
204896	1677	3129422793
204903	1676	3130313424
204904	1707	3130460577
204912	1691	3132290465
204916	1720	3134588008
204920	1694	3135954150
204925	1714	3137119296
204928	1721	3138005422
204945	1720	3143205500
204966	1753	3148774131
204970	1669	3149529175
204977	1717	3150405328
204985	1750	3152494917
204986	1727	3153152520
204996	1640	3155108811
205002	1709	3156154547
205004	1711	3156917391
205007	1676	3157254776
205014	1767	3158752242
205027	1721	3163293353
205031	1704	3164793650
205037	1704	3166564230
205042	1699	3167567715
205046	1705	3168274348
205053	1647	3170141322
205067	1707	3174115732
205072	1724	3175525216
205086	1696	3182160463
205096	1705	3184080962
205097	1694	3184151574
205101	1659	3184508079
205103	1697	3184910771
205108	1697	3185387213
205123	1732	3188791228
205124	1714	3189049706
205135	1665	3191015705
205145	1722	3193736140
205164	1695	3197505908
205182	1689	3203126910
205183	1701	3203564928
205185	723	3204010793
205195	1732	3206235119
205199	1684	3207248409
205201	1687	3207636299
205212	1740	3209982619
205216	1745	3210448462
205233	1703	3214287815
205239	1718	3215728623
205261	1688	3220485071
205266	1683	3222125948
205269	1733	3223142388
205274	1640	3224564250
205276	1705	3224873750
205284	1761	3228458843
205285	1671	3228556920
205292	1668	3230698031
205294	1706	3230947724
205302	1696	3232239262
205303	1717	3233495451
205308	1737	3234656437
205319	1731	3237759893
205322	1652	3239189531
205325	1675	3239438224
205344	1732	3245079242
205356	1753	3247633563
205363	1735	3248507393
205364	1729	3248514791
205366	1695	3248742166
205374	1768	3251457751
205378	1711	3251945658
205394	1715	3256348224
205395	1214	3256384371
205396	1706	3256661198
205398	1753	3257493330
205400	1688	3258015367
205401	1714	3258465827
205403	1739	3258799871
205406	1783	3259475849
205422	1737	3264234826
205438	1741	3266813517
205439	1668	3267623891
205442	1693	3268121459
205450	1707	3269793459
205459	1720	3271726123
205462	1714	3272694870
205468	1726	3274166617
205469	1741	3274404989
205470	1687	3274499523
205471	1727	3274545045
205495	1669	3278686268
205498	1699	3279717104
205502	1694	3280327149
205503	1715	3280509486
205505	1718	3280741349
205513	1728	3284901178
205514	1691	3284935463
205523	1678	3286535667
205525	1700	3286983018
205526	1713	3287083869
205532	1720	3290000428
205538	1698	3291164465
205540	1685	3291565493
205543	1717	3291890684
205548	1701	3292704584
205560	1729	3294935369
205570	1684	3298855213
205575	1715	3300035186
205598	1708	3307267949
205600	1720	3307463800
205605	1700	3308288607
205609	1706	3309406332
205611	1670	3309957345
205612	1692	3309978720
205641	1731	3318006345
205644	1697	3318174561
205678	1715	3326516723
205706	1702	3334428266
205708	1667	3334880477
205718	1661	3336564012
205734	1632	3341880469
205736	1665	3342281268
205739	1692	3342789847
205746	1755	3343927270
205748	1739	3344105536
205754	1709	3347510859
205756	1720	3347546251
205766	1065	3348791256
205770	1719	3349946840
205778	1715	3351720071
205780	1681	3351776563
205782	1712	3352077548
205793	1724	3354439597
205794	1734	3354534164
205804	1752	3356625835
205807	1720	3357125505
205810	1693	3357873425
205816	1654	3360552806
205821	1754	3361213463
205831	1746	3365090373
205839	1657	3368716520
205841	1699	3369085120
205844	1652	3369578871
205850	1728	3371130575
205860	1703	3374563825
205861	1674	3374728541
205867	1687	3377172401
205871	1699	3378346778
205872	1755	3378732650
205885	1707	3380806391
205891	1720	3382311605
205908	1704	3390509105
205910	1682	3391095993
205916	1684	3393294388
205931	1667	3395745158
205935	1717	3397278529
205937	1742	3397597675
205943	1666	3399757430
205954	1728	3403208510
205958	1704	3404138109
205959	1672	3404174638
205968	1708	3405208847
205972	1701	3406428731
205974	1747	3408930469
205979	1692	3410210189
205991	1474	3413903423
206000	1720	3416543866
206002	1766	3417839193
206012	1739	3420032775
206019	1660	3420599378
206025	1695	3422346574
206026	1669	3422550458
206027	1695	3422607074
206040	1259	3424238247
206046	1673	3428738955
206048	1734	3429143573
206063	836	3433431801
206068	1695	3434972927
206084	1681	3437972069
206085	1730	3437997325
206086	1676	3438287869
206101	1742	3442110033
206105	1633	3444305565
206121	1678	3449535705
206130	1766	3452178758
206150	912	3456479607
206151	1753	3456523312
206154	1727	3458137778
206178	1782	3465378621
206182	1756	3466218662
206201	1742	3472949710
206208	1677	3474539904
206217	1647	3477912701
206220	1689	3479077256
206223	1338	3480137012
206229	1752	3481439892
206251	1738	3488222751
206268	1726	3492835531
206277	1719	3494181462
206284	1725	3497468826
206286	1734	3497904134
206288	1661	3498245694
206292	1719	3499234387
206295	1746	3499588701
206305	1719	3501571628
206313	1680	3504047303
206319	1705	3507176932
206322	1736	3507541433
206327	1703	3510630378
206328	1691	3511110032
206336	1694	3514500907
206350	1734	3518094773
206373	1702	3524850366
206382	1657	3530199912
206388	1692	3531700417
206394	1769	3533696831
206397	1728	3534139958
206404	1734	3536304597
206415	1723	3540003609
206419	1743	3541666066
206435	1784	3545507854
206441	1682	3547380651
206449	1733	3549880475
206450	1720	3551306999
206469	1730	3557614360
206471	1690	3558577939
206487	1685	3561850925
206516	1698	3568212922
206518	1742	3568908574
206526	1704	3570004104
206531	1678	3574448369
206561	1665	3583885776
206562	1695	3584002143
206579	1754	3587409975
206586	1681	3588415720
206588	1741	3589347315
206591	1713	3589765376
206611	1687	3597203163
206617	1716	3598610877
206619	1740	3598902349
206625	1724	3601124601
206634	1708	3602209608
206635	1714	3602295939
206639	1729	3603427108
206643	1757	3603934035
206646	1720	3604191758
206652	1680	3606522618
206655	1730	3607210983
206662	1714	3609097271
206669	806	3614942885
206670	1710	3615022225
206675	1680	3617047920
206676	1721	3617197857
206680	1717	3617890852
206682	1693	3618507087
206693	1693	3620483842
206697	1716	3621467427
206709	972	3624293239
206722	1673	3627254280
206727	1707	3628525277
206731	1744	3629537453
206734	1721	3630475060
206740	1715	3634095334
206741	1734	3634604809
206743	1730	3635254962
206744	1675	3635416087
206749	1767	3637140862
206750	1683	3637193080
206764	1684	3642023083
206766	1761	3642156463
206775	1707	3643496912
206776	1723	3643499328
206778	1718	3643659173
206780	1703	3644068636
206783	1709	3644761747
206788	1725	3645485719
206789	1697	3645968126
206796	1701	3647631625
206801	1703	3648520782
206808	1753	3649798477
206811	804	3650908254
206813	1696	3651049834
206821	1718	3655562932
206823	1762	3655806813
206828	1682	3658357211
206842	1730	3662568284
206851	1710	3664052650
206865	1709	3667094489
206877	1696	3670708590
206888	1695	3676035936
206898	1649	3677560544
206906	1726	3679882015
206907	1673	3680110152
206912	1756	3681022861
206913	1713	3681056921
206917	1697	3681339923
206918	1673	3681884126
206919	1701	3682039541
206921	1764	3682786415
206923	1724	3683193886
206928	1692	3684838662
206935	1743	3686895437
206936	1676	3687648808
206937	1711	3688378097
206945	1733	3690561504
206948	1668	3691381480
206952	1689	3692135207
206953	1740	3694667175
206955	1715	3694786228
206958	1709	3695335090
206963	1679	3696691406
206977	635	3699912138
207000	1719	3706046602
207002	1680	3706321464
207004	1680	3706983263
207025	1737	3713126653
207040	1721	3718987963
207056	1689	3721955412
207064	1723	3722928756
207065	1708	3722985322
207066	1685	3723027306
207067	1688	3723120555
207074	1708	3725723931
207077	1734	3726431521
207078	1716	3726545306
207083	1732	3727187697
207088	1688	3727625614
207091	1738	3728128268
207097	1727	3730020935
207114	1746	3734671222
207116	1662	3737566220
207117	1725	3737702181
207120	1644	3738185146
207121	1593	3738245558
207127	1658	3739306958
207136	1679	3740835464
207148	1751	3743322825
207163	1736	3746370603
207171	1776	3749700627
207178	1712	3750669791
207182	1676	3751861196
207189	1692	3752583233
207191	1538	3753890712
207198	1721	3754582886
207206	1752	3757813376
207207	1659	3758333280
207209	1721	3758537121
207214	1724	3761234799
207217	1747	3761727319
207225	1750	3763184652
207230	1729	3765636407
207235	1691	3766310006
207238	1697	3767627237
207248	1692	3770595580
207249	1727	3771289891
207252	1740	3772715397
207255	1660	3773077550
207259	1693	3774134179
207263	1691	3775227762
207281	1734	3782540995
207282	1700	3782884599
207291	1701	3784033647
207301	1663	3785682336
207311	1483	3788620729
207317	1675	3790123837
207330	1710	3795128276
207331	1742	3795197639
207334	1717	3795886064
207336	1737	3796042399
207339	1705	3796654439
207345	1723	3799811407
207355	1727	3802520818
207357	1700	3802697113
207362	1690	3803957695
207364	1723	3804283426
207392	1702	3811218052
207423	1172	3821256046
207426	1695	3822154345
207428	1733	3822588005
207443	1684	3826560830
207451	1706	3827675825
207461	1730	3829539254
207472	1699	3833714183
207488	1689	3837349967
207494	1654	3838422797
207495	1676	3838452898
207504	985	3843265720
207510	1674	3844224599
207528	1671	3850265396
207555	1641	3857251316
207559	1660	3858024927
207568	1716	3862398934
207576	1724	3865442324
207596	1732	3869162999
207597	1719	3870473955
207604	1740	3873004419
207606	1673	3873382674
207613	1678	3875591852
207615	1658	3875849669
207618	1657	3876504470
207634	1746	3879778397
207638	1674	3882847894
207646	1701	3884835578
207658	637	3888053334
207662	1663	3889553049
207683	1717	3894972695
207712	1685	3903353218
207729	1722	3908982903
207752	1756	3914934777
207758	1737	3917958663
207761	1740	3918414064
207762	1771	3919120929
207772	1665	3923648264
207780	1716	3925723175
207787	1745	3928200214
207791	1666	3928723539
207800	1349	3931042160
207803	1706	3932056379
207809	1673	3933759559
207810	1353	3933843677
207841	1685	3945374627
207843	1761	3945729979
207846	1700	3946157785
207857	1593	3948691771
207873	1745	3953891946
207876	1750	3954300771
207895	1717	3959278072
207900	1695	3960146442
207922	1688	3966280151
207935	1675	3969998870
207937	1679	3970432462
207953	1701	3973846190
207955	1718	3973963819
207959	1742	3974860428
207983	1684	3979682850
207995	1720	3985251150
207996	1719	3986118457
207997	1656	3986197548
208003	1709	3987916954
208016	1698	3990703287
208020	1677	3991965756
208027	1708	3993772667
208038	1684	3996790298
208051	1671	4000042546
208061	1742	4002491309
208064	1683	4005224709
208068	1701	4006651123
208070	1690	4007387123
208073	1691	4008708640
208082	1760	4010680082
208085	1720	4010964343
208097	1707	4016386341
208098	1671	4017318247
208106	1659	4019559274
208113	1679	4021993972
208119	1719	4023212786
208123	1720	4025986864
208127	1765	4027956974
208130	1710	4029069041
208132	1715	4029430281
208137	1764	4030495517
208158	1681	4038653150
208160	1655	4039526931
208163	1756	4039770357
208166	1680	4040126204
208169	1646	4040516036
208170	1701	4040530237
208183	1745	4043176412
208188	1689	4045982391
208192	1750	4047667877
208203	1745	4049691825
208215	1729	4054126526
208231	1694	4057757638
208240	1708	4059710552
208241	1684	4060000642
208246	1728	4061896720
208248	1736	4062345654
208252	1714	4062610800
208253	1725	4062773794
208258	1655	4066141336
208269	1718	4068758560
208279	1668	4071531602
208287	1776	4074161132
208292	1674	4075003415
208299	1718	4077209569
208312	1720	4082243739
208318	1702	4086567777
208331	1690	4091466374
208332	1681	4091915892
208339	1724	4093211532
208347	1670	4095376608
208364	1725	4100572429
208370	1698	4103269150
208376	1756	4106815784
208387	1729	4110487462
208402	1732	4113897538
208404	1722	4114214426
208417	1708	4117300530
208418	1712	4117481001
208430	1718	4119823556
208436	1728	4120679176
208439	1749	4122579707
208465	1702	4131215322
208488	1702	4137788966
208490	1727	4138329514
208494	1789	4138726670
208495	1710	4139010738
208498	1700	4140371826
208499	1703	4140861323
208502	1685	4142027720
208525	1696	4149503725
208528	1714	4149972063
208553	1718	4157028082
208556	1727	4157754762
208575	1737	4162733686
208584	1686	4164435425
208591	1723	4167994548
208619	1710	4173088495
208621	1677	4173630432
208627	1682	4175222213
208628	1736	4175448952
208639	1713	4178237831
208643	1697	4178750688
208668	1687	4188110314
208670	1696	4188872294
208671	1658	4189447386
208672	1708	4189508920
208673	1730	4189980809
208686	1718	4194166114
208690	1727	4195150204
208694	1663	4196370142
208726	1760	4206285531
208728	1680	4206801801
208730	1639	4206939753
208741	1731	4211570804
208747	1674	4213337476
208755	1659	4215811325
208782	1672	4223820338
208793	1639	4225753349
208802	1680	4229526476
208803	1700	4230340766
208807	1693	4231407086
208818	1706	4235067428
208826	1723	4236644484
208830	1696	4237276101
208832	1689	4238271963
208844	1679	4242548125
208857	1761	4245206222
208860	1733	4247283790
208868	1750	4251440983
208873	1710	4253305686
208876	1707	4253731026
208884	1691	4256164225
208886	1694	4256419327
208895	1681	4259753830
208896	1755	4259792762
208925	1705	4267585203
208932	1728	4271496995
208934	1698	4272087672
208940	1709	4272885207
208943	1742	4273331496
208945	1750	4274160284
208947	1687	4275598909
208956	1743	4278265543
208957	1668	4278886656
208969	1707	4280996556
208975	1661	4282792045
208991	1751	4285816033
209001	1698	4287732663
209010	1709	4291060131
209015	1686	4292129194
209018	1725	4292304034
209041	1758	4590624
209047	1756	6888570
209057	1685	9074929
209062	1761	9649729
209064	1745	9781805
209077	1708	14214777
209080	1737	14718422
209085	1665	15307411
209094	1689	19295311
209102	1719	19970115
209106	1745	20768334
209118	1765	23870787
209124	1725	25599509
209136	1714	28964603
209139	1726	29162858
209148	1708	32454279
209158	1710	35639060
209165	1727	38758351
209172	1730	40311297
209177	1736	41509368
209190	1757	44987755
209193	1733	45198326
209199	1711	46826357
209201	1701	46923032
209205	1714	48861153
209207	1725	48915795
209208	1666	49010556
209220	1759	52016970
209231	1687	55758905
209247	1666	63062877
209248	1685	63093362
209250	1681	63732355
209254	1707	64374578
209274	1709	68853244
209277	1670	70048080
209287	1750	72861426
209288	1706	73000973
209299	1720	76544296
209320	1701	85883623
209322	1611	86178990
209330	1731	88546938
209333	1663	89561621
209354	1760	93683989
209355	634	94599322
209359	1715	95304005
209362	1700	96583603
209375	1762	101203673
209381	1686	103016076
209393	1748	107223241
209397	1738	108436847
209419	1726	114184868
209423	1720	114670152
209427	1654	116027040
209432	1703	116913180
209434	1720	117211139
209435	1713	117234999
209442	1692	119967576
209452	1724	122770256
209454	1700	123878678
209465	1726	128379945
209467	1692	130234785
209468	1708	130534623
209474	1710	132022723
209475	1717	132051742
209481	1695	133485377
209482	1154	134108063
209495	1696	137047270
209531	1696	147512207
209542	1745	150486522
209549	1687	152549390
209558	1719	154128197
209568	1735	155796942
209572	1699	156849012
209573	1743	157219675
209576	1693	157618842
209587	1722	162859245
209598	1696	167746114
209604	1712	169315614
209605	1661	169599170
209625	1688	172957519
209631	1738	174305975
209642	1716	176770343
209649	1728	178371905
209652	1690	178946216
209666	1778	184856174
209674	1681	186609937
209685	1758	189823907
209694	1746	191799566
209700	1737	192785205
209710	1703	196116098
209711	1682	196336383
209715	1743	197280644
209734	1733	203162725
209751	1669	210346304
209757	1661	211998344
209762	1252	212834235
209780	1722	217197517
209786	1741	218731264
209789	1725	219186577
209792	1697	222413055
209801	1706	223705129
209818	1674	229331294
209819	1724	229416526
209820	1736	229583797
209822	1662	229771185
209828	1726	231014224
209832	1683	232949294
209833	1678	233280858
209852	1709	237092921
209858	1700	238760451
209866	1723	242400076
209867	1678	242505445
209869	1690	242916084
209871	1647	243371261
209872	1729	243521936
209887	1728	247546938
209892	1697	250386462
209910	1633	254193202
209918	1685	255607355
209919	1702	255692976
209923	1755	258005076
209924	1702	258100136
209926	1747	258305416
209927	1719	258757895
209928	1767	258967156
209931	1739	259295672
209933	1705	260472564
209941	1709	264935188
209955	1712	270070212
209956	1710	270544059
209967	1737	272399465
209989	1710	279662201
209999	1707	284455479
210002	1717	286889315
210008	1689	287652701
210010	1701	288052702
210030	1662	292746312
210034	1754	294431282
210035	1718	294525071
210046	1711	297406508
210065	1714	304019116
210071	1741	305185301
210084	1758	308000409
210086	1656	308318968
210092	1724	310243073
210104	1715	312663705
210117	1695	315595083
210122	1722	316346103
210124	1682	316823717
210125	1734	317106527
210137	1725	319766346
210141	1731	320324455
210165	1700	328904688
210168	1684	329393346
210180	1729	331506569
210182	1607	331972601
210196	1668	335013731
210199	1733	336128551
210210	1712	338835776
210215	1705	339827169
210219	1723	340577519
210224	1692	341744301
210237	1699	346344757
210242	1688	348007260
210249	1692	351294714
210251	1701	352088512
210268	1669	358207571
210270	1742	358986345
210276	1764	360969546
210290	1691	365615250
210294	1678	366444404
210313	1717	371698893
210317	1744	372703514
210321	1680	373675119
210326	1762	374699941
210335	1716	376763039
210341	1736	378361532
210344	1704	378882142
210348	1694	380949530
210355	1714	382975431
210368	1691	388224748
210373	1736	388735512
210379	1703	390088322
210387	1703	393223535
210390	1692	394297621
210398	1682	395294081
210431	1723	400274340
210436	1721	401341522
210443	1651	403825306
210445	1741	404100426
210458	1702	410466217
210466	1750	413724191
210473	1740	416048659
210475	1688	416884727
210487	1705	418941148
210488	1741	419089629
210507	1690	426912458
210513	1732	428941084
210517	1743	430032776
210535	1691	433087539
210543	1723	435624216
210545	1726	436033359
210552	1668	438341846
210553	1680	438590787
210559	1778	440081181
210562	1763	440436147
210568	1735	441591132
210569	1760	441844156
210572	1705	442899738
210574	1703	443178067
210583	1666	447696331
210598	1714	451267052
210600	1765	451746694
210615	1628	456447283
210618	1705	457600857
210628	1661	460441259
210634	1475	461448852
210646	1714	464588518
210649	1623	465241092
210659	1727	468774461
210664	1698	469357235
210665	1706	469646416
210669	1758	471341802
210691	1704	477968687
210699	1682	480435128
210702	1704	481237569
210704	1740	482174908
210737	1722	494619929
210746	1684	497134312
210751	1681	498591093
210763	1715	502618865
210764	1697	503184151
210765	1687	503549428
210773	1732	505872994
210784	854	511185889
210798	1669	515386884
210813	1699	519748620
210826	1728	523280845
210828	1714	523992533
210835	1675	525484721
210838	1709	525849837
210840	1698	526210830
210844	1735	529489294
210849	1705	530253035
210859	1728	532255697
210860	1735	532959858
210875	1767	537780475
210883	1754	540448703
210890	1773	544093326
210894	1727	544938544
210914	1774	552205162
210917	1740	553475830
210922	1658	554659781
210936	1701	558114095
210937	1625	559048415
210941	1689	560041544
210956	1673	564192899
210984	1697	573066647
210992	1713	576039429
211007	1706	581374636
211016	1721	584191770
211017	1669	585057533
211025	1697	591018462
211045	1711	596762945
211085	1737	606892040
211088	1731	607729595
211113	1662	616089749
211132	1690	622301573
211137	1704	622920071
211151	1747	625111714
211164	1750	631555997
211170	1684	633024229
211174	1669	634486635
211176	1679	634859438
211189	1737	638118936
211191	1652	638513146
211195	1674	640677078
211200	1628	641506718
211206	1679	643026108
211222	1747	648973988
211226	1723	652057814
211240	1684	657027797
211241	1708	657074430
211253	1691	660563779
211258	1714	662293186
211261	1704	662726959
211265	1659	663673676
211286	1766	669317662
211289	1727	669473121
211293	1685	671677475
211300	1729	673700099
211301	1671	673741568
211317	1641	676696735
211318	883	676797958
211333	1709	682331724
211336	1717	683290324
211338	1711	683582760
211339	1728	683591967
211345	1710	685941077
211351	1677	689123702
211360	1726	693007519
211368	1690	695104054
211381	1716	699452114
211383	1738	699780145
211388	1709	701497950
211395	1703	704138647
211409	1737	709404984
211412	1703	709935131
211417	1732	710811822
211430	1727	716953196
211434	1647	718934855
211436	1708	719506380
211455	1744	723817919
211477	1735	730929983
211489	1707	736652577
211495	1723	738873070
211510	1762	743304033
211512	1733	744430863
211514	1697	745082531
211517	1744	746383397
211520	1687	747274330
211521	1725	747853642
211532	1690	754415557
211542	1712	757033638
211547	1715	758838948
211559	1693	761273950
211562	1703	762103507
211566	1707	762662150
211598	1663	770175826
211603	1696	771606517
211606	1724	774710884
211610	1671	777207514
211632	1677	782646492
211641	1744	784850194
211652	1728	788370005
211655	1680	789094819
211671	1709	795561261
211717	1680	807208483
211722	1665	808475979
211725	849	810511493
211728	1696	811528533
211733	1690	812921716
211749	1661	819754396
211752	1691	820461963
211754	1751	820812399
211758	1690	821853062
211765	1719	822806062
211768	1650	823165009
211772	1721	824934826
211776	1701	826177340
211781	1755	827395760
211783	1708	827637894
211803	1675	835799006
211805	1746	836812715
211807	1717	837594528
211815	1748	839383436
211816	1780	839511298
211827	1724	842826049
211837	647	845576209
211858	1674	853033787
211865	1731	857666079
211891	1654	862441500
211908	1008	866807137
211921	1744	870335321
211932	1715	872835094
211940	1720	877953258
211942	1753	878359838
211945	1711	879884538
211953	1674	882142105
211965	1694	885911019
211975	1663	888014807
211978	1735	888468341
211979	1681	888867662
211988	1718	891152070
211996	1696	893496455
211998	1736	894134937
212000	1714	896302624
212005	1718	898527010
212019	1700	901061339
212030	1713	903908514
212053	1748	907848739
212065	1702	912571399
212080	1255	917470839
212083	1716	918701568
212086	1665	919453320
212089	1696	920617448
212091	1695	920991141
212107	1725	924531980
212118	1706	927406740
212130	1730	930200333
212140	1658	933867637
212168	1766	942947203
212170	1651	943093853
212178	1746	944466891
212188	1706	947096424
212217	1718	953537446
212221	1744	956601744
212222	1733	958796803
212230	1670	961796194
212242	1738	965778557
212243	1731	965867894
212291	1757	979288186
212314	1688	986004907
212317	1690	986992462
212318	1744	987423688
212339	1689	992071694
212344	1701	992888806
212345	1687	993023272
212358	1671	995489990
212364	1713	998492819
212365	1659	998618077
212372	1684	1000656162
212380	1669	1004137839
212392	1676	1008742124
212393	1703	1008849965
212397	1744	1009869018
212401	1750	1011018054
212410	1731	1012672879
212417	1716	1014353384
212425	1724	1015098436
212431	1682	1018881947
212447	1741	1022134630
212468	1749	1026140941
212473	1718	1027545148
212475	1735	1028405778
212476	1663	1028881646
212479	1732	1029056287
212484	1690	1030406531
212486	1724	1030452074
212496	1741	1031892875
212514	1702	1035379580
212521	1714	1036289632
212524	1688	1036891520
212525	1705	1037355919
212533	1739	1041448284
212537	1718	1042201482
212546	1697	1044396327
212552	1692	1045926806
212568	1733	1049844408
212574	1670	1051406055
212576	1700	1051937433
212577	1718	1052028139
212595	1744	1056671034
212602	1723	1057955552
212604	1670	1060518735
212606	1757	1060692522
212617	1693	1063223870
212631	1740	1066355696
212641	1699	1068794695
212643	1682	1069180502
212649	1735	1070076079
212655	1745	1071939432
212659	1714	1074351513
212676	1709	1078072558
212682	1712	1081650678
212684	1694	1082809057
212691	1677	1084468653
212692	1699	1084509619
212694	1673	1084914854
212705	1730	1088832564
212727	1694	1095282201
212770	1746	1110034572
212774	1726	1110768142
212779	1682	1111261208
212782	607	1111983225
212802	1726	1117549756
212803	1669	1117677258
212805	1702	1118115734
212811	1711	1122129927
212834	1725	1129370934
212835	1715	1129733551
212844	1709	1132792766
212848	1675	1135098407
212850	1702	1135515154
212858	1757	1137373700
212864	1752	1139355826
212866	1669	1142071461
212870	1753	1143251818
212876	1715	1145577894
212880	1737	1147668220
212886	1695	1149138783
212890	1666	1149598557
212895	1740	1150690481
212896	1721	1150734147
212901	1686	1151968188
212915	1688	1157021685
212920	1681	1158080671
212950	1689	1166876105
212955	1752	1167123765
212958	1700	1167706787
212971	1706	1172736217
212988	1741	1177601049
212993	1721	1178474427
212994	1766	1178890175
212998	1754	1181735758
213004	1744	1183234149
213028	1748	1188912524
213035	1727	1190281393
213039	1742	1190817894
213048	1757	1192159620
213057	1464	1194949441
213059	1720	1196204134
213065	1737	1196784162
213083	1712	1200305703
213085	1658	1202702009
213089	1679	1203493178
213115	1737	1211281578
213118	1691	1212433016
213122	1742	1213354173
213127	1689	1214763574
213134	1730	1215051962
213160	1688	1224270200
213163	1726	1226275899
213164	1677	1226464378
213191	1699	1234134140
213192	1692	1234183942
213198	1667	1236636865
213201	1738	1237228659
213203	1701	1237825149
213205	1733	1238708741
213207	1678	1239506764
213216	1729	1245570467
213217	1747	1245895309
213220	1728	1247440687
213222	1748	1247824677
213231	1720	1250604646
213235	1541	1251380386
213238	1753	1253092035
213239	1699	1253213285
213248	1699	1254885065
213265	1693	1258907697
213281	1718	1265926122
213284	1749	1266965543
213287	781	1267332357
213288	1753	1267677016
213300	1700	1273528515
213304	1737	1274170656
213309	1735	1274687930
213310	1710	1275899929
213314	1712	1276568167
213329	1706	1280854437
213330	1706	1281129509
213336	1722	1285037816
213341	1730	1286660893
213348	1740	1288423482
213350	1732	1289053099
213355	1709	1289754766
213368	1666	1292815892
213382	1702	1295425970
213388	1742	1297735541
213392	1726	1298300373
213402	1721	1300128765
213403	1695	1300193752
213411	1750	1304442903
213414	1683	1305724204
213424	960	1308225545
213434	1716	1309798329
213439	1664	1312135874
213443	1695	1312919208
213444	1726	1313524002
213446	1678	1313900484
213447	1768	1314144531
213450	1702	1314975724
213454	1681	1315611477
213467	1707	1319702388
213468	1672	1319740010
213473	1130	1320785822
213476	1747	1321709931
213485	1681	1322744253
213487	1683	1325226742
213497	1715	1327683651
213498	1734	1327954828
213501	1706	1329293250
213503	1670	1330274776
213517	1690	1337747642
213530	1703	1342019770
213535	1711	1343252750
213537	1721	1344289085
213546	1692	1347460669
213548	1695	1347591494
213559	872	1350032814
213565	1696	1350759909
213567	1744	1350935204
213570	1753	1352079744
213573	1709	1353043674
213589	1656	1358057684
213591	1672	1359128509
213595	1229	1359753748
213604	1730	1361770563
213612	1727	1364072965
213613	1736	1366031725
213623	1699	1368660834
213667	1694	1378167529
213675	1715	1378889552
213682	1730	1381516346
213691	1735	1383483345
213692	1744	1383951990
213695	1725	1387098944
213709	1716	1389947961
213712	1779	1390855057
213715	1734	1391787782
213725	1719	1394416942
213734	1690	1396112879
213738	1696	1396496411
213741	1699	1398503560
213754	1745	1401532340
213757	1735	1402952067
213772	1699	1407265370
213777	1692	1407901314
213783	1759	1410432975
213792	1690	1413456358
213796	1726	1413700867
213801	1714	1414822962
213827	1746	1421803737
213828	1672	1422084116
213845	1717	1427801437
213862	1719	1433433939
213867	1701	1433938325
213874	1712	1436910041
213878	1719	1437942472
213879	1686	1438230912
213880	1669	1438675458
213882	1710	1439047370
213892	1720	1441545653
213898	1704	1442479855
213900	1729	1443165001
213902	1685	1444047327
213906	1698	1444768179
213914	1710	1449337916
213924	1713	1452784095
213926	1735	1453511094
213953	1691	1462110484
213960	1733	1463755650
213965	1731	1464930538
213976	1696	1469320097
213985	1712	1471545047
213986	1726	1471627649
214010	1706	1478598316
214016	1698	1479513878
214032	1707	1484841585
214036	1746	1486103515
214037	1694	1487741779
214082	1747	1500272614
214098	1735	1503276358
214101	1737	1503933963
214102	1752	1503939749
214103	1729	1504155146
214123	1679	1511663967
214140	1705	1516574126
214143	1709	1517880234
214144	1651	1518119860
214154	1708	1520444364
214162	1671	1523349338
214165	1674	1523773845
214170	1277	1525005114
214171	1690	1525265518
214173	1756	1525479897
214178	1668	1526201919
214179	1713	1526329910
214188	1675	1529608437
214189	1687	1529983199
214191	1647	1530416055
214195	1741	1530907929
214196	1710	1530915822
214198	1764	1531794984
214200	1697	1532344484
214203	1727	1533058996
214205	1724	1533496130
214207	1721	1533838641
214220	1707	1536684442
214233	1683	1539557725
214243	1701	1541764095
214245	1705	1542169087
214261	1724	1546224832
214274	1710	1550373596
214310	1699	1558649678
214317	1709	1563312583
214328	1741	1565483310
214341	1741	1570383887
214346	1762	1571522341
214350	1747	1572596318
214351	1704	1572620952
214358	1736	1574120715
214363	1715	1574551114
214374	1725	1577596846
214382	1667	1579073878
214386	1720	1580479921
214387	1670	1580500183
214399	1628	1582304004
214414	1655	1586869753
214421	1683	1590641129
214426	880	1591849719
214431	1721	1592717178
214436	1691	1594487302
214440	1716	1594848050
214446	1687	1596587019
214456	1715	1600577462
214459	1671	1602612129
214465	1695	1604480326
214474	1706	1605908112
214478	1689	1606536281
214480	1729	1606866778
214481	1725	1607211341
214487	1177	1607980553
214488	1676	1608446408
214490	1725	1610723569
214500	1743	1613090418
214510	1735	1616665562
214527	1704	1620062978
214537	1704	1623321174
214538	1734	1623585883
214543	1684	1624246588
214546	1723	1624636858
214548	1744	1626050477
214549	1657	1626225235
214551	1764	1626638926
214554	1713	1627241736
214560	1682	1630910434
214568	1739	1634578238
214581	1769	1638445201
214585	1699	1639268425
214587	1703	1639420398
214598	1682	1642227273
214599	1722	1642243968
214606	1731	1643725548
214608	1711	1644552463
214617	1730	1646937983
214638	1701	1654773905
214643	1727	1656092913
214649	1715	1657651096
214654	1733	1659540925
214663	1701	1661607693
214666	1765	1662318982
214669	1694	1662696467
214670	1744	1663082789
214674	1675	1663511354
214682	1665	1667054482
214687	1670	1668544140
214693	1719	1671640184
214704	1761	1672739049
214706	1728	1673326890
214707	1740	1673608039
214715	1674	1676514889
214721	928	1679116425
214732	1745	1682716683
214737	1679	1684526728
214742	1733	1685515338
214756	1741	1688437134
214760	1510	1690174783
214772	1768	1694411549
214779	1758	1696506698
214784	1690	1696954530
214790	1710	1698224062
214801	1769	1701007349
214809	1717	1703052958
214810	1746	1703162420
214821	1732	1705047920
214829	1668	1707029535
214833	1627	1707974319
214834	1681	1708575149
214842	1701	1710328713
214843	1731	1710746251
214850	1697	1715285820
214855	1665	1715587687
214871	1699	1718965178
214877	1717	1722178045
214886	1671	1724713409
214894	1662	1727176509
214895	1744	1727563497
214896	1763	1728026232
214898	1696	1728774704
214901	1712	1729655126
214909	1705	1732956356
214922	1692	1734813829
214925	1674	1735907160
214937	1674	1739686731
214941	1721	1741116497
214945	1693	1742130344
214947	1727	1743249119
214952	1702	1744488976
214962	1727	1745849588
214966	1690	1747509765
214967	1664	1747893845
215007	580	1762575978
215028	1739	1766627715
215038	1746	1769417208
215044	1722	1772294041
215046	1713	1774514345
215057	1764	1776928680
215067	1703	1779867841
215075	1735	1783181607
215086	791	1785816259
215090	1739	1787136442
215096	1691	1788557048
215099	1692	1789347441
215109	1768	1792539499
215144	1756	1801782979
215181	1717	1809411469
215187	1703	1810208802
215190	1758	1811145888
215196	1708	1812286383
215206	1723	1815931563
215207	1743	1816687849
215209	1743	1817083596
215215	1384	1818276333
215216	1746	1818839810
215228	1702	1822669457
215229	1672	1823026442
215230	1723	1823337843
215238	1704	1826264813
215239	1720	1826318519
215240	1672	1826689037
215248	1726	1827262627
215258	1671	1829807668
215273	1707	1837201398
215276	1675	1838000712
215283	1685	1839119804
215300	1732	1842706128
215307	1691	1844562694
215308	1677	1844586816
215309	1673	1845109513
215318	1713	1846889455
215320	1710	1847031493
215333	1749	1851465127
215338	1681	1852527043
215345	699	1856310963
215364	1681	1860639345
215383	1656	1864663816
215393	1633	1865399365
215396	1730	1866100397
215398	1739	1866650536
215400	1731	1866758047
215412	1740	1870665172
215413	1713	1870672119
215422	1697	1872706427
215423	1724	1872958943
215431	1713	1874269721
215440	1762	1878611679
215442	1728	1879707868
215443	1752	1879899073
215455	1693	1883486948
215457	1726	1884241749
215470	1696	1888346414
215481	1652	1892217136
215493	1691	1893721332
215496	1731	1894229733
215504	1720	1895007567
215512	1708	1898620183
215528	1747	1901910463
215543	1695	1905289142
215579	1686	1914282123
215583	1660	1915097448
215586	1784	1915955833
215597	1701	1920327506
215598	1670	1920651838
215606	1682	1922707074
215617	1658	1925581289
215625	1722	1928769404
215639	1705	1932537593
215641	1708	1932663881
215643	1709	1933071887
215646	1666	1933928976
215663	1745	1940080059
215668	1696	1941669645
215680	1739	1945275648
215730	1698	1960639920
215732	1725	1960980492
215735	1711	1961191677
215750	1717	1963787509
215755	1673	1964620883
215756	1718	1964630998
215758	1736	1965564210
215763	1736	1966461748
215769	1658	1967418519
215770	1683	1967426498
215777	1735	1969799499
215800	1698	1976127740
215801	1711	1976353302
215804	1666	1976958260
215807	1753	1979464021
215819	1762	1981382493
215835	1743	1985172251
215839	1703	1987362140
215841	1726	1987490600
215857	1745	1992213383
215862	1729	1993900399
215867	1660	1994905504
215889	1266	2001842827
215898	1643	2004346126
215904	1762	2005911295
215910	1772	2007740238
215916	1723	2009243837
215919	1725	2009916576
215925	1736	2011251192
215926	1705	2011470472
215927	1688	2011556163
215932	1728	2012988215
215935	1674	2014163069
215958	1724	2022959119
215959	846	2023105503
215967	1689	2025875574
215973	1700	2027335996
215986	1746	2029294125
215994	1760	2031564588
215998	1705	2032070569
215999	1704	2032370633
216008	1772	2034719120
216012	1728	2036577593
216013	1694	2036649981
216040	1694	2043831906
216046	1645	2045812649
216058	1765	2048512304
216060	1689	2049371801
216062	1686	2050029506
216066	1686	2051750332
216068	1703	2052017854
216075	1763	2053930532
216082	1706	2056386567
216083	1727	2056520671
216093	1721	2060300331
216097	1701	2063537749
216108	1779	2067524598
216112	1766	2068624864
216120	1723	2070521248
216122	1731	2072020684
216126	1655	2073214604
216153	1737	2081005515
216155	1718	2083049658
216156	1701	2083369990
216171	1703	2087534277
216172	1699	2087561097
216178	1729	2088790858
216182	1758	2089131048
216185	1705	2089778367
216187	1710	2090404407
216188	1679	2090538148
216207	1680	2094555866
216213	1684	2096386564
216214	1731	2096691909
216215	1734	2097089632
216226	1719	2099034045
216231	1694	2100177735
216243	1711	2107312311
216253	1727	2108671296
216259	1678	2109721462
216262	1677	2110650226
216279	1723	2114084857
216287	1710	2116948941
216303	1737	2121312588
216304	1716	2121507565
216307	1765	2122161465
216320	1693	2128078157
216324	1730	2130403355
216329	1728	2131404817
216331	1785	2131541696
216347	1716	2135053875
216373	1690	2141979869
216376	1706	2144877577
216377	1726	2145110296
216381	1706	2146932518
216402	1764	2154261993
216403	1712	2155399081
216415	1716	2157842548
216425	1683	2160361767
216431	1753	2161495469
216438	1714	2165191941
216446	1736	2166703290
216457	1716	2168499013
216460	1712	2169128853
216467	1686	2171150058
216484	1710	2174940135
216487	1507	2175876281
216493	1709	2176789703
216499	714	2180910198
216500	1683	2181285045
216501	1732	2181321037
216524	1682	2189696892
216541	1690	2193806909
216573	1717	2200484689
216578	1780	2201624612
216583	1727	2202523081
216585	1686	2202800981
216595	1714	2206247848
216596	1760	2206335097
216604	1720	2208692686
216606	1680	2208739135
216626	1686	2211852374
216636	1706	2213654435
216637	1720	2213859560
216664	1698	2222776867
216665	1678	2223008486
216682	1747	2228255880
216699	1713	2233818425
216701	1732	2234373003
216704	1702	2234773266
216711	1704	2237125811
216713	1723	2238047174
216715	1735	2238842332
216716	1710	2239835815
216722	1689	2240484756
216732	996	2242829173
216735	1698	2243498715
216756	1704	2249478313
216760	1651	2250406539
216770	1740	2253066822
216773	1740	2253567540
216776	1737	2255117542
216778	1741	2255583424
216793	1678	2259833229
216804	1761	2263507345
216824	1705	2272660160
216829	1660	2273371134
216833	1739	2274640438
216840	1748	2275831887
216848	1723	2278594489
216850	1692	2278807784
216853	1725	2279211540
216856	1690	2279890721
216858	1705	2280684912
216867	1707	2282244697
216870	1678	2283156801
216876	1697	2284378120
216887	1675	2289407488
216888	1664	2289518829
216890	1782	2289890518
216893	1736	2290555533
216903	1720	2293634073
216911	1736	2296309960
216915	1758	2296563564
216932	1696	2299606580
216945	1737	2303304341
216948	1666	2303866731
216952	1734	2304738366
216954	1680	2304886883
216956	1726	2305457966
216963	1741	2308909274
216972	1749	2311535997
216986	1731	2315196526
217009	1724	2320362307
217017	1700	2321774838
217024	1673	2323142283
217027	1677	2323862279
217029	1757	2325446248
217034	1688	2328309632
217063	1731	2336068474
217081	1675	2340915249
217092	1720	2342940474
217094	1685	2343326837
217101	1705	2345010245
217103	1728	2345468143
217104	1707	2346557648
217108	1713	2349898178
217111	1734	2350139811
217122	1731	2352406839
217126	1713	2353364392
217135	1691	2355251200
217164	1709	2364042877
217171	1726	2366789608
217211	1691	2377075791
217213	1695	2378328875
217217	1730	2379635014
217223	1759	2382063822
217226	1651	2382949805
217238	1295	2387226806
217244	1731	2390445767
217248	1755	2390622279
217251	1659	2391879861
217255	1744	2393333336
217264	1736	2394584620
217269	1677	2395842250
217285	1694	2400201390
217288	1705	2401187404
217292	1707	2402890870
217301	1708	2405922153
217308	1713	2408840250
217315	1714	2413081002
217316	1729	2413227690
217319	1682	2414613829
217336	1724	2417941962
217348	1718	2420501909
217367	1716	2424867484
217368	1722	2425205890
217369	1706	2425583395
217373	1681	2429788290
217393	1730	2435506454
217404	1740	2438245902
217413	1713	2441944393
217420	1707	2443813274
217421	1751	2444231979
217424	1766	2445072156
217427	1682	2446393636
217435	1716	2450243484
217436	1689	2450302209
217440	1761	2450919404
217448	1716	2453020077
217467	1743	2457627817
217470	1742	2458531002
217471	1730	2458825716
217479	1499	2462233512
217483	1734	2462696570
217484	1700	2462754452
217487	1696	2463015472
217488	1698	2463635336
217519	1684	2471881595
217520	1744	2472403519
217525	1736	2473521246
217532	1769	2475584890
217536	1749	2476377449
217539	1766	2477133007
217545	1717	2479395642
217557	1737	2482004222
217561	1504	2483487660
217567	1675	2485116436
217568	1721	2485261918
217569	1692	2485456149
217571	1737	2487074804
217579	1753	2490961563
217585	1762	2493107576
217588	1718	2494668482
217589	1702	2494817407
217590	1694	2495351191
217592	1730	2495629417
217598	1713	2497797372
217599	1726	2498073780
217606	1736	2499845533
217608	1730	2499951128
217609	1686	2500686007
217615	1726	2502552098
217640	1688	2508262960
217647	1665	2511366407
217658	1693	2513778135
217660	1706	2514580737
217669	1698	2516411653
217680	1727	2519029963
217683	1669	2520284262
217694	1706	2524976172
217705	1695	2528092195
217721	1716	2533610072
217742	1684	2538058345
217743	1724	2538724305
217749	1724	2541345267
217758	1722	2542535501
217765	1758	2544539563
217767	1689	2545032170
217768	1688	2545294644
217773	1001	2546600158
217794	1722	2554462466
217797	1710	2554593910
217808	1748	2556439338
217809	1715	2556469650
217828	1734	2563894115
217832	1703	2565517942
217857	1731	2574252362
217869	1691	2575888059
217878	1689	2577259118
217881	1732	2577451912
217884	1673	2578094042
217890	1701	2580706233
217893	1737	2581363573
217901	1698	2583866468
217904	1701	2585616130
217944	1722	2597908558
217945	1564	2598197947
217951	1700	2599769589
217953	1737	2602153919
217957	1734	2603781075
217969	1735	2607286801
217972	1751	2608459057
217985	1735	2611061233
217988	1730	2611988325
217989	1687	2613080901
217995	1719	2616553224
218004	1730	2618722662
218009	1748	2619513870
218030	1734	2625206340
218037	1690	2626546949
218044	1701	2628666397
218079	1698	2636241352
218085	1684	2637111159
218087	1770	2637307364
218091	1706	2638069024
218098	1753	2639378298
218100	1718	2640351359
218114	1737	2645276251
218116	1654	2646361838
218120	1709	2647315297
218128	1663	2648381314
218133	1742	2649227596
218137	1684	2649557749
218138	1731	2649681957
218143	1723	2651344212
218160	1717	2656736691
218163	1731	2657446132
218170	1672	2659517380
218177	1740	2660641531
218182	1706	2661529166
218190	1660	2664835388
218196	1748	2665819250
218204	1724	2668046954
218206	1655	2668354579
218211	1740	2670147332
218223	1722	2672399419
218226	1768	2672658769
218231	1705	2673211836
218234	1700	2673493054
218254	1745	2680919063
218256	1662	2681096833
218275	1707	2686843481
218294	1668	2693713544
218303	1730	2699261304
218307	1777	2700299965
218309	1672	2700941388
218312	1702	2701238492
218313	1741	2701554470
218315	1670	2702189226
218317	1683	2703412532
218329	1727	2705196346
218341	1734	2709096381
218348	1706	2710333429
218352	1671	2711784656
218364	1730	2714280674
218397	1696	2724320054
218405	1671	2725421308
218412	1696	2728122618
218427	1731	2731870098
218431	1740	2733524413
218443	1707	2737926704
218444	1762	2738164724
218447	1702	2738709165
218451	1719	2738983689
218455	1657	2741683773
218456	1711	2741827984
218457	1732	2742407859
218474	1725	2746359321
218488	1756	2748669048
218493	892	2749170013
218502	1715	2752106256
218509	1724	2753194136
218516	1739	2755213785
218517	1749	2755896786
218519	1728	2757637981
218538	1725	2762116763
218539	1686	2762423707
218544	1721	2763705525
218547	1714	2764692264
218550	1726	2764991786
218566	1671	2770472855
218578	1660	2773861896
218606	1715	2782533077
218621	1741	2785914731
218625	1703	2787242642
218637	1729	2790196963
218639	1705	2791066222
218642	1716	2791806604
218655	1736	2794452075
218657	1679	2794958147
218662	1738	2798217535
218664	1705	2798419344
218676	1742	2802074453
218677	1629	2802469617
218680	1737	2803475034
218683	1709	2803791221
218690	1679	2806332515
218693	1764	2807316640
218709	1740	2812319183
218739	1692	2821107562
218747	1712	2822761028
218762	1731	2826119378
218775	1695	2831424531
218786	1714	2833916152
218791	1691	2834663114
218794	1757	2835677451
218800	1659	2840160619
218805	1729	2841522205
218824	1740	2845688363
218826	1693	2846048033
218833	1676	2849635431
218848	1669	2854049232
218852	1713	2854602739
218866	1761	2859973990
218870	1769	2861730884
218882	1756	2863668795
218887	1671	2865139380
218891	1731	2866781755
218893	1709	2867352323
218896	1702	2867889797
218920	1754	2875354732
218924	1724	2877038583
218931	1663	2880510139
218932	1724	2880972069
218941	1705	2886649709
218954	1649	2889925121
218967	1656	2892444132
218998	1673	2902617527
219001	1684	2903640735
219005	1499	2904203765
219016	1725	2906102856
219023	1712	2907768868
219027	1718	2908399904
219039	1695	2911615178
219043	1710	2913067218
219044	1755	2913096223
219050	1712	2916501788
219059	1722	2922134118
219060	1740	2922385185
219064	1768	2923179210
219069	1681	2924464532
219081	1686	2927728941
219098	1682	2931565735
219103	1689	2932658603
219113	1741	2935377981
219126	1748	2939013598
219128	1704	2939343320
219131	1709	2942227299
219135	1706	2943549839
219137	1672	2943735385
219142	1707	2945402693
219145	1690	2946177702
219152	1719	2948290437
219158	1718	2950409105
219164	1702	2951308009
219167	1704	2951417826
219169	1666	2951926758
219171	1693	2952676877
219172	1736	2952811561
219174	1719	2953021715
219176	1711	2953287285
219191	1746	2956693895
219195	1668	2957800343
219201	1737	2960040579
219205	1740	2962414217
219210	1707	2963344879
219212	1725	2964075459
219215	1755	2964850707
219222	1743	2966005585
219223	1693	2966104249
219241	1666	2970676509
219242	1712	2971050805
219247	1733	2971909567
219249	1752	2972315830
219253	1678	2973074873
219256	1785	2975546129
219265	1768	2977693965
219266	1696	2977709019
219267	1691	2977770750
219274	1744	2979262275
219284	1714	2983108651
219285	1734	2983174508
219306	1719	2988769228
219307	1627	2989001076
219308	1704	2989029487
219309	1677	2989087174
219310	1653	2989834061
219312	1735	2990351817
219329	1663	2997140112
219330	1679	2997402414
219332	1675	2998300027
219347	1693	3004513158
219352	1770	3006988282
219360	1712	3009794676
219371	1701	3011308861
219373	1656	3012380417
219379	1741	3013190354
219384	1681	3014567448
219389	1674	3016853003
219392	1702	3018306966
219402	1714	3020400570
219405	1744	3020809052
219416	1731	3026058664
219418	1704	3026355475
219421	1745	3026744689
219425	1681	3028133560
219435	1735	3030181209
219439	1740	3030792514
219453	1724	3033058512
219455	1728	3034576600
219469	1749	3038454384
219476	1691	3040215793
219482	1700	3041761863
219483	1742	3042098027
219491	1782	3045129346
219517	1710	3050248703
219519	1651	3050997711
219522	1574	3051701619
219528	1686	3052682895
219565	1734	3065058131
219571	1748	3066474087
219589	1744	3071992431
219602	1687	3076025522
219607	1710	3077539283
219608	1722	3077565188
219619	1712	3083362030
219622	1695	3085422047
219623	1742	3085474433
219636	1727	3087813345
219641	1740	3089481324
219644	1754	3090450861
219645	972	3090547567
219656	1659	3092577443
219669	1754	3096619321
219673	1680	3098055910
219674	1691	3098773939
219683	1684	3100932070
219685	1734	3101153208
219689	1662	3101773390
219697	1746	3103000424
219698	1735	3103341974
219700	1706	3103376280
219712	1739	3108571244
219715	1686	3109053416
219717	1723	3109527116
219743	1668	3115785822
219747	1697	3117667277
219748	1700	3117831153
219749	1730	3117944545
219751	1755	3118289710
219758	1749	3120904536
219759	1707	3121385361
219763	1710	3122694408
219782	1714	3129228190
219788	1732	3130748438
219791	1708	3131968796
219792	1717	3132208292
219796	1637	3133130350
219798	1726	3133847713
219801	1706	3134472429
219813	1747	3136837655
219829	1717	3139702901
219844	1735	3142492062
219848	1691	3142953761
219856	1714	3144068012
219860	1701	3147812769
219864	1715	3148451863
219872	1758	3149618207
219879	1681	3150909183
219885	1725	3152374693
219888	1672	3153702332
219892	1700	3155284068
219895	1665	3156078249
219901	1718	3156960201
219926	1696	3163285086
219937	1737	3167781667
219938	1716	3168188034
219942	1713	3168685537
219950	1697	3170233493
219955	1744	3171591878
219968	1724	3175613662
219980	1677	3179993261
220007	1713	3189857671
220025	1686	3196271431
220026	1712	3197085422
